[2026-09-09 17:16:01][INFO] === Edit-CommandSQL start  mode=APPLY ===
[2026-09-09 17:16:01][INFO] Root=C:\GitHub\SDA\Form-Layout_SDA\2. Sales - AR\5. AR Down Payment Invoice\1. AR Down Payment Invoice_BOM\1.AR Down Payment_ใบเสร็จรับเงินมัดจำ\1.AR Down Payment_BOM ใบเสร็จรับเงินมัดจำ.rpt
[2026-09-09 17:16:01][INFO] Pattern=(?s)\A.*\z
[2026-09-09 17:16:01][INFO] Replacement=-- RPT: 2. Sales - AR\5. AR Down Payment Invoice\1.AR Down Payment_ใบเสร็จรับเงินมัดจำ\1.AR Down Payment_BOM ใบเสร็จรับเงินมัดจำ.rpt
-- SCOPE: main
-- ALIAS: AR_DownPayment
-- FIELDS: 63
-- ---------------------------------------------------------------
WITH ComponentSums AS (
    -- ส่วนคำนวณของใบแจ้งหนี้มัดจำจริง (ODPI)
    SELECT 
        T0.DocEntry,
        (SELECT TOP 1 P.VisOrder 
         FROM DPI1 P 
         WHERE P.DocEntry = T0.DocEntry 
           AND P.VisOrder < T0.VisOrder 
           AND (P.TreeType IN ('S', 'A', 'T') OR EXISTS (SELECT 1 FROM OITT WHERE Code = P.ItemCode)) 
         ORDER BY P.VisOrder DESC) AS Parent_VisOrder,
         T0.PriceBefDi AS CompPriceBefDi,
        CASE WHEN OQ.DocCur = 'THB' THEN T0.LineTotal ELSE T0.TotalFrgn END AS CompLineTotal
    FROM DPI1 T0
    INNER JOIN ODPI OQ ON T0.DocEntry = OQ.DocEntry
    WHERE T0.DocEntry = {?DocKey@}
      AND (
          T0.TreeType IN ('i', 'I') 
          OR (
              ISNULL(T0.TreeType, 'N') = 'N'
              AND EXISTS (
                  SELECT 1 FROM ITT1
                  WHERE Code = T0.ItemCode
                    AND Father = (SELECT TOP 1 P.ItemCode FROM DPI1 P WHERE P.DocEntry = T0.DocEntry AND P.VisOrder < T0.VisOrder AND (P.TreeType IN ('S', 'A', 'T') OR EXISTS (SELECT 1 FROM OITT WHERE Code = P.ItemCode)) ORDER BY P.VisOrder DESC)
              )
          )
      )
),
GroupedParent AS (
    SELECT 
        DocEntry,
        Parent_VisOrder,
        SUM(CompPriceBefDi) AS Sum_PriceBefDi,
        SUM(CompLineTotal) AS Sum_LineTotal
    FROM ComponentSums
    WHERE Parent_VisOrder IS NOT NULL
    GROUP BY DocEntry, Parent_VisOrder
),
ComponentSums_D AS (
    -- ส่วนคำนวณของเอกสารร่าง (ODRF)
    SELECT 
        T0.DocEntry,
        (SELECT TOP 1 P.VisOrder 
         FROM DRF1 P 
         WHERE P.DocEntry = T0.DocEntry 
           AND P.VisOrder < T0.VisOrder 
           AND (P.TreeType IN ('S', 'A', 'T') OR EXISTS (SELECT 1 FROM OITT WHERE Code = P.ItemCode)) 
         ORDER BY P.VisOrder DESC) AS Parent_VisOrder,
         T0.PriceBefDi AS CompPriceBefDi,
        CASE WHEN OQ.DocCur = 'THB' THEN T0.LineTotal ELSE T0.TotalFrgn END AS CompLineTotal
    FROM DRF1 T0
    INNER JOIN ODRF OQ ON T0.DocEntry = OQ.DocEntry
    WHERE T0.DocEntry = {?DocKey@} AND OQ.ObjType = '203'
      AND (
          T0.TreeType IN ('i', 'I') 
          OR (
              ISNULL(T0.TreeType, 'N') = 'N'
              AND EXISTS (
                  SELECT 1 FROM ITT1
                  WHERE Code = T0.ItemCode
                    AND Father = (SELECT TOP 1 P.ItemCode FROM DRF1 P WHERE P.DocEntry = T0.DocEntry AND P.VisOrder < T0.VisOrder AND (P.TreeType IN ('S', 'A', 'T') OR EXISTS (SELECT 1 FROM OITT WHERE Code = P.ItemCode)) ORDER BY P.VisOrder DESC)
              )
          )
      )
),
GroupedParent_D AS (
    SELECT 
        DocEntry,
        Parent_VisOrder,
        SUM(CompPriceBefDi) AS Sum_PriceBefDi,
        SUM(CompLineTotal) AS Sum_LineTotal
    FROM ComponentSums_D
    WHERE Parent_VisOrder IS NOT NULL
    GROUP BY DocEntry, Parent_VisOrder
)

SELECT T0.*
FROM (
-- ========================================================
-- 1.1 item rows of the real document (ODPI)
-- ========================================================
SELECT DISTINCT
    CRD1.Street     AS '1Bill',
    CRD1.State        AS StateB,
    CRD1.StreetNo   AS '2Bill',
    CRD1.Block      AS '3Bill',
    CRD1.City       AS '4Bill',
    CRD1.County     AS '5Bill',
    CRD1.ZipCode    AS '6Bill',
    DPI12.StreetS     AS '1Ship',
    DPI12.StreetNoS   AS '2Ship',
    DPI12.BlockS      AS '3Ship',
    DPI12.CityS       AS '4Ship',
    DPI12.CountyS     AS '5Ship',
    DPI12.ZipCodeS    AS '6Ship',
    
    OCPR.Cellolar AS 'Phone2_Format',
    OCPR.E_MailL,
    OCPR.Name AS 'Coontact',
    
    CASE 
        WHEN BRANCH.Code = '00000' AND ODPI.DocCur = OADM.MainCurncy THEN N'สำนักงานใหญ่'
        WHEN BRANCH.Code = '00000' AND ODPI.DocCur <> OADM.MainCurncy THEN 'Head office'
        WHEN BRANCH.Code <> '00000' AND ODPI.DocCur = OADM.MainCurncy THEN concat(N'สาขาที่' ,' ',BRANCH.Code)
        WHEN BRANCH.Code <> '00000' AND ODPI.DocCur <> OADM.MainCurncy THEN concat('Branch' ,' ',BRANCH.Code)
    END AS 'GLN_H',
    
    CASE 
        WHEN CRD1.GlblLocNum = '00000' AND ODPI.DocCur = OADM.MainCurncy THEN N'(สำนักงานใหญ่)'
        WHEN CRD1.GlblLocNum = '00000' AND ODPI.DocCur <> OADM.MainCurncy THEN '(Head office)'
        WHEN CRD1.GlblLocNum <> '00000' AND ODPI.DocCur = OADM.MainCurncy THEN concat(N'(สาขาที่' ,' ',CRD1.GlblLocNum,')')
        WHEN CRD1.GlblLocNum <> '00000' AND ODPI.DocCur <> OADM.MainCurncy THEN concat('(Branch' ,' ',CRD1.GlblLocNum,')')
        WHEN CRD1.GlblLocNum = '' OR CRD1.GlblLocNum IS NULL THEN ''
    END AS 'GLN_BP',
    
    CASE
        WHEN ODPI.Printed = 'N' AND ODPI.DocCur <> OADM.MainCurncy THEN 'Original'
        WHEN ODPI.Printed = 'N' AND ODPI.DocCur = OADM.MainCurncy THEN N'ต้นฉบับ'
        WHEN ODPI.Printed = 'Y' AND ODPI.DocCur <> OADM.MainCurncy THEN 'Copy'
        WHEN ODPI.Printed = 'Y' AND ODPI.DocCur = OADM.MainCurncy THEN N'สำเนา'
    END AS 'Print Status',
    
    NNM1.BeginStr,
    ODPI.DocEntry,
    ODPI.DocNum,
    ODPI.DocDate,
    ODPI.CardCode,
    DPI1.unitmsr,
    ODPI.NumAtCard,
    
    -- ใช้ DENSE_RANK เพื่อแก้ปัญหาเลขบรรทัดกระโดด
    DENSE_RANK() OVER (ORDER BY DPI1.VisOrder ASC) AS 'No.',
    DPI1.LineNum AS 'Line No.',
    
    ODPI.[Address],
    OCRD.U_SLD_Title,
    OCRD.U_SLD_FullName,
    CRD1.GlblLocNum,
    OCRD.Phone1,
    ISNULL(OCRD.Phone2,'') AS 'Phone2',
    OCRD.Fax,
    ODPI.LicTradNum,
    OCTG.PymntGroup,
    ODPI.DocDueDate,
    DPI1.ItemCode,
    DPI1.Dscription AS 'Dscription',
    DPI1.Quantity,
    ODPI.Comments,
    ODPI.DocCur,

    COALESCE(GPS.Sum_PriceBefDi, DPI1.PriceBefDi) AS 'PriceBefDi',
    
    CASE 
        WHEN DPI1.LineTotal = 0 THEN ISNULL(GPS.Sum_LineTotal, 0)
        WHEN ODPI.DocCur = 'THB' THEN DPI1.LineTotal 
        ELSE DPI1.TotalFrgn 
    END AS 'LineTotal',
    
    CASE WHEN ODPI.DocCur = 'THB' THEN ODPI.VatSum ELSE ODPI.VatSumFC END AS 'VatSum',
    CASE WHEN ODPI.DocCur = 'THB' THEN ODPI.DocTotal ELSE ODPI.DocTotalFC END AS 'DocTotal',
    CASE WHEN ODPI.DocCur = 'THB' THEN ODPI.DpmAmnt ELSE ODPI.DpmAmntFC END AS 'DpmAmnt',
    
    -- กรองลูก BOM ออกจากการรวมยอดทั้งใบ
    (SELECT CASE WHEN ODPI.DocCur = 'THB' THEN SUM(L.LineTotal) ELSE SUM(L.TotalFrgn) END
        FROM DPI1 L WHERE L.DocEntry = ODPI.DocEntry
        AND L.TreeType NOT IN ('I', 'i')
        AND NOT (ISNULL(L.TreeType, 'N') = 'N' AND EXISTS (SELECT 1 FROM ITT1 WHERE Code = L.ItemCode AND Father = (SELECT TOP 1 P.ItemCode FROM DPI1 P WHERE P.DocEntry = L.DocEntry AND P.VisOrder < L.VisOrder AND (P.TreeType IN ('S', 'A', 'T') OR EXISTS (SELECT 1 FROM OITT WHERE Code = P.ItemCode)) ORDER BY P.VisOrder DESC)))
    ) AS 'Sum_LineTotal_All',
    
    ODPI.dpmprcnt,
    RCT1.CheckNum,
    RCT1.[CheckSum],
    RCT1.DueDate AS 'Check Date',
    (SELECT CASE WHEN ODPI.DocCur = 'THB' THEN SUM(L.LineTotal) ELSE SUM(L.TotalFrgn) END FROM DPI1 L WHERE L.DocEntry = ODPI.DocEntry) AS 'CashSum',
    (SELECT CASE WHEN ODPI.DocCur = 'THB' THEN SUM(L.LineTotal) ELSE SUM(L.TotalFrgn) END FROM DPI1 L WHERE L.DocEntry = ODPI.DocEntry) AS 'TrsfrSum',
    ODSC.BankName,
    DPI1.LineType,
    OCPR.Name,
    OCPR.Cellolar AS 'Tel1',
    OCPR.E_MailL AS 'E_MailL_2',
    QPJ.Project,
    DPI1.VisOrder AS 'Sort_VisOrder',
    0 AS 'Sort_IsText',
    0 AS 'Sort_Seq'

FROM ODPI
INNER JOIN DPI1 ON ODPI.DocEntry = DPI1.DocEntry
OUTER APPLY (
    SELECT TOP 1 P.Project 
    FROM DPI1 P 
    WHERE P.DocEntry = ODPI.DocEntry 
      AND P.Project IS NOT NULL 
      AND P.Project <> ''
) QPJ
LEFT JOIN DPI12 ON ODPI.DocEntry = DPI12.DocEntry
LEFT JOIN NNM1 ON ODPI.Series = NNM1.Series 
LEFT JOIN OCRD ON ODPI.CardCode = OCRD.CardCode 
LEFT JOIN OCPR ON ODPI.CntctCode = OCPR.CntctCode
LEFT JOIN CRD1 ON (OCRD.CardCode = CRD1.CardCode AND ODPI.PayToCode = CRD1.[Address] AND CRD1.AdresType ='B')
LEFT JOIN OSLP ON ODPI.SlpCode = OSLP.SlpCode 
LEFT JOIN OCTG ON ODPI.GroupNum = OCTG.GroupNum 
LEFT JOIN OHEM ON ODPI.OwnerCode = OHEM.empID
LEFT JOIN OUSR ON ODPI.UserSign = OUSR.USERID
LEFT JOIN OPRJ ON QPJ.Project = OPRJ.PrjCode 
LEFT JOIN ORCT ON ODPI.ReceiptNum = ORCT.DocEntry
LEFT JOIN RCT1 ON ORCT.DocEntry = RCT1.DocNum
LEFT JOIN RCT2 ON ORCT.DocNum = RCT2.DocEntry
LEFT JOIN ODSC ON RCT1.BankCode = ODSC.BankCode
LEFT JOIN [dbo].[@SLDT_SET_BRANCH] BRANCH ON ODPI.U_SLD_LVatBranch = BRANCH.Code 
LEFT JOIN GroupedParent GPS ON DPI1.DocEntry = GPS.DocEntry AND DPI1.VisOrder = GPS.Parent_VisOrder
CROSS JOIN OADM

WHERE ODPI.DocEntry  = {?DocKey@}
  AND {?ObjectId@} = '203'
  AND DPI1.TreeType NOT IN ('I', 'i') -- ตัดลูก BOM ปกติ
  AND NOT (
      -- ตัดลูก Template BOM
      ISNULL(DPI1.TreeType, 'N') = 'N'
      AND EXISTS (
          SELECT 1 FROM ITT1
          WHERE Code = DPI1.ItemCode
            AND Father = (SELECT TOP 1 P.ItemCode FROM DPI1 P WHERE P.DocEntry = DPI1.DocEntry AND P.VisOrder < DPI1.VisOrder AND (P.TreeType IN ('S', 'A', 'T') OR EXISTS (SELECT 1 FROM OITT WHERE Code = P.ItemCode)) ORDER BY P.VisOrder DESC)
      )
  )

UNION ALL
-- ========================================================
-- 1.2 text rows (remarks) of the real document
-- ========================================================
SELECT DISTINCT
    CRD1.Street     AS '1Bill',
    CRD1.State        AS StateB,
    CRD1.StreetNo   AS '2Bill',
    CRD1.Block      AS '3Bill',
    CRD1.City       AS '4Bill',
    CRD1.County     AS '5Bill',
    CRD1.ZipCode    AS '6Bill',
    DPI12.StreetS     AS '1Ship',
    DPI12.StreetNoS   AS '2Ship',
    DPI12.BlockS      AS '3Ship',
    DPI12.CityS       AS '4Ship',
    DPI12.CountyS     AS '5Ship',
    DPI12.ZipCodeS    AS '6Ship',
    OCPR.Cellolar AS 'Phone2_Format',
    OCPR.E_MailL,
    OCPR.Name AS 'Coontact',
    
    CASE 
        WHEN BRANCH.Code = '00000' AND ODPI.DocCur = OADM.MainCurncy THEN N'สำนักงานใหญ่'
        WHEN BRANCH.Code = '00000' AND ODPI.DocCur <> OADM.MainCurncy THEN 'Head office'
        WHEN BRANCH.Code <> '00000' AND ODPI.DocCur = OADM.MainCurncy THEN concat(N'สาขาที่' ,' ',BRANCH.Code)
        WHEN BRANCH.Code <> '00000' AND ODPI.DocCur <> OADM.MainCurncy THEN concat('Branch' ,' ',BRANCH.Code)
    END AS 'GLN_H',
    
    CASE 
        WHEN CRD1.GlblLocNum = '00000' AND ODPI.DocCur = OADM.MainCurncy THEN N'(สำนักงานใหญ่)'
        WHEN CRD1.GlblLocNum = '00000' AND ODPI.DocCur <> OADM.MainCurncy THEN '(Head office)'
        WHEN CRD1.GlblLocNum <> '00000' AND ODPI.DocCur = OADM.MainCurncy THEN concat(N'(สาขาที่' ,' ',CRD1.GlblLocNum,')')
        WHEN CRD1.GlblLocNum <> '00000' AND ODPI.DocCur <> OADM.MainCurncy THEN concat('(Branch' ,' ',CRD1.GlblLocNum,')')
        WHEN CRD1.GlblLocNum = '' OR CRD1.GlblLocNum IS NULL THEN ''
    END AS 'GLN_BP',
    
    CASE
        WHEN ODPI.Printed = 'N' AND ODPI.DocCur <> OADM.MainCurncy THEN 'Original'
        WHEN ODPI.Printed = 'N' AND ODPI.DocCur = OADM.MainCurncy THEN N'ต้นฉบับ'
        WHEN ODPI.Printed = 'Y' AND ODPI.DocCur <> OADM.MainCurncy THEN 'Copy'
        WHEN ODPI.Printed = 'Y' AND ODPI.DocCur = OADM.MainCurncy THEN N'สำเนา'
    END AS 'Print Status',
    
    NNM1.BeginStr,
    ODPI.DocEntry,
    ODPI.DocNum,
    ODPI.DocDate,
    ODPI.CardCode,
    NULL AS 'unitmsr',
    ODPI.NumAtCard,
    CAST(NULL AS INT) AS 'No.',
    DPI1.LineNum AS 'Line No.',
    ODPI.[Address],
    OCRD.U_SLD_Title,
    OCRD.U_SLD_FullName,
    CRD1.GlblLocNum,
    OCRD.Phone1,
    ISNULL(OCRD.Phone2,'') AS 'Phone2',
    OCRD.Fax,
    ODPI.LicTradNum,
    OCTG.PymntGroup,
    ODPI.DocDueDate,
    NULL AS 'ItemCode',
    CAST(DPI10.LineText AS NVARCHAR(4000)) AS 'Dscription',
    NULL AS 'Quantity',
    ODPI.Comments,
    ODPI.DocCur,
    NULL AS 'PriceBefDi',
    NULL AS 'LineTotal',
    
    CASE WHEN ODPI.DocCur = 'THB' THEN ODPI.VatSum ELSE ODPI.VatSumFC END AS 'VatSum',
    CASE WHEN ODPI.DocCur = 'THB' THEN ODPI.DocTotal ELSE ODPI.DocTotalFC END AS 'DocTotal',
    CASE WHEN ODPI.DocCur = 'THB' THEN ODPI.DpmAmnt ELSE ODPI.DpmAmntFC END AS 'DpmAmnt',
    
    (SELECT CASE WHEN ODPI.DocCur = 'THB' THEN SUM(L.LineTotal) ELSE SUM(L.TotalFrgn) END
        FROM DPI1 L WHERE L.DocEntry = ODPI.DocEntry
        AND L.TreeType NOT IN ('I', 'i')
        AND NOT (ISNULL(L.TreeType, 'N') = 'N' AND EXISTS (SELECT 1 FROM ITT1 WHERE Code = L.ItemCode AND Father = (SELECT TOP 1 P.ItemCode FROM DPI1 P WHERE P.DocEntry = L.DocEntry AND P.VisOrder < L.VisOrder AND (P.TreeType IN ('S', 'A', 'T') OR EXISTS (SELECT 1 FROM OITT WHERE Code = P.ItemCode)) ORDER BY P.VisOrder DESC)))
    ) AS 'Sum_LineTotal_All',
    
    ODPI.dpmprcnt,
    RCT1.CheckNum,
    RCT1.[CheckSum],
    RCT1.DueDate AS 'Check Date',
    SUM(ORCT.CashSum) OVER() AS 'CashSum',
    SUM(ORCT.TrsfrSum) OVER() AS 'TrsfrSum',
    ODSC.BankName,
    'T' AS 'LineType',
    OCPR.Name,
    OCPR.Cellolar AS 'Tel1',
    OCPR.E_MailL AS 'E_MailL_2',
    QPJ.Project,
    
    -- แก้ไขการเชื่อมต่อ Text Row ด้วย LineNum
    COALESCE(DPI1.VisOrder, -1) AS 'Sort_VisOrder',
    1 AS 'Sort_IsText',
    DPI10.LineSeq AS 'Sort_Seq'

FROM ODPI
INNER JOIN DPI10 ON ODPI.DocEntry = DPI10.DocEntry
LEFT JOIN DPI1 ON DPI10.DocEntry = DPI1.DocEntry AND DPI10.AftLineNum = DPI1.LineNum
OUTER APPLY (
    SELECT TOP 1 P.Project 
    FROM DPI1 P 
    WHERE P.DocEntry = ODPI.DocEntry 
      AND P.Project IS NOT NULL 
      AND P.Project <> ''
) QPJ
LEFT JOIN DPI12 ON ODPI.DocEntry = DPI12.DocEntry
LEFT JOIN NNM1 ON ODPI.Series = NNM1.Series 
LEFT JOIN OCRD ON ODPI.CardCode = OCRD.CardCode 
LEFT JOIN OCPR ON ODPI.CntctCode = OCPR.CntctCode
LEFT JOIN CRD1 ON (OCRD.CardCode = CRD1.CardCode AND ODPI.PayToCode = CRD1.[Address] AND CRD1.AdresType ='B')
LEFT JOIN OSLP ON ODPI.SlpCode = OSLP.SlpCode 
LEFT JOIN OCTG ON ODPI.GroupNum = OCTG.GroupNum 
LEFT JOIN OHEM ON ODPI.OwnerCode = OHEM.empID
LEFT JOIN OUSR ON ODPI.UserSign = OUSR.USERID
LEFT JOIN OPRJ ON QPJ.Project = OPRJ.PrjCode 
LEFT JOIN ORCT ON ODPI.ReceiptNum = ORCT.DocEntry
LEFT JOIN RCT1 ON ORCT.DocEntry = RCT1.DocNum
LEFT JOIN RCT2 ON ORCT.DocNum = RCT2.DocEntry
LEFT JOIN ODSC ON RCT1.BankCode = ODSC.BankCode
LEFT JOIN [dbo].[@SLDT_SET_BRANCH] BRANCH ON ODPI.U_SLD_LVatBranch = BRANCH.Code 
CROSS JOIN OADM

WHERE ODPI.DocEntry  = {?DocKey@}
  AND {?ObjectId@} = '203'

UNION ALL
-- ========================================================
-- 2.1 item rows of the draft document (ODRF)
-- ========================================================
SELECT DISTINCT
    CRD1.Street     AS '1Bill',
    CRD1.State        AS StateB,
    CRD1.StreetNo   AS '2Bill',
    CRD1.Block      AS '3Bill',
    CRD1.City       AS '4Bill',
    CRD1.County     AS '5Bill',
    CRD1.ZipCode    AS '6Bill',
    DPI12.StreetS     AS '1Ship',
    DPI12.StreetNoS   AS '2Ship',
    DPI12.BlockS      AS '3Ship',
    DPI12.CityS       AS '4Ship',
    DPI12.CountyS     AS '5Ship',
    DPI12.ZipCodeS    AS '6Ship',
    
    OCPR.Cellolar AS 'Phone2_Format',
    OCPR.E_MailL,
    OCPR.Name AS 'Coontact',
    
    CASE 
        WHEN BRANCH.Code = '00000' AND ODPI.DocCur = OADM.MainCurncy THEN N'สำนักงานใหญ่'
        WHEN BRANCH.Code = '00000' AND ODPI.DocCur <> OADM.MainCurncy THEN 'Head office'
        WHEN BRANCH.Code <> '00000' AND ODPI.DocCur = OADM.MainCurncy THEN concat(N'สาขาที่' ,' ',BRANCH.Code)
        WHEN BRANCH.Code <> '00000' AND ODPI.DocCur <> OADM.MainCurncy THEN concat('Branch' ,' ',BRANCH.Code)
    END AS 'GLN_H',
    
    CASE 
        WHEN CRD1.GlblLocNum = '00000' AND ODPI.DocCur = OADM.MainCurncy THEN N'(สำนักงานใหญ่)'
        WHEN CRD1.GlblLocNum = '00000' AND ODPI.DocCur <> OADM.MainCurncy THEN '(Head office)'
        WHEN CRD1.GlblLocNum <> '00000' AND ODPI.DocCur = OADM.MainCurncy THEN concat(N'(สาขาที่' ,' ',CRD1.GlblLocNum,')')
        WHEN CRD1.GlblLocNum <> '00000' AND ODPI.DocCur <> OADM.MainCurncy THEN concat('(Branch' ,' ',CRD1.GlblLocNum,')')
        WHEN CRD1.GlblLocNum = '' OR CRD1.GlblLocNum IS NULL THEN ''
    END AS 'GLN_BP',
    
    CASE
        WHEN ODPI.Printed = 'N' AND ODPI.DocCur <> OADM.MainCurncy THEN 'Original'
        WHEN ODPI.Printed = 'N' AND ODPI.DocCur = OADM.MainCurncy THEN N'ต้นฉบับ'
        WHEN ODPI.Printed = 'Y' AND ODPI.DocCur <> OADM.MainCurncy THEN 'Copy'
        WHEN ODPI.Printed = 'Y' AND ODPI.DocCur = OADM.MainCurncy THEN N'สำเนา'
    END AS 'Print Status',
    
    NNM1.BeginStr,
    ODPI.DocEntry,
    ODPI.DocNum,
    ODPI.DocDate,
    ODPI.CardCode,
    DPI1.unitmsr,
    ODPI.NumAtCard,
    
    DENSE_RANK() OVER (ORDER BY DPI1.VisOrder ASC) AS 'No.',
    DPI1.LineNum AS 'Line No.',
    
    ODPI.[Address],
    OCRD.U_SLD_Title,
    OCRD.U_SLD_FullName,
    CRD1.GlblLocNum,
    OCRD.Phone1,
    ISNULL(OCRD.Phone2,'') AS 'Phone2',
    OCRD.Fax,
    ODPI.LicTradNum,
    OCTG.PymntGroup,
    ODPI.DocDueDate,
    DPI1.ItemCode,
    DPI1.Dscription AS 'Dscription',
    DPI1.Quantity,
    ODPI.Comments,
    ODPI.DocCur,
    
    COALESCE(GPS.Sum_PriceBefDi, DPI1.PriceBefDi) AS 'PriceBefDi',
    CASE 
        WHEN DPI1.LineTotal = 0 THEN ISNULL(GPS.Sum_LineTotal, 0)
        WHEN ODPI.DocCur = 'THB' THEN DPI1.LineTotal 
        ELSE DPI1.TotalFrgn 
    END AS 'LineTotal',
    
    CASE WHEN ODPI.DocCur = 'THB' THEN ODPI.VatSum ELSE ODPI.VatSumFC END AS 'VatSum',
    CASE WHEN ODPI.DocCur = 'THB' THEN ODPI.DocTotal ELSE ODPI.DocTotalFC END AS 'DocTotal',
    CASE WHEN ODPI.DocCur = 'THB' THEN ODPI.DpmAmnt ELSE ODPI.DpmAmntFC END AS 'DpmAmnt',
    
    (SELECT CASE WHEN ODPI.DocCur = 'THB' THEN SUM(L.LineTotal) ELSE SUM(L.TotalFrgn) END
        FROM DRF1 L WHERE L.DocEntry = ODPI.DocEntry
        AND L.TreeType NOT IN ('I', 'i')
        AND NOT (ISNULL(L.TreeType, 'N') = 'N' AND EXISTS (SELECT 1 FROM ITT1 WHERE Code = L.ItemCode AND Father = (SELECT TOP 1 P.ItemCode FROM DRF1 P WHERE P.DocEntry = L.DocEntry AND P.VisOrder < L.VisOrder AND (P.TreeType IN ('S', 'A', 'T') OR EXISTS (SELECT 1 FROM OITT WHERE Code = P.ItemCode)) ORDER BY P.VisOrder DESC)))
    ) AS 'Sum_LineTotal_All',
    
    ODPI.dpmprcnt,
    RCT1.CheckNum,
    RCT1.[CheckSum],
    RCT1.DueDate AS 'Check Date',
    CAST(NULL AS NUMERIC(19,6)) AS 'CashSum',
    CAST(NULL AS NUMERIC(19,6)) AS 'TrsfrSum',
    ODSC.BankName,
    DPI1.LineType,
    OCPR.Name,
    OCPR.Cellolar AS 'Tel1',
    OCPR.E_MailL AS 'E_MailL_2',
    QPJ.Project,
    DPI1.VisOrder AS 'Sort_VisOrder',
    0 AS 'Sort_IsText',
    0 AS 'Sort_Seq'

FROM ODRF ODPI
INNER JOIN DRF1 DPI1 ON ODPI.DocEntry = DPI1.DocEntry
OUTER APPLY (
    SELECT TOP 1 P.Project 
    FROM DRF1 P 
    WHERE P.DocEntry = ODPI.DocEntry 
      AND P.Project IS NOT NULL 
      AND P.Project <> ''
) QPJ
LEFT JOIN DRF12 DPI12 ON ODPI.DocEntry = DPI12.DocEntry
LEFT JOIN NNM1 ON ODPI.Series = NNM1.Series 
LEFT JOIN OCRD ON ODPI.CardCode = OCRD.CardCode 
LEFT JOIN OCPR ON ODPI.CntctCode = OCPR.CntctCode
LEFT JOIN CRD1 ON (OCRD.CardCode = CRD1.CardCode AND ODPI.PayToCode = CRD1.[Address] AND CRD1.AdresType ='B')
LEFT JOIN OSLP ON ODPI.SlpCode = OSLP.SlpCode 
LEFT JOIN OCTG ON ODPI.GroupNum = OCTG.GroupNum 
LEFT JOIN OHEM ON ODPI.OwnerCode = OHEM.empID
LEFT JOIN OUSR ON ODPI.UserSign = OUSR.USERID
LEFT JOIN OPRJ ON QPJ.Project = OPRJ.PrjCode 
LEFT JOIN ORCT ON ODPI.ReceiptNum = ORCT.DocEntry
LEFT JOIN RCT1 ON ORCT.DocEntry = RCT1.DocNum
LEFT JOIN RCT2 ON ORCT.DocNum = RCT2.DocEntry
LEFT JOIN ODSC ON RCT1.BankCode = ODSC.BankCode
LEFT JOIN [dbo].[@SLDT_SET_BRANCH] BRANCH ON ODPI.U_SLD_LVatBranch = BRANCH.Code 
LEFT JOIN GroupedParent_D GPS ON DPI1.DocEntry = GPS.DocEntry AND DPI1.VisOrder = GPS.Parent_VisOrder
CROSS JOIN OADM

WHERE ODPI.DocEntry  = {?DocKey@}
  AND {?ObjectId@} = '112' AND ODPI.ObjType = '203'
  AND DPI1.TreeType NOT IN ('I', 'i')
  AND NOT (
      ISNULL(DPI1.TreeType, 'N') = 'N'
      AND EXISTS (
          SELECT 1 FROM ITT1
          WHERE Code = DPI1.ItemCode
            AND Father = (SELECT TOP 1 P.ItemCode FROM DRF1 P WHERE P.DocEntry = DPI1.DocEntry AND P.VisOrder < DPI1.VisOrder AND (P.TreeType IN ('S', 'A', 'T') OR EXISTS (SELECT 1 FROM OITT WHERE Code = P.ItemCode)) ORDER BY P.VisOrder DESC)
      )
  )

UNION ALL
-- ========================================================
-- 2.2 text rows (remarks) of the draft document
-- ========================================================
SELECT DISTINCT
    CRD1.Street     AS '1Bill',
    CRD1.State        AS StateB,
    CRD1.StreetNo   AS '2Bill',
    CRD1.Block      AS '3Bill',
    CRD1.City       AS '4Bill',
    CRD1.County     AS '5Bill',
    CRD1.ZipCode    AS '6Bill',
    DPI12.StreetS     AS '1Ship',
    DPI12.StreetNoS   AS '2Ship',
    DPI12.BlockS      AS '3Ship',
    DPI12.CityS       AS '4Ship',
    DPI12.CountyS     AS '5Ship',
    DPI12.ZipCodeS    AS '6Ship',
    OCPR.Cellolar AS 'Phone2_Format',
    OCPR.E_MailL,
    OCPR.Name AS 'Coontact',
    
    CASE 
        WHEN BRANCH.Code = '00000' AND ODPI.DocCur = OADM.MainCurncy THEN N'สำนักงานใหญ่'
        WHEN BRANCH.Code = '00000' AND ODPI.DocCur <> OADM.MainCurncy THEN 'Head office'
        WHEN BRANCH.Code <> '00000' AND ODPI.DocCur = OADM.MainCurncy THEN concat(N'สาขาที่' ,' ',BRANCH.Code)
        WHEN BRANCH.Code <> '00000' AND ODPI.DocCur <> OADM.MainCurncy THEN concat('Branch' ,' ',BRANCH.Code)
    END AS 'GLN_H',
    
    CASE 
        WHEN CRD1.GlblLocNum = '00000' AND ODPI.DocCur = OADM.MainCurncy THEN N'(สำนักงานใหญ่)'
        WHEN CRD1.GlblLocNum = '00000' AND ODPI.DocCur <> OADM.MainCurncy THEN '(Head office)'
        WHEN CRD1.GlblLocNum <> '00000' AND ODPI.DocCur = OADM.MainCurncy THEN concat(N'(สาขาที่' ,' ',CRD1.GlblLocNum,')')
        WHEN CRD1.GlblLocNum <> '00000' AND ODPI.DocCur <> OADM.MainCurncy THEN concat('(Branch' ,' ',CRD1.GlblLocNum,')')
        WHEN CRD1.GlblLocNum = '' OR CRD1.GlblLocNum IS NULL THEN ''
    END AS 'GLN_BP',
    
    CASE
        WHEN ODPI.Printed = 'N' AND ODPI.DocCur <> OADM.MainCurncy THEN 'Original'
        WHEN ODPI.Printed = 'N' AND ODPI.DocCur = OADM.MainCurncy THEN N'ต้นฉบับ'
        WHEN ODPI.Printed = 'Y' AND ODPI.DocCur <> OADM.MainCurncy THEN 'Copy'
        WHEN ODPI.Printed = 'Y' AND ODPI.DocCur = OADM.MainCurncy THEN N'สำเนา'
    END AS 'Print Status',
    
    NNM1.BeginStr,
    ODPI.DocEntry,
    ODPI.DocNum,
    ODPI.DocDate,
    ODPI.CardCode,
    NULL AS 'unitmsr',
    ODPI.NumAtCard,
    CAST(NULL AS INT) AS 'No.',
    DPI1.LineNum AS 'Line No.',
    ODPI.[Address],
    OCRD.U_SLD_Title,
    OCRD.U_SLD_FullName,
    CRD1.GlblLocNum,
    OCRD.Phone1,
    ISNULL(OCRD.Phone2,'') AS 'Phone2',
    OCRD.Fax,
    ODPI.LicTradNum,
    OCTG.PymntGroup,
    ODPI.DocDueDate,
    NULL AS 'ItemCode',
    CAST(DPI10.LineText AS NVARCHAR(4000)) AS 'Dscription',
    NULL AS 'Quantity',
    ODPI.Comments,
    ODPI.DocCur,
    NULL AS 'PriceBefDi',
    NULL AS 'LineTotal',
    
    CASE WHEN ODPI.DocCur = 'THB' THEN ODPI.VatSum ELSE ODPI.VatSumFC END AS 'VatSum',
    CASE WHEN ODPI.DocCur = 'THB' THEN ODPI.DocTotal ELSE ODPI.DocTotalFC END AS 'DocTotal',
    CASE WHEN ODPI.DocCur = 'THB' THEN ODPI.DpmAmnt ELSE ODPI.DpmAmntFC END AS 'DpmAmnt',
    
    (SELECT CASE WHEN ODPI.DocCur = 'THB' THEN SUM(L.LineTotal) ELSE SUM(L.TotalFrgn) END
        FROM DRF1 L WHERE L.DocEntry = ODPI.DocEntry
        AND L.TreeType NOT IN ('I', 'i')
        AND NOT (ISNULL(L.TreeType, 'N') = 'N' AND EXISTS (SELECT 1 FROM ITT1 WHERE Code = L.ItemCode AND Father = (SELECT TOP 1 P.ItemCode FROM DRF1 P WHERE P.DocEntry = L.DocEntry AND P.VisOrder < L.VisOrder AND (P.TreeType IN ('S', 'A', 'T') OR EXISTS (SELECT 1 FROM OITT WHERE Code = P.ItemCode)) ORDER BY P.VisOrder DESC)))
    ) AS 'Sum_LineTotal_All',
    
    ODPI.dpmprcnt,
    RCT1.CheckNum,
    RCT1.[CheckSum],
    RCT1.DueDate AS 'Check Date',
    CAST(NULL AS NUMERIC(19,6)) AS 'CashSum',
    CAST(NULL AS NUMERIC(19,6)) AS 'TrsfrSum',
    ODSC.BankName,
    'T' AS 'LineType',
    OCPR.Name,
    OCPR.Cellolar AS 'Tel1',
    OCPR.E_MailL AS 'E_MailL_2',
    QPJ.Project,
    
    COALESCE(DPI1.VisOrder, -1) AS 'Sort_VisOrder',
    1 AS 'Sort_IsText',
    DPI10.LineSeq AS 'Sort_Seq'

FROM ODRF ODPI
INNER JOIN DRF10 DPI10 ON ODPI.DocEntry = DPI10.DocEntry
LEFT JOIN DRF1 DPI1 ON DPI10.DocEntry = DPI1.DocEntry AND DPI10.AftLineNum = DPI1.LineNum
OUTER APPLY (
    SELECT TOP 1 P.Project 
    FROM DRF1 P 
    WHERE P.DocEntry = ODPI.DocEntry 
      AND P.Project IS NOT NULL 
      AND P.Project <> ''
) QPJ
LEFT JOIN DRF12 DPI12 ON ODPI.DocEntry = DPI12.DocEntry
LEFT JOIN NNM1 ON ODPI.Series = NNM1.Series 
LEFT JOIN OCRD ON ODPI.CardCode = OCRD.CardCode 
LEFT JOIN OCPR ON ODPI.CntctCode = OCPR.CntctCode
LEFT JOIN CRD1 ON (OCRD.CardCode = CRD1.CardCode AND ODPI.PayToCode = CRD1.[Address] AND CRD1.AdresType ='B')
LEFT JOIN OSLP ON ODPI.SlpCode = OSLP.SlpCode 
LEFT JOIN OCTG ON ODPI.GroupNum = OCTG.GroupNum 
LEFT JOIN OHEM ON ODPI.OwnerCode = OHEM.empID
LEFT JOIN OUSR ON ODPI.UserSign = OUSR.USERID
LEFT JOIN OPRJ ON QPJ.Project = OPRJ.PrjCode 
LEFT JOIN ORCT ON ODPI.ReceiptNum = ORCT.DocEntry
LEFT JOIN RCT1 ON ORCT.DocEntry = RCT1.DocNum
LEFT JOIN RCT2 ON ORCT.DocNum = RCT2.DocEntry
LEFT JOIN ODSC ON RCT1.BankCode = ODSC.BankCode
LEFT JOIN [dbo].[@SLDT_SET_BRANCH] BRANCH ON ODPI.U_SLD_LVatBranch = BRANCH.Code 
CROSS JOIN OADM

WHERE ODPI.DocEntry  = {?DocKey@}
  AND {?ObjectId@} = '112' AND ODPI.ObjType = '203'

) T0
ORDER BY T0.[Sort_VisOrder] ASC, T0.[Sort_IsText] ASC, T0.[Sort_Seq] ASC
[2026-09-09 17:16:01][INFO] Alias filter: AR_DownPayment
[2026-09-09 17:16:01][INFO] File filter : C:\GitHub\SDA\Form-Layout_SDA\2. Sales - AR\5. AR Down Payment Invoice\1. AR Down Payment Invoice_BOM\1.AR Down Payment_ใบเสร็จรับเงินมัดจำ\1.AR Down Payment_BOM ใบเสร็จรับเงินมัดจำ.rpt
[2026-09-09 17:16:01][INFO] Matched 0 report file(s).
[2026-09-09 17:16:01][INFO] ==============================================================
[2026-09-09 17:16:01][INFO] SUMMARY mode=APPLY  filesScanned=0  filesTouched=0  tablesTouched=0  replacements=0  fieldDiff=0  connDiff=0  userLost=0  errCount=0
[2026-09-09 17:16:01][INFO] USER ID ROUTES  keepuser=0  forced=0  fallback=0  noUserToStart=0
[2026-09-09 17:16:01][INFO] ==============================================================
[2026-09-09 17:17:19][INFO] === Edit-CommandSQL start  mode=APPLY ===
[2026-09-09 17:17:19][INFO] Root=C:\GitHub\SDA\Form-Layout_SDA\2. Sales - AR\5. AR Down Payment Invoice\1. AR Down Payment Invoice_BOM\1.AR Down Payment_ใบเสร็จรับเงินมัดจำ\1.AR Down Payment_BOM ใบเสร็จรับเงินมัดจำ.rpt
[2026-09-09 17:17:19][INFO] Pattern=(?s)\A.*\z
[2026-09-09 17:17:19][INFO] Replacement=-- RPT: 2. Sales - AR\5. AR Down Payment Invoice\1.AR Down Payment_ใบเสร็จรับเงินมัดจำ\1.AR Down Payment_BOM ใบเสร็จรับเงินมัดจำ.rpt
-- SCOPE: main
-- ALIAS: AR_DownPayment
-- FIELDS: 63
-- ---------------------------------------------------------------
WITH ComponentSums AS (
    -- ส่วนคำนวณของใบแจ้งหนี้มัดจำจริง (ODPI)
    SELECT 
        T0.DocEntry,
        (SELECT TOP 1 P.VisOrder 
         FROM DPI1 P 
         WHERE P.DocEntry = T0.DocEntry 
           AND P.VisOrder < T0.VisOrder 
           AND (P.TreeType IN ('S', 'A', 'T') OR EXISTS (SELECT 1 FROM OITT WHERE Code = P.ItemCode)) 
         ORDER BY P.VisOrder DESC) AS Parent_VisOrder,
         T0.PriceBefDi AS CompPriceBefDi,
        CASE WHEN OQ.DocCur = 'THB' THEN T0.LineTotal ELSE T0.TotalFrgn END AS CompLineTotal
    FROM DPI1 T0
    INNER JOIN ODPI OQ ON T0.DocEntry = OQ.DocEntry
    WHERE T0.DocEntry = {?DocKey@}
      AND (
          T0.TreeType IN ('i', 'I') 
          OR (
              ISNULL(T0.TreeType, 'N') = 'N'
              AND EXISTS (
                  SELECT 1 FROM ITT1
                  WHERE Code = T0.ItemCode
                    AND Father = (SELECT TOP 1 P.ItemCode FROM DPI1 P WHERE P.DocEntry = T0.DocEntry AND P.VisOrder < T0.VisOrder AND (P.TreeType IN ('S', 'A', 'T') OR EXISTS (SELECT 1 FROM OITT WHERE Code = P.ItemCode)) ORDER BY P.VisOrder DESC)
              )
          )
      )
),
GroupedParent AS (
    SELECT 
        DocEntry,
        Parent_VisOrder,
        SUM(CompPriceBefDi) AS Sum_PriceBefDi,
        SUM(CompLineTotal) AS Sum_LineTotal
    FROM ComponentSums
    WHERE Parent_VisOrder IS NOT NULL
    GROUP BY DocEntry, Parent_VisOrder
),
ComponentSums_D AS (
    -- ส่วนคำนวณของเอกสารร่าง (ODRF)
    SELECT 
        T0.DocEntry,
        (SELECT TOP 1 P.VisOrder 
         FROM DRF1 P 
         WHERE P.DocEntry = T0.DocEntry 
           AND P.VisOrder < T0.VisOrder 
           AND (P.TreeType IN ('S', 'A', 'T') OR EXISTS (SELECT 1 FROM OITT WHERE Code = P.ItemCode)) 
         ORDER BY P.VisOrder DESC) AS Parent_VisOrder,
         T0.PriceBefDi AS CompPriceBefDi,
        CASE WHEN OQ.DocCur = 'THB' THEN T0.LineTotal ELSE T0.TotalFrgn END AS CompLineTotal
    FROM DRF1 T0
    INNER JOIN ODRF OQ ON T0.DocEntry = OQ.DocEntry
    WHERE T0.DocEntry = {?DocKey@} AND OQ.ObjType = '203'
      AND (
          T0.TreeType IN ('i', 'I') 
          OR (
              ISNULL(T0.TreeType, 'N') = 'N'
              AND EXISTS (
                  SELECT 1 FROM ITT1
                  WHERE Code = T0.ItemCode
                    AND Father = (SELECT TOP 1 P.ItemCode FROM DRF1 P WHERE P.DocEntry = T0.DocEntry AND P.VisOrder < T0.VisOrder AND (P.TreeType IN ('S', 'A', 'T') OR EXISTS (SELECT 1 FROM OITT WHERE Code = P.ItemCode)) ORDER BY P.VisOrder DESC)
              )
          )
      )
),
GroupedParent_D AS (
    SELECT 
        DocEntry,
        Parent_VisOrder,
        SUM(CompPriceBefDi) AS Sum_PriceBefDi,
        SUM(CompLineTotal) AS Sum_LineTotal
    FROM ComponentSums_D
    WHERE Parent_VisOrder IS NOT NULL
    GROUP BY DocEntry, Parent_VisOrder
)

SELECT T0.*
FROM (
-- ========================================================
-- 1.1 item rows of the real document (ODPI)
-- ========================================================
SELECT DISTINCT
    CRD1.Street     AS '1Bill',
    CRD1.State        AS StateB,
    CRD1.StreetNo   AS '2Bill',
    CRD1.Block      AS '3Bill',
    CRD1.City       AS '4Bill',
    CRD1.County     AS '5Bill',
    CRD1.ZipCode    AS '6Bill',
    DPI12.StreetS     AS '1Ship',
    DPI12.StreetNoS   AS '2Ship',
    DPI12.BlockS      AS '3Ship',
    DPI12.CityS       AS '4Ship',
    DPI12.CountyS     AS '5Ship',
    DPI12.ZipCodeS    AS '6Ship',
    
    OCPR.Cellolar AS 'Phone2_Format',
    OCPR.E_MailL,
    OCPR.Name AS 'Coontact',
    
    CASE 
        WHEN BRANCH.Code = '00000' AND ODPI.DocCur = OADM.MainCurncy THEN N'สำนักงานใหญ่'
        WHEN BRANCH.Code = '00000' AND ODPI.DocCur <> OADM.MainCurncy THEN 'Head office'
        WHEN BRANCH.Code <> '00000' AND ODPI.DocCur = OADM.MainCurncy THEN concat(N'สาขาที่' ,' ',BRANCH.Code)
        WHEN BRANCH.Code <> '00000' AND ODPI.DocCur <> OADM.MainCurncy THEN concat('Branch' ,' ',BRANCH.Code)
    END AS 'GLN_H',
    
    CASE 
        WHEN CRD1.GlblLocNum = '00000' AND ODPI.DocCur = OADM.MainCurncy THEN N'(สำนักงานใหญ่)'
        WHEN CRD1.GlblLocNum = '00000' AND ODPI.DocCur <> OADM.MainCurncy THEN '(Head office)'
        WHEN CRD1.GlblLocNum <> '00000' AND ODPI.DocCur = OADM.MainCurncy THEN concat(N'(สาขาที่' ,' ',CRD1.GlblLocNum,')')
        WHEN CRD1.GlblLocNum <> '00000' AND ODPI.DocCur <> OADM.MainCurncy THEN concat('(Branch' ,' ',CRD1.GlblLocNum,')')
        WHEN CRD1.GlblLocNum = '' OR CRD1.GlblLocNum IS NULL THEN ''
    END AS 'GLN_BP',
    
    CASE
        WHEN ODPI.Printed = 'N' AND ODPI.DocCur <> OADM.MainCurncy THEN 'Original'
        WHEN ODPI.Printed = 'N' AND ODPI.DocCur = OADM.MainCurncy THEN N'ต้นฉบับ'
        WHEN ODPI.Printed = 'Y' AND ODPI.DocCur <> OADM.MainCurncy THEN 'Copy'
        WHEN ODPI.Printed = 'Y' AND ODPI.DocCur = OADM.MainCurncy THEN N'สำเนา'
    END AS 'Print Status',
    
    NNM1.BeginStr,
    ODPI.DocEntry,
    ODPI.DocNum,
    ODPI.DocDate,
    ODPI.CardCode,
    DPI1.unitmsr,
    ODPI.NumAtCard,
    
    -- ใช้ DENSE_RANK เพื่อแก้ปัญหาเลขบรรทัดกระโดด
    DENSE_RANK() OVER (ORDER BY DPI1.VisOrder ASC) AS 'No.',
    DPI1.LineNum AS 'Line No.',
    
    ODPI.[Address],
    OCRD.U_SLD_Title,
    OCRD.U_SLD_FullName,
    CRD1.GlblLocNum,
    OCRD.Phone1,
    ISNULL(OCRD.Phone2,'') AS 'Phone2',
    OCRD.Fax,
    ODPI.LicTradNum,
    OCTG.PymntGroup,
    ODPI.DocDueDate,
    DPI1.ItemCode,
    DPI1.Dscription AS 'Dscription',
    DPI1.Quantity,
    ODPI.Comments,
    ODPI.DocCur,

    COALESCE(GPS.Sum_PriceBefDi, DPI1.PriceBefDi) AS 'PriceBefDi',
    
    CASE 
        WHEN DPI1.LineTotal = 0 THEN ISNULL(GPS.Sum_LineTotal, 0)
        WHEN ODPI.DocCur = 'THB' THEN DPI1.LineTotal 
        ELSE DPI1.TotalFrgn 
    END AS 'LineTotal',
    
    CASE WHEN ODPI.DocCur = 'THB' THEN ODPI.VatSum ELSE ODPI.VatSumFC END AS 'VatSum',
    CASE WHEN ODPI.DocCur = 'THB' THEN ODPI.DocTotal ELSE ODPI.DocTotalFC END AS 'DocTotal',
    CASE WHEN ODPI.DocCur = 'THB' THEN ODPI.DpmAmnt ELSE ODPI.DpmAmntFC END AS 'DpmAmnt',
    
    -- กรองลูก BOM ออกจากการรวมยอดทั้งใบ
    (SELECT CASE WHEN ODPI.DocCur = 'THB' THEN SUM(L.LineTotal) ELSE SUM(L.TotalFrgn) END
        FROM DPI1 L WHERE L.DocEntry = ODPI.DocEntry
        AND L.TreeType NOT IN ('I', 'i')
        AND NOT (ISNULL(L.TreeType, 'N') = 'N' AND EXISTS (SELECT 1 FROM ITT1 WHERE Code = L.ItemCode AND Father = (SELECT TOP 1 P.ItemCode FROM DPI1 P WHERE P.DocEntry = L.DocEntry AND P.VisOrder < L.VisOrder AND (P.TreeType IN ('S', 'A', 'T') OR EXISTS (SELECT 1 FROM OITT WHERE Code = P.ItemCode)) ORDER BY P.VisOrder DESC)))
    ) AS 'Sum_LineTotal_All',
    
    ODPI.dpmprcnt,
    RCT1.CheckNum,
    RCT1.[CheckSum],
    RCT1.DueDate AS 'Check Date',
    (SELECT CASE WHEN ODPI.DocCur = 'THB' THEN SUM(L.LineTotal) ELSE SUM(L.TotalFrgn) END FROM DPI1 L WHERE L.DocEntry = ODPI.DocEntry) AS 'CashSum',
    (SELECT CASE WHEN ODPI.DocCur = 'THB' THEN SUM(L.LineTotal) ELSE SUM(L.TotalFrgn) END FROM DPI1 L WHERE L.DocEntry = ODPI.DocEntry) AS 'TrsfrSum',
    ODSC.BankName,
    DPI1.LineType,
    OCPR.Name,
    OCPR.Cellolar AS 'Tel1',
    OCPR.E_MailL AS 'E_MailL_2',
    QPJ.Project,
    DPI1.VisOrder AS 'Sort_VisOrder',
    0 AS 'Sort_IsText',
    0 AS 'Sort_Seq'

FROM ODPI
INNER JOIN DPI1 ON ODPI.DocEntry = DPI1.DocEntry
OUTER APPLY (
    SELECT TOP 1 P.Project 
    FROM DPI1 P 
    WHERE P.DocEntry = ODPI.DocEntry 
      AND P.Project IS NOT NULL 
      AND P.Project <> ''
) QPJ
LEFT JOIN DPI12 ON ODPI.DocEntry = DPI12.DocEntry
LEFT JOIN NNM1 ON ODPI.Series = NNM1.Series 
LEFT JOIN OCRD ON ODPI.CardCode = OCRD.CardCode 
LEFT JOIN OCPR ON ODPI.CntctCode = OCPR.CntctCode
LEFT JOIN CRD1 ON (OCRD.CardCode = CRD1.CardCode AND ODPI.PayToCode = CRD1.[Address] AND CRD1.AdresType ='B')
LEFT JOIN OSLP ON ODPI.SlpCode = OSLP.SlpCode 
LEFT JOIN OCTG ON ODPI.GroupNum = OCTG.GroupNum 
LEFT JOIN OHEM ON ODPI.OwnerCode = OHEM.empID
LEFT JOIN OUSR ON ODPI.UserSign = OUSR.USERID
LEFT JOIN OPRJ ON QPJ.Project = OPRJ.PrjCode 
LEFT JOIN ORCT ON ODPI.ReceiptNum = ORCT.DocEntry
LEFT JOIN RCT1 ON ORCT.DocEntry = RCT1.DocNum
LEFT JOIN RCT2 ON ORCT.DocNum = RCT2.DocEntry
LEFT JOIN ODSC ON RCT1.BankCode = ODSC.BankCode
LEFT JOIN [dbo].[@SLDT_SET_BRANCH] BRANCH ON ODPI.U_SLD_LVatBranch = BRANCH.Code 
LEFT JOIN GroupedParent GPS ON DPI1.DocEntry = GPS.DocEntry AND DPI1.VisOrder = GPS.Parent_VisOrder
CROSS JOIN OADM

WHERE ODPI.DocEntry  = {?DocKey@}
  AND {?ObjectId@} = '203'
  AND DPI1.TreeType NOT IN ('I', 'i') -- ตัดลูก BOM ปกติ
  AND NOT (
      -- ตัดลูก Template BOM
      ISNULL(DPI1.TreeType, 'N') = 'N'
      AND EXISTS (
          SELECT 1 FROM ITT1
          WHERE Code = DPI1.ItemCode
            AND Father = (SELECT TOP 1 P.ItemCode FROM DPI1 P WHERE P.DocEntry = DPI1.DocEntry AND P.VisOrder < DPI1.VisOrder AND (P.TreeType IN ('S', 'A', 'T') OR EXISTS (SELECT 1 FROM OITT WHERE Code = P.ItemCode)) ORDER BY P.VisOrder DESC)
      )
  )

UNION ALL
-- ========================================================
-- 1.2 text rows (remarks) of the real document
-- ========================================================
SELECT DISTINCT
    CRD1.Street     AS '1Bill',
    CRD1.State        AS StateB,
    CRD1.StreetNo   AS '2Bill',
    CRD1.Block      AS '3Bill',
    CRD1.City       AS '4Bill',
    CRD1.County     AS '5Bill',
    CRD1.ZipCode    AS '6Bill',
    DPI12.StreetS     AS '1Ship',
    DPI12.StreetNoS   AS '2Ship',
    DPI12.BlockS      AS '3Ship',
    DPI12.CityS       AS '4Ship',
    DPI12.CountyS     AS '5Ship',
    DPI12.ZipCodeS    AS '6Ship',
    OCPR.Cellolar AS 'Phone2_Format',
    OCPR.E_MailL,
    OCPR.Name AS 'Coontact',
    
    CASE 
        WHEN BRANCH.Code = '00000' AND ODPI.DocCur = OADM.MainCurncy THEN N'สำนักงานใหญ่'
        WHEN BRANCH.Code = '00000' AND ODPI.DocCur <> OADM.MainCurncy THEN 'Head office'
        WHEN BRANCH.Code <> '00000' AND ODPI.DocCur = OADM.MainCurncy THEN concat(N'สาขาที่' ,' ',BRANCH.Code)
        WHEN BRANCH.Code <> '00000' AND ODPI.DocCur <> OADM.MainCurncy THEN concat('Branch' ,' ',BRANCH.Code)
    END AS 'GLN_H',
    
    CASE 
        WHEN CRD1.GlblLocNum = '00000' AND ODPI.DocCur = OADM.MainCurncy THEN N'(สำนักงานใหญ่)'
        WHEN CRD1.GlblLocNum = '00000' AND ODPI.DocCur <> OADM.MainCurncy THEN '(Head office)'
        WHEN CRD1.GlblLocNum <> '00000' AND ODPI.DocCur = OADM.MainCurncy THEN concat(N'(สาขาที่' ,' ',CRD1.GlblLocNum,')')
        WHEN CRD1.GlblLocNum <> '00000' AND ODPI.DocCur <> OADM.MainCurncy THEN concat('(Branch' ,' ',CRD1.GlblLocNum,')')
        WHEN CRD1.GlblLocNum = '' OR CRD1.GlblLocNum IS NULL THEN ''
    END AS 'GLN_BP',
    
    CASE
        WHEN ODPI.Printed = 'N' AND ODPI.DocCur <> OADM.MainCurncy THEN 'Original'
        WHEN ODPI.Printed = 'N' AND ODPI.DocCur = OADM.MainCurncy THEN N'ต้นฉบับ'
        WHEN ODPI.Printed = 'Y' AND ODPI.DocCur <> OADM.MainCurncy THEN 'Copy'
        WHEN ODPI.Printed = 'Y' AND ODPI.DocCur = OADM.MainCurncy THEN N'สำเนา'
    END AS 'Print Status',
    
    NNM1.BeginStr,
    ODPI.DocEntry,
    ODPI.DocNum,
    ODPI.DocDate,
    ODPI.CardCode,
    NULL AS 'unitmsr',
    ODPI.NumAtCard,
    CAST(NULL AS INT) AS 'No.',
    DPI1.LineNum AS 'Line No.',
    ODPI.[Address],
    OCRD.U_SLD_Title,
    OCRD.U_SLD_FullName,
    CRD1.GlblLocNum,
    OCRD.Phone1,
    ISNULL(OCRD.Phone2,'') AS 'Phone2',
    OCRD.Fax,
    ODPI.LicTradNum,
    OCTG.PymntGroup,
    ODPI.DocDueDate,
    NULL AS 'ItemCode',
    CAST(DPI10.LineText AS NVARCHAR(4000)) AS 'Dscription',
    NULL AS 'Quantity',
    ODPI.Comments,
    ODPI.DocCur,
    NULL AS 'PriceBefDi',
    NULL AS 'LineTotal',
    
    CASE WHEN ODPI.DocCur = 'THB' THEN ODPI.VatSum ELSE ODPI.VatSumFC END AS 'VatSum',
    CASE WHEN ODPI.DocCur = 'THB' THEN ODPI.DocTotal ELSE ODPI.DocTotalFC END AS 'DocTotal',
    CASE WHEN ODPI.DocCur = 'THB' THEN ODPI.DpmAmnt ELSE ODPI.DpmAmntFC END AS 'DpmAmnt',
    
    (SELECT CASE WHEN ODPI.DocCur = 'THB' THEN SUM(L.LineTotal) ELSE SUM(L.TotalFrgn) END
        FROM DPI1 L WHERE L.DocEntry = ODPI.DocEntry
        AND L.TreeType NOT IN ('I', 'i')
        AND NOT (ISNULL(L.TreeType, 'N') = 'N' AND EXISTS (SELECT 1 FROM ITT1 WHERE Code = L.ItemCode AND Father = (SELECT TOP 1 P.ItemCode FROM DPI1 P WHERE P.DocEntry = L.DocEntry AND P.VisOrder < L.VisOrder AND (P.TreeType IN ('S', 'A', 'T') OR EXISTS (SELECT 1 FROM OITT WHERE Code = P.ItemCode)) ORDER BY P.VisOrder DESC)))
    ) AS 'Sum_LineTotal_All',
    
    ODPI.dpmprcnt,
    RCT1.CheckNum,
    RCT1.[CheckSum],
    RCT1.DueDate AS 'Check Date',
    SUM(ORCT.CashSum) OVER() AS 'CashSum',
    SUM(ORCT.TrsfrSum) OVER() AS 'TrsfrSum',
    ODSC.BankName,
    'T' AS 'LineType',
    OCPR.Name,
    OCPR.Cellolar AS 'Tel1',
    OCPR.E_MailL AS 'E_MailL_2',
    QPJ.Project,
    
    -- แก้ไขการเชื่อมต่อ Text Row ด้วย LineNum
    COALESCE(DPI1.VisOrder, -1) AS 'Sort_VisOrder',
    1 AS 'Sort_IsText',
    DPI10.LineSeq AS 'Sort_Seq'

FROM ODPI
INNER JOIN DPI10 ON ODPI.DocEntry = DPI10.DocEntry
LEFT JOIN DPI1 ON DPI10.DocEntry = DPI1.DocEntry AND DPI10.AftLineNum = DPI1.LineNum
OUTER APPLY (
    SELECT TOP 1 P.Project 
    FROM DPI1 P 
    WHERE P.DocEntry = ODPI.DocEntry 
      AND P.Project IS NOT NULL 
      AND P.Project <> ''
) QPJ
LEFT JOIN DPI12 ON ODPI.DocEntry = DPI12.DocEntry
LEFT JOIN NNM1 ON ODPI.Series = NNM1.Series 
LEFT JOIN OCRD ON ODPI.CardCode = OCRD.CardCode 
LEFT JOIN OCPR ON ODPI.CntctCode = OCPR.CntctCode
LEFT JOIN CRD1 ON (OCRD.CardCode = CRD1.CardCode AND ODPI.PayToCode = CRD1.[Address] AND CRD1.AdresType ='B')
LEFT JOIN OSLP ON ODPI.SlpCode = OSLP.SlpCode 
LEFT JOIN OCTG ON ODPI.GroupNum = OCTG.GroupNum 
LEFT JOIN OHEM ON ODPI.OwnerCode = OHEM.empID
LEFT JOIN OUSR ON ODPI.UserSign = OUSR.USERID
LEFT JOIN OPRJ ON QPJ.Project = OPRJ.PrjCode 
LEFT JOIN ORCT ON ODPI.ReceiptNum = ORCT.DocEntry
LEFT JOIN RCT1 ON ORCT.DocEntry = RCT1.DocNum
LEFT JOIN RCT2 ON ORCT.DocNum = RCT2.DocEntry
LEFT JOIN ODSC ON RCT1.BankCode = ODSC.BankCode
LEFT JOIN [dbo].[@SLDT_SET_BRANCH] BRANCH ON ODPI.U_SLD_LVatBranch = BRANCH.Code 
CROSS JOIN OADM

WHERE ODPI.DocEntry  = {?DocKey@}
  AND {?ObjectId@} = '203'

UNION ALL
-- ========================================================
-- 2.1 item rows of the draft document (ODRF)
-- ========================================================
SELECT DISTINCT
    CRD1.Street     AS '1Bill',
    CRD1.State        AS StateB,
    CRD1.StreetNo   AS '2Bill',
    CRD1.Block      AS '3Bill',
    CRD1.City       AS '4Bill',
    CRD1.County     AS '5Bill',
    CRD1.ZipCode    AS '6Bill',
    DPI12.StreetS     AS '1Ship',
    DPI12.StreetNoS   AS '2Ship',
    DPI12.BlockS      AS '3Ship',
    DPI12.CityS       AS '4Ship',
    DPI12.CountyS     AS '5Ship',
    DPI12.ZipCodeS    AS '6Ship',
    
    OCPR.Cellolar AS 'Phone2_Format',
    OCPR.E_MailL,
    OCPR.Name AS 'Coontact',
    
    CASE 
        WHEN BRANCH.Code = '00000' AND ODPI.DocCur = OADM.MainCurncy THEN N'สำนักงานใหญ่'
        WHEN BRANCH.Code = '00000' AND ODPI.DocCur <> OADM.MainCurncy THEN 'Head office'
        WHEN BRANCH.Code <> '00000' AND ODPI.DocCur = OADM.MainCurncy THEN concat(N'สาขาที่' ,' ',BRANCH.Code)
        WHEN BRANCH.Code <> '00000' AND ODPI.DocCur <> OADM.MainCurncy THEN concat('Branch' ,' ',BRANCH.Code)
    END AS 'GLN_H',
    
    CASE 
        WHEN CRD1.GlblLocNum = '00000' AND ODPI.DocCur = OADM.MainCurncy THEN N'(สำนักงานใหญ่)'
        WHEN CRD1.GlblLocNum = '00000' AND ODPI.DocCur <> OADM.MainCurncy THEN '(Head office)'
        WHEN CRD1.GlblLocNum <> '00000' AND ODPI.DocCur = OADM.MainCurncy THEN concat(N'(สาขาที่' ,' ',CRD1.GlblLocNum,')')
        WHEN CRD1.GlblLocNum <> '00000' AND ODPI.DocCur <> OADM.MainCurncy THEN concat('(Branch' ,' ',CRD1.GlblLocNum,')')
        WHEN CRD1.GlblLocNum = '' OR CRD1.GlblLocNum IS NULL THEN ''
    END AS 'GLN_BP',
    
    CASE
        WHEN ODPI.Printed = 'N' AND ODPI.DocCur <> OADM.MainCurncy THEN 'Original'
        WHEN ODPI.Printed = 'N' AND ODPI.DocCur = OADM.MainCurncy THEN N'ต้นฉบับ'
        WHEN ODPI.Printed = 'Y' AND ODPI.DocCur <> OADM.MainCurncy THEN 'Copy'
        WHEN ODPI.Printed = 'Y' AND ODPI.DocCur = OADM.MainCurncy THEN N'สำเนา'
    END AS 'Print Status',
    
    NNM1.BeginStr,
    ODPI.DocEntry,
    ODPI.DocNum,
    ODPI.DocDate,
    ODPI.CardCode,
    DPI1.unitmsr,
    ODPI.NumAtCard,
    
    DENSE_RANK() OVER (ORDER BY DPI1.VisOrder ASC) AS 'No.',
    DPI1.LineNum AS 'Line No.',
    
    ODPI.[Address],
    OCRD.U_SLD_Title,
    OCRD.U_SLD_FullName,
    CRD1.GlblLocNum,
    OCRD.Phone1,
    ISNULL(OCRD.Phone2,'') AS 'Phone2',
    OCRD.Fax,
    ODPI.LicTradNum,
    OCTG.PymntGroup,
    ODPI.DocDueDate,
    DPI1.ItemCode,
    DPI1.Dscription AS 'Dscription',
    DPI1.Quantity,
    ODPI.Comments,
    ODPI.DocCur,
    
    COALESCE(GPS.Sum_PriceBefDi, DPI1.PriceBefDi) AS 'PriceBefDi',
    CASE 
        WHEN DPI1.LineTotal = 0 THEN ISNULL(GPS.Sum_LineTotal, 0)
        WHEN ODPI.DocCur = 'THB' THEN DPI1.LineTotal 
        ELSE DPI1.TotalFrgn 
    END AS 'LineTotal',
    
    CASE WHEN ODPI.DocCur = 'THB' THEN ODPI.VatSum ELSE ODPI.VatSumFC END AS 'VatSum',
    CASE WHEN ODPI.DocCur = 'THB' THEN ODPI.DocTotal ELSE ODPI.DocTotalFC END AS 'DocTotal',
    CASE WHEN ODPI.DocCur = 'THB' THEN ODPI.DpmAmnt ELSE ODPI.DpmAmntFC END AS 'DpmAmnt',
    
    (SELECT CASE WHEN ODPI.DocCur = 'THB' THEN SUM(L.LineTotal) ELSE SUM(L.TotalFrgn) END
        FROM DRF1 L WHERE L.DocEntry = ODPI.DocEntry
        AND L.TreeType NOT IN ('I', 'i')
        AND NOT (ISNULL(L.TreeType, 'N') = 'N' AND EXISTS (SELECT 1 FROM ITT1 WHERE Code = L.ItemCode AND Father = (SELECT TOP 1 P.ItemCode FROM DRF1 P WHERE P.DocEntry = L.DocEntry AND P.VisOrder < L.VisOrder AND (P.TreeType IN ('S', 'A', 'T') OR EXISTS (SELECT 1 FROM OITT WHERE Code = P.ItemCode)) ORDER BY P.VisOrder DESC)))
    ) AS 'Sum_LineTotal_All',
    
    ODPI.dpmprcnt,
    RCT1.CheckNum,
    RCT1.[CheckSum],
    RCT1.DueDate AS 'Check Date',
    CAST(NULL AS NUMERIC(19,6)) AS 'CashSum',
    CAST(NULL AS NUMERIC(19,6)) AS 'TrsfrSum',
    ODSC.BankName,
    DPI1.LineType,
    OCPR.Name,
    OCPR.Cellolar AS 'Tel1',
    OCPR.E_MailL AS 'E_MailL_2',
    QPJ.Project,
    DPI1.VisOrder AS 'Sort_VisOrder',
    0 AS 'Sort_IsText',
    0 AS 'Sort_Seq'

FROM ODRF ODPI
INNER JOIN DRF1 DPI1 ON ODPI.DocEntry = DPI1.DocEntry
OUTER APPLY (
    SELECT TOP 1 P.Project 
    FROM DRF1 P 
    WHERE P.DocEntry = ODPI.DocEntry 
      AND P.Project IS NOT NULL 
      AND P.Project <> ''
) QPJ
LEFT JOIN DRF12 DPI12 ON ODPI.DocEntry = DPI12.DocEntry
LEFT JOIN NNM1 ON ODPI.Series = NNM1.Series 
LEFT JOIN OCRD ON ODPI.CardCode = OCRD.CardCode 
LEFT JOIN OCPR ON ODPI.CntctCode = OCPR.CntctCode
LEFT JOIN CRD1 ON (OCRD.CardCode = CRD1.CardCode AND ODPI.PayToCode = CRD1.[Address] AND CRD1.AdresType ='B')
LEFT JOIN OSLP ON ODPI.SlpCode = OSLP.SlpCode 
LEFT JOIN OCTG ON ODPI.GroupNum = OCTG.GroupNum 
LEFT JOIN OHEM ON ODPI.OwnerCode = OHEM.empID
LEFT JOIN OUSR ON ODPI.UserSign = OUSR.USERID
LEFT JOIN OPRJ ON QPJ.Project = OPRJ.PrjCode 
LEFT JOIN ORCT ON ODPI.ReceiptNum = ORCT.DocEntry
LEFT JOIN RCT1 ON ORCT.DocEntry = RCT1.DocNum
LEFT JOIN RCT2 ON ORCT.DocNum = RCT2.DocEntry
LEFT JOIN ODSC ON RCT1.BankCode = ODSC.BankCode
LEFT JOIN [dbo].[@SLDT_SET_BRANCH] BRANCH ON ODPI.U_SLD_LVatBranch = BRANCH.Code 
LEFT JOIN GroupedParent_D GPS ON DPI1.DocEntry = GPS.DocEntry AND DPI1.VisOrder = GPS.Parent_VisOrder
CROSS JOIN OADM

WHERE ODPI.DocEntry  = {?DocKey@}
  AND {?ObjectId@} = '112' AND ODPI.ObjType = '203'
  AND DPI1.TreeType NOT IN ('I', 'i')
  AND NOT (
      ISNULL(DPI1.TreeType, 'N') = 'N'
      AND EXISTS (
          SELECT 1 FROM ITT1
          WHERE Code = DPI1.ItemCode
            AND Father = (SELECT TOP 1 P.ItemCode FROM DRF1 P WHERE P.DocEntry = DPI1.DocEntry AND P.VisOrder < DPI1.VisOrder AND (P.TreeType IN ('S', 'A', 'T') OR EXISTS (SELECT 1 FROM OITT WHERE Code = P.ItemCode)) ORDER BY P.VisOrder DESC)
      )
  )

UNION ALL
-- ========================================================
-- 2.2 text rows (remarks) of the draft document
-- ========================================================
SELECT DISTINCT
    CRD1.Street     AS '1Bill',
    CRD1.State        AS StateB,
    CRD1.StreetNo   AS '2Bill',
    CRD1.Block      AS '3Bill',
    CRD1.City       AS '4Bill',
    CRD1.County     AS '5Bill',
    CRD1.ZipCode    AS '6Bill',
    DPI12.StreetS     AS '1Ship',
    DPI12.StreetNoS   AS '2Ship',
    DPI12.BlockS      AS '3Ship',
    DPI12.CityS       AS '4Ship',
    DPI12.CountyS     AS '5Ship',
    DPI12.ZipCodeS    AS '6Ship',
    OCPR.Cellolar AS 'Phone2_Format',
    OCPR.E_MailL,
    OCPR.Name AS 'Coontact',
    
    CASE 
        WHEN BRANCH.Code = '00000' AND ODPI.DocCur = OADM.MainCurncy THEN N'สำนักงานใหญ่'
        WHEN BRANCH.Code = '00000' AND ODPI.DocCur <> OADM.MainCurncy THEN 'Head office'
        WHEN BRANCH.Code <> '00000' AND ODPI.DocCur = OADM.MainCurncy THEN concat(N'สาขาที่' ,' ',BRANCH.Code)
        WHEN BRANCH.Code <> '00000' AND ODPI.DocCur <> OADM.MainCurncy THEN concat('Branch' ,' ',BRANCH.Code)
    END AS 'GLN_H',
    
    CASE 
        WHEN CRD1.GlblLocNum = '00000' AND ODPI.DocCur = OADM.MainCurncy THEN N'(สำนักงานใหญ่)'
        WHEN CRD1.GlblLocNum = '00000' AND ODPI.DocCur <> OADM.MainCurncy THEN '(Head office)'
        WHEN CRD1.GlblLocNum <> '00000' AND ODPI.DocCur = OADM.MainCurncy THEN concat(N'(สาขาที่' ,' ',CRD1.GlblLocNum,')')
        WHEN CRD1.GlblLocNum <> '00000' AND ODPI.DocCur <> OADM.MainCurncy THEN concat('(Branch' ,' ',CRD1.GlblLocNum,')')
        WHEN CRD1.GlblLocNum = '' OR CRD1.GlblLocNum IS NULL THEN ''
    END AS 'GLN_BP',
    
    CASE
        WHEN ODPI.Printed = 'N' AND ODPI.DocCur <> OADM.MainCurncy THEN 'Original'
        WHEN ODPI.Printed = 'N' AND ODPI.DocCur = OADM.MainCurncy THEN N'ต้นฉบับ'
        WHEN ODPI.Printed = 'Y' AND ODPI.DocCur <> OADM.MainCurncy THEN 'Copy'
        WHEN ODPI.Printed = 'Y' AND ODPI.DocCur = OADM.MainCurncy THEN N'สำเนา'
    END AS 'Print Status',
    
    NNM1.BeginStr,
    ODPI.DocEntry,
    ODPI.DocNum,
    ODPI.DocDate,
    ODPI.CardCode,
    NULL AS 'unitmsr',
    ODPI.NumAtCard,
    CAST(NULL AS INT) AS 'No.',
    DPI1.LineNum AS 'Line No.',
    ODPI.[Address],
    OCRD.U_SLD_Title,
    OCRD.U_SLD_FullName,
    CRD1.GlblLocNum,
    OCRD.Phone1,
    ISNULL(OCRD.Phone2,'') AS 'Phone2',
    OCRD.Fax,
    ODPI.LicTradNum,
    OCTG.PymntGroup,
    ODPI.DocDueDate,
    NULL AS 'ItemCode',
    CAST(DPI10.LineText AS NVARCHAR(4000)) AS 'Dscription',
    NULL AS 'Quantity',
    ODPI.Comments,
    ODPI.DocCur,
    NULL AS 'PriceBefDi',
    NULL AS 'LineTotal',
    
    CASE WHEN ODPI.DocCur = 'THB' THEN ODPI.VatSum ELSE ODPI.VatSumFC END AS 'VatSum',
    CASE WHEN ODPI.DocCur = 'THB' THEN ODPI.DocTotal ELSE ODPI.DocTotalFC END AS 'DocTotal',
    CASE WHEN ODPI.DocCur = 'THB' THEN ODPI.DpmAmnt ELSE ODPI.DpmAmntFC END AS 'DpmAmnt',
    
    (SELECT CASE WHEN ODPI.DocCur = 'THB' THEN SUM(L.LineTotal) ELSE SUM(L.TotalFrgn) END
        FROM DRF1 L WHERE L.DocEntry = ODPI.DocEntry
        AND L.TreeType NOT IN ('I', 'i')
        AND NOT (ISNULL(L.TreeType, 'N') = 'N' AND EXISTS (SELECT 1 FROM ITT1 WHERE Code = L.ItemCode AND Father = (SELECT TOP 1 P.ItemCode FROM DRF1 P WHERE P.DocEntry = L.DocEntry AND P.VisOrder < L.VisOrder AND (P.TreeType IN ('S', 'A', 'T') OR EXISTS (SELECT 1 FROM OITT WHERE Code = P.ItemCode)) ORDER BY P.VisOrder DESC)))
    ) AS 'Sum_LineTotal_All',
    
    ODPI.dpmprcnt,
    RCT1.CheckNum,
    RCT1.[CheckSum],
    RCT1.DueDate AS 'Check Date',
    CAST(NULL AS NUMERIC(19,6)) AS 'CashSum',
    CAST(NULL AS NUMERIC(19,6)) AS 'TrsfrSum',
    ODSC.BankName,
    'T' AS 'LineType',
    OCPR.Name,
    OCPR.Cellolar AS 'Tel1',
    OCPR.E_MailL AS 'E_MailL_2',
    QPJ.Project,
    
    COALESCE(DPI1.VisOrder, -1) AS 'Sort_VisOrder',
    1 AS 'Sort_IsText',
    DPI10.LineSeq AS 'Sort_Seq'

FROM ODRF ODPI
INNER JOIN DRF10 DPI10 ON ODPI.DocEntry = DPI10.DocEntry
LEFT JOIN DRF1 DPI1 ON DPI10.DocEntry = DPI1.DocEntry AND DPI10.AftLineNum = DPI1.LineNum
OUTER APPLY (
    SELECT TOP 1 P.Project 
    FROM DRF1 P 
    WHERE P.DocEntry = ODPI.DocEntry 
      AND P.Project IS NOT NULL 
      AND P.Project <> ''
) QPJ
LEFT JOIN DRF12 DPI12 ON ODPI.DocEntry = DPI12.DocEntry
LEFT JOIN NNM1 ON ODPI.Series = NNM1.Series 
LEFT JOIN OCRD ON ODPI.CardCode = OCRD.CardCode 
LEFT JOIN OCPR ON ODPI.CntctCode = OCPR.CntctCode
LEFT JOIN CRD1 ON (OCRD.CardCode = CRD1.CardCode AND ODPI.PayToCode = CRD1.[Address] AND CRD1.AdresType ='B')
LEFT JOIN OSLP ON ODPI.SlpCode = OSLP.SlpCode 
LEFT JOIN OCTG ON ODPI.GroupNum = OCTG.GroupNum 
LEFT JOIN OHEM ON ODPI.OwnerCode = OHEM.empID
LEFT JOIN OUSR ON ODPI.UserSign = OUSR.USERID
LEFT JOIN OPRJ ON QPJ.Project = OPRJ.PrjCode 
LEFT JOIN ORCT ON ODPI.ReceiptNum = ORCT.DocEntry
LEFT JOIN RCT1 ON ORCT.DocEntry = RCT1.DocNum
LEFT JOIN RCT2 ON ORCT.DocNum = RCT2.DocEntry
LEFT JOIN ODSC ON RCT1.BankCode = ODSC.BankCode
LEFT JOIN [dbo].[@SLDT_SET_BRANCH] BRANCH ON ODPI.U_SLD_LVatBranch = BRANCH.Code 
CROSS JOIN OADM

WHERE ODPI.DocEntry  = {?DocKey@}
  AND {?ObjectId@} = '112' AND ODPI.ObjType = '203'

) T0
ORDER BY T0.[Sort_VisOrder] ASC, T0.[Sort_IsText] ASC, T0.[Sort_Seq] ASC
[2026-09-09 17:17:19][INFO] Alias filter: AR_DownPayment
[2026-09-09 17:17:19][INFO] Matched 1 report file(s).
[2026-09-09 17:17:19][INFO] --> C:\GitHub\SDA\Form-Layout_SDA\2. Sales - AR\5. AR Down Payment Invoice\1. AR Down Payment Invoice_BOM\1.AR Down Payment_ใบเสร็จรับเงินมัดจำ\1.AR Down Payment_BOM ใบเสร็จรับเงินมัดจำ.rpt
[2026-09-09 17:17:20][HIT]     [main] AR_DownPayment: 1 match(es)  (sqlLen=26248, fields=64)
[2026-09-09 17:17:20][OK]         User ID forced to 'sa'
[2026-09-09 17:17:20][OK]         [main] Address: User ID stamped 'sa' (SQL unchanged)
[2026-09-09 17:17:20][OK]         [main] Create: User ID stamped 'sa' (SQL unchanged)
[2026-09-09 17:17:20][OK]         [main] Command: User ID stamped 'sa' (SQL unchanged)
[2026-09-09 17:17:41][OK]     saved (1 replacement(s) in 1 table(s))
[2026-09-09 17:17:42][OK]     verified on disk: 4 command table(s)
[2026-09-09 17:17:42][INFO] ==============================================================
[2026-09-09 17:17:42][INFO] SUMMARY mode=APPLY  filesScanned=1  filesTouched=1  tablesTouched=1  replacements=1  fieldDiff=0  connDiff=0  userLost=0  errCount=0
[2026-09-09 17:17:42][INFO] USER ID ROUTES  keepuser=0  forced=4  fallback=0  noUserToStart=0
[2026-09-09 17:17:42][INFO] ==============================================================
[2026-09-09 17:17:54][INFO] === Edit-CommandSQL start  mode=APPLY ===
[2026-09-09 17:17:54][INFO] Root=C:\GitHub\SDA\Form-Layout_SDA\2. Sales - AR\5. AR Down Payment Invoice\1. AR Down Payment Invoice_BOM\1.AR Down Payment_ใบเสร็จรับเงินมัดจำ\1.AR Down Payment_BOM_ENG ใบเสร็จรับเงินมัดจำ.rpt
[2026-09-09 17:17:54][INFO] Pattern=(?s)\A.*\z
[2026-09-09 17:17:54][INFO] Replacement=-- RPT: 2. Sales - AR\5. AR Down Payment Invoice\1.AR Down Payment_ใบเสร็จรับเงินมัดจำ\1.AR Down Payment_BOM_ENG ใบเสร็จรับเงินมัดจำ.rpt
-- SCOPE: main
-- ALIAS: AR_DownPayment
-- FIELDS: 63
-- ---------------------------------------------------------------
WITH ComponentSums AS (
    SELECT 
        T0.DocEntry,
        (SELECT TOP 1 P.VisOrder 
         FROM DPI1 P 
         WHERE P.DocEntry = T0.DocEntry 
           AND P.VisOrder < T0.VisOrder 
           AND (P.TreeType IN ('S', 'A', 'T') OR EXISTS (SELECT 1 FROM OITT WHERE Code = P.ItemCode)) 
         ORDER BY P.VisOrder DESC) AS Parent_VisOrder,
         T0.PriceBefDi AS CompPriceBefDi,
        CASE WHEN OQ.DocCur = 'THB' THEN T0.LineTotal ELSE T0.TotalFrgn END AS CompLineTotal
    FROM DPI1 T0
    INNER JOIN ODPI OQ ON T0.DocEntry = OQ.DocEntry
    WHERE T0.DocEntry = {?DocKey@}
      AND (
          T0.TreeType IN ('i', 'I') 
          OR (
              ISNULL(T0.TreeType, 'N') = 'N'
              AND EXISTS (
                  SELECT 1 FROM ITT1
                  WHERE Code = T0.ItemCode
                    AND Father = (SELECT TOP 1 P.ItemCode FROM DPI1 P WHERE P.DocEntry = T0.DocEntry AND P.VisOrder < T0.VisOrder AND (P.TreeType IN ('S', 'A', 'T') OR EXISTS (SELECT 1 FROM OITT WHERE Code = P.ItemCode)) ORDER BY P.VisOrder DESC)
              )
          )
      )
),
GroupedParent AS (
    SELECT 
        DocEntry,
        Parent_VisOrder,
        SUM(CompPriceBefDi) AS Sum_PriceBefDi,
        SUM(CompLineTotal) AS Sum_LineTotal
    FROM ComponentSums
    WHERE Parent_VisOrder IS NOT NULL
    GROUP BY DocEntry, Parent_VisOrder
),
ComponentSums_D AS (
    SELECT 
        T0.DocEntry,
        (SELECT TOP 1 P.VisOrder 
         FROM DRF1 P 
         WHERE P.DocEntry = T0.DocEntry 
           AND P.VisOrder < T0.VisOrder 
           AND (P.TreeType IN ('S', 'A', 'T') OR EXISTS (SELECT 1 FROM OITT WHERE Code = P.ItemCode)) 
         ORDER BY P.VisOrder DESC) AS Parent_VisOrder,
         T0.PriceBefDi AS CompPriceBefDi,
        CASE WHEN OQ.DocCur = 'THB' THEN T0.LineTotal ELSE T0.TotalFrgn END AS CompLineTotal
    FROM DRF1 T0
    INNER JOIN ODRF OQ ON T0.DocEntry = OQ.DocEntry
    WHERE T0.DocEntry = {?DocKey@} AND OQ.ObjType = '203'
      AND (
          T0.TreeType IN ('i', 'I') 
          OR (
              ISNULL(T0.TreeType, 'N') = 'N'
              AND EXISTS (
                  SELECT 1 FROM ITT1
                  WHERE Code = T0.ItemCode
                    AND Father = (SELECT TOP 1 P.ItemCode FROM DRF1 P WHERE P.DocEntry = T0.DocEntry AND P.VisOrder < T0.VisOrder AND (P.TreeType IN ('S', 'A', 'T') OR EXISTS (SELECT 1 FROM OITT WHERE Code = P.ItemCode)) ORDER BY P.VisOrder DESC)
              )
          )
      )
),
GroupedParent_D AS (
    SELECT 
        DocEntry,
        Parent_VisOrder,
        SUM(CompPriceBefDi) AS Sum_PriceBefDi,
        SUM(CompLineTotal) AS Sum_LineTotal
    FROM ComponentSums_D
    WHERE Parent_VisOrder IS NOT NULL
    GROUP BY DocEntry, Parent_VisOrder
)

SELECT T0.*
FROM (
-- ========================================================
-- 1.1 item rows of the real document
-- ========================================================
SELECT DISTINCT

    CRD1.Street     AS '1Bill',
    CRD1.State        AS StateB,
    OCRY.Name         AS 'CountryName',

    CRD1.StreetNo   AS '2Bill',

    CRD1.Block      AS '3Bill',

    CRD1.City       AS '4Bill',

    CRD1.County     AS '5Bill',

    CRD1.ZipCode    AS '6Bill',

    DPI12.StreetS     AS '1Ship',

    DPI12.StreetNoS   AS '2Ship',

    DPI12.BlockS      AS '3Ship',

    DPI12.CityS       AS '4Ship',

    DPI12.CountyS     AS '5Ship',

    DPI12.ZipCodeS    AS '6Ship',

    
    CASE 
        WHEN OCRD.Phone2 IS NULL THEN ''
        WHEN OCRD.Phone2 IS NOT NULL THEN ', ' + OCRD.Phone2
    END AS 'Phone2',

    OCPR.Name AS 'Coontact',

    
    CASE 
        WHEN BRANCH.Code = '00000' AND ODPI.DocCur = OADM.MainCurncy THEN N'สำนักงานใหญ่'
        WHEN BRANCH.Code = '00000' AND ODPI.DocCur <> OADM.MainCurncy THEN 'Head office'
        WHEN BRANCH.Code <> '00000' AND ODPI.DocCur = OADM.MainCurncy THEN concat(N'สาขาที่' ,' ',BRANCH.Code)
        WHEN BRANCH.Code <> '00000' AND ODPI.DocCur <> OADM.MainCurncy THEN concat('Branch' ,' ',BRANCH.Code)
    END AS 'GLN_H',

    
    CASE 
        WHEN CRD1.GlblLocNum = '00000' AND ODPI.DocCur = OADM.MainCurncy THEN N'(สำนักงานใหญ่)'
        WHEN CRD1.GlblLocNum = '00000' AND ODPI.DocCur <> OADM.MainCurncy THEN '(Head office)'
        WHEN CRD1.GlblLocNum <> '00000' AND ODPI.DocCur = OADM.MainCurncy THEN concat(N'(สาขาที่' ,' ',CRD1.GlblLocNum,')')
        WHEN CRD1.GlblLocNum <> '00000' AND ODPI.DocCur <> OADM.MainCurncy THEN concat('(Branch' ,' ',CRD1.GlblLocNum,')')
        WHEN CRD1.GlblLocNum = '' OR CRD1.GlblLocNum IS NULL THEN ''
    END AS 'GLN_BP',

    
    CASE
        WHEN ODPI.Printed = 'N' AND ODPI.DocCur <> OADM.MainCurncy THEN 'Original'
        WHEN ODPI.Printed = 'N' AND ODPI.DocCur = OADM.MainCurncy THEN N'ต้นฉบับ'
        WHEN ODPI.Printed = 'Y' AND ODPI.DocCur <> OADM.MainCurncy THEN 'Copy'
        WHEN ODPI.Printed = 'Y' AND ODPI.DocCur = OADM.MainCurncy THEN N'สำเนา'
    END AS 'Print Status',

    
    NNM1.BeginStr,

    ODPI.DocEntry,

    ODPI.DocNum,

    ODPI.DocDate,

    ODPI.CardCode,

    DPI1.unitmsr,

    ODPI.NumAtCard,

    DENSE_RANK() OVER (ORDER BY DPI1.VisOrder ASC) AS 'No.',

    DPI1.LineNum AS 'Line No.',
 
    ODPI.[Address],

    OCRD.U_SLD_Title,

    OCRD.U_SLD_FullName,

    CRD1.GlblLocNum,

    OCRD.Phone1,

    ISNULL(OCRD.Phone2,'') AS 'Phone2_2',

    OCRD.Fax,

    ODPI.LicTradNum,

    
    CASE 
         WHEN OCTG.PymntGroup = N'เงินสด' THEN 'Cash'
         WHEN OCTG.PymntGroup = N'120 วัน' THEN '120 Days'
         WHEN OCTG.PymntGroup = N'90 วัน' THEN '90 Days'
         WHEN OCTG.PymntGroup = N'60 วัน' THEN '60 Days'
         WHEN OCTG.PymntGroup = N'45 วัน' THEN '45 Days'
         WHEN OCTG.PymntGroup = N'30 วัน' THEN '30 Days'
         WHEN OCTG.PymntGroup = N'15 วัน' THEN '15 Days'
         WHEN OCTG.PymntGroup = N'7 วัน' THEN '7 Days'
         WHEN OCTG.PymntGroup = N'3 วัน' THEN '3 Days'
    END AS 'PaymentEng',

    
    ODPI.DocDueDate,

    DPI1.ItemCode,

    DPI1.Dscription AS 'Dscription',

    DPI1.Quantity,

    ODPI.Comments,

    ODPI.DocCur,

    
    -- ดึงราคา PriceBefDi
    CASE
        WHEN ISNULL(GPS.Sum_PriceBefDi, 0) = 0 THEN DPI1.PriceBefDi 
        ELSE GPS.Sum_PriceBefDi
    END AS 'PriceBefDi',

    
    -- ดึงยอด LineTotal
    CASE 
        WHEN DPI1.LineTotal = 0 THEN ISNULL(GPS.Sum_LineTotal, 0)
        WHEN ODPI.DocCur = 'THB' THEN DPI1.LineTotal 
        ELSE DPI1.TotalFrgn 
    END AS 'LineTotal',

    
    CASE WHEN ODPI.DocCur = 'THB' THEN ODPI.VatSum ELSE ODPI.VatSumFC END AS 'VatSum',

    CASE WHEN ODPI.DocCur = 'THB' THEN ODPI.DocTotal ELSE ODPI.DocTotalFC END AS 'DocTotal',

    CASE WHEN ODPI.DocCur = 'THB' THEN ODPI.DpmAmnt ELSE ODPI.DpmAmntFC END AS 'DpmAmnt',
    
    (SELECT CASE WHEN ODPI.DocCur = 'THB' THEN SUM(L.LineTotal) ELSE SUM(L.TotalFrgn) END
        FROM DPI1 L WHERE L.DocEntry = ODPI.DocEntry
        AND L.TreeType NOT IN ('I', 'i')
        AND NOT (ISNULL(L.TreeType, 'N') = 'N' AND EXISTS (SELECT 1 FROM ITT1 WHERE Code = L.ItemCode AND Father = (SELECT TOP 1 P.ItemCode FROM DPI1 P WHERE P.DocEntry = L.DocEntry AND P.VisOrder < L.VisOrder AND (P.TreeType IN ('S', 'A', 'T') OR EXISTS (SELECT 1 FROM OITT WHERE Code = P.ItemCode)) ORDER BY P.VisOrder DESC)))
    ) AS 'Sum_LineTotal_All',

    
    ODPI.dpmprcnt,

    RCT1.CheckNum,

    RCT1.[CheckSum],

    RCT1.DueDate AS 'Check Date',
    (SELECT CASE WHEN ODPI.DocCur = 'THB' THEN SUM(L.LineTotal) ELSE SUM(L.TotalFrgn) END
        FROM DPI1 L WHERE L.DocEntry = ODPI.DocEntry) AS 'CashSum',

    SUM(ORCT.TrsfrSum) OVER(PARTITION BY ODPI.DocEntry) AS 'TrsfrSum',

    
    ODSC.BankName,

    DPI1.LineType,

    OSLP.U_Name_Foreign AS 'Name',

    OCPR.Cellolar AS 'Tel1',

    OCPR.E_MailL,

    QPJ.Project,

    ISNULL(NULLIF(OUOM.U_SLD_Uomforeign,''), DPI1.UomCode) AS UgpCode

,
    DPI1.VisOrder AS 'Sort_VisOrder',
    0 AS 'Sort_IsText',
    0 AS 'Sort_Seq'

FROM ODPI
INNER JOIN DPI1 ON ODPI.DocEntry = DPI1.DocEntry
-- ใช้ OUTER APPLY ดึง Project แรกที่เจอใน Line มาใช้งาน
OUTER APPLY (
    SELECT TOP 1 P.Project 
    FROM DPI1 P 
    WHERE P.DocEntry = ODPI.DocEntry 
      AND P.Project IS NOT NULL 
      AND P.Project <> ''
) QPJ
LEFT JOIN DPI12 ON ODPI.DocEntry = DPI12.DocEntry
LEFT JOIN NNM1 ON ODPI.Series = NNM1.Series 
LEFT JOIN OCRD ON ODPI.CardCode = OCRD.CardCode 
LEFT JOIN OCPR ON ODPI.CntctCode = OCPR.CntctCode
LEFT JOIN CRD1 ON (OCRD.CardCode = CRD1.CardCode AND ODPI.PayToCode = CRD1.[Address] AND CRD1.AdresType ='B')
LEFT JOIN OCRY ON CRD1.Country = OCRY.Code
LEFT JOIN OSLP ON ODPI.SlpCode = OSLP.SlpCode 
LEFT JOIN OCTG ON ODPI.GroupNum = OCTG.GroupNum 
LEFT JOIN OHEM ON ODPI.OwnerCode = OHEM.empID
LEFT JOIN OUSR ON ODPI.UserSign = OUSR.USERID
LEFT JOIN OPRJ ON QPJ.Project = OPRJ.PrjCode 
LEFT JOIN ORCT ON ODPI.ReceiptNum = ORCT.DocEntry
LEFT JOIN RCT1 ON ORCT.DocEntry = RCT1.DocNum
LEFT JOIN RCT2 ON ORCT.DocNum = RCT2.DocEntry
LEFT JOIN ODSC ON RCT1.BankCode = ODSC.BankCode
LEFT JOIN OITM ON DPI1.ItemCode = OITM.ItemCode
LEFT JOIN OUOM ON DPI1.UomCode = OUOM.UomCode
LEFT JOIN OITT ON DPI1.ItemCode = OITT.Code AND OITT.TreeType = 'S'
LEFT JOIN [dbo].[@SLDT_SET_BRANCH] BRANCH ON ODPI.U_SLD_LVatBranch = BRANCH.Code
-- Join ยอด Sum กลับเข้ามา
LEFT JOIN GroupedParent GPS ON DPI1.DocEntry = GPS.DocEntry AND DPI1.VisOrder = GPS.Parent_VisOrder
CROSS JOIN OADM

WHERE ODPI.DocEntry = {?DocKey@}
  AND DPI1.TreeType NOT IN ('I', 'i')
  AND NOT (
      ISNULL(DPI1.TreeType, 'N') = 'N'
      AND EXISTS (
          SELECT 1 FROM ITT1
          WHERE Code = DPI1.ItemCode
            AND Father = (SELECT TOP 1 P.ItemCode FROM DPI1 P WHERE P.DocEntry = DPI1.DocEntry AND P.VisOrder < DPI1.VisOrder AND (P.TreeType IN ('S', 'A', 'T') OR EXISTS (SELECT 1 FROM OITT WHERE Code = P.ItemCode)) ORDER BY P.VisOrder DESC)
      )
  )
  AND {?ObjectId@} = '203'



UNION ALL
-- ========================================================
-- 1.2 text rows (remarks) of the real document
-- ========================================================
SELECT DISTINCT

    CRD1.Street     AS '1Bill',
    CRD1.State        AS StateB,
    OCRY.Name         AS 'CountryName',

    CRD1.StreetNo   AS '2Bill',

    CRD1.Block      AS '3Bill',

    CRD1.City       AS '4Bill',

    CRD1.County     AS '5Bill',

    CRD1.ZipCode    AS '6Bill',

    DPI12.StreetS     AS '1Ship',

    DPI12.StreetNoS   AS '2Ship',

    DPI12.BlockS      AS '3Ship',

    DPI12.CityS       AS '4Ship',

    DPI12.CountyS     AS '5Ship',

    DPI12.ZipCodeS    AS '6Ship',

    
    CASE 
        WHEN OCRD.Phone2 IS NULL THEN ''
        WHEN OCRD.Phone2 IS NOT NULL THEN ', ' + OCRD.Phone2
    END AS 'Phone2',

    OCPR.Name AS 'Coontact',

    
    CASE 
        WHEN BRANCH.Code = '00000' AND ODPI.DocCur = OADM.MainCurncy THEN N'สำนักงานใหญ่'
        WHEN BRANCH.Code = '00000' AND ODPI.DocCur <> OADM.MainCurncy THEN 'Head office'
        WHEN BRANCH.Code <> '00000' AND ODPI.DocCur = OADM.MainCurncy THEN concat(N'สาขาที่' ,' ',BRANCH.Code)
        WHEN BRANCH.Code <> '00000' AND ODPI.DocCur <> OADM.MainCurncy THEN concat('Branch' ,' ',BRANCH.Code)
    END AS 'GLN_H',

    
    CASE 
        WHEN CRD1.GlblLocNum = '00000' AND ODPI.DocCur = OADM.MainCurncy THEN N'(สำนักงานใหญ่)'
        WHEN CRD1.GlblLocNum = '00000' AND ODPI.DocCur <> OADM.MainCurncy THEN '(Head office)'
        WHEN CRD1.GlblLocNum <> '00000' AND ODPI.DocCur = OADM.MainCurncy THEN concat(N'(สาขาที่' ,' ',CRD1.GlblLocNum,')')
        WHEN CRD1.GlblLocNum <> '00000' AND ODPI.DocCur <> OADM.MainCurncy THEN concat('(Branch' ,' ',CRD1.GlblLocNum,')')
        WHEN CRD1.GlblLocNum = '' OR CRD1.GlblLocNum IS NULL THEN ''
    END AS 'GLN_BP',

    
    CASE
        WHEN ODPI.Printed = 'N' AND ODPI.DocCur <> OADM.MainCurncy THEN 'Original'
        WHEN ODPI.Printed = 'N' AND ODPI.DocCur = OADM.MainCurncy THEN N'ต้นฉบับ'
        WHEN ODPI.Printed = 'Y' AND ODPI.DocCur <> OADM.MainCurncy THEN 'Copy'
        WHEN ODPI.Printed = 'Y' AND ODPI.DocCur = OADM.MainCurncy THEN N'สำเนา'
    END AS 'Print Status',

    
    NNM1.BeginStr,

    ODPI.DocEntry,

    ODPI.DocNum,

    ODPI.DocDate,

    ODPI.CardCode,
    NULL AS 'unitmsr',

    ODPI.NumAtCard,
    CAST(NULL AS INT) AS 'No.',
    DPI1.LineNum AS 'Line No.',
 
    ODPI.[Address],

    OCRD.U_SLD_Title,

    OCRD.U_SLD_FullName,

    CRD1.GlblLocNum,

    OCRD.Phone1,

    ISNULL(OCRD.Phone2,'') AS 'Phone2_2',

    OCRD.Fax,

    ODPI.LicTradNum,

    
    CASE 
         WHEN OCTG.PymntGroup = N'เงินสด' THEN 'Cash'
         WHEN OCTG.PymntGroup = N'120 วัน' THEN '120 Days'
         WHEN OCTG.PymntGroup = N'90 วัน' THEN '90 Days'
         WHEN OCTG.PymntGroup = N'60 วัน' THEN '60 Days'
         WHEN OCTG.PymntGroup = N'45 วัน' THEN '45 Days'
         WHEN OCTG.PymntGroup = N'30 วัน' THEN '30 Days'
         WHEN OCTG.PymntGroup = N'15 วัน' THEN '15 Days'
         WHEN OCTG.PymntGroup = N'7 วัน' THEN '7 Days'
         WHEN OCTG.PymntGroup = N'3 วัน' THEN '3 Days'
    END AS 'PaymentEng',

    
    ODPI.DocDueDate,
    NULL AS 'ItemCode',
    CAST(DPI10.LineText AS NVARCHAR(4000)) AS 'Dscription',
    NULL AS 'Quantity',

    ODPI.Comments,

    ODPI.DocCur,
    NULL AS 'PriceBefDi',
    NULL AS 'LineTotal',

    
    CASE WHEN ODPI.DocCur = 'THB' THEN ODPI.VatSum ELSE ODPI.VatSumFC END AS 'VatSum',

    CASE WHEN ODPI.DocCur = 'THB' THEN ODPI.DocTotal ELSE ODPI.DocTotalFC END AS 'DocTotal',

    CASE WHEN ODPI.DocCur = 'THB' THEN ODPI.DpmAmnt ELSE ODPI.DpmAmntFC END AS 'DpmAmnt',
    
    (SELECT CASE WHEN ODPI.DocCur = 'THB' THEN SUM(L.LineTotal) ELSE SUM(L.TotalFrgn) END
        FROM DPI1 L WHERE L.DocEntry = ODPI.DocEntry
        AND L.TreeType NOT IN ('I', 'i')
        AND NOT (ISNULL(L.TreeType, 'N') = 'N' AND EXISTS (SELECT 1 FROM ITT1 WHERE Code = L.ItemCode AND Father = (SELECT TOP 1 P.ItemCode FROM DPI1 P WHERE P.DocEntry = L.DocEntry AND P.VisOrder < L.VisOrder AND (P.TreeType IN ('S', 'A', 'T') OR EXISTS (SELECT 1 FROM OITT WHERE Code = P.ItemCode)) ORDER BY P.VisOrder DESC)))
    ) AS 'Sum_LineTotal_All',

    
    ODPI.dpmprcnt,

    RCT1.CheckNum,

    RCT1.[CheckSum],

    RCT1.DueDate AS 'Check Date',

    
    -- ใช้ SUM() OVER() แทน GROUP BY สำหรับยอด Cash และ Transfer
    SUM(ORCT.CashSum) OVER(PARTITION BY ODPI.DocEntry) AS 'CashSum',

    SUM(ORCT.TrsfrSum) OVER(PARTITION BY ODPI.DocEntry) AS 'TrsfrSum',

    
    ODSC.BankName,
    'T' AS 'LineType',

    OSLP.U_Name_Foreign AS 'Name',

    OCPR.Cellolar AS 'Tel1',

    OCPR.E_MailL,

    QPJ.Project,

    ISNULL(NULLIF(OUOM.U_SLD_Uomforeign,''), DPI1.UomCode) AS UgpCode

,
    COALESCE(DPI1.VisOrder, -1) AS 'Sort_VisOrder',
    1 AS 'Sort_IsText',
    DPI10.LineSeq AS 'Sort_Seq'

FROM ODPI
INNER JOIN DPI10 ON ODPI.DocEntry = DPI10.DocEntry
LEFT JOIN DPI1 ON DPI10.DocEntry = DPI1.DocEntry AND DPI10.AftLineNum = DPI1.LineNum
-- ใช้ OUTER APPLY ดึง Project แรกที่เจอใน Line มาใช้งาน
OUTER APPLY (
    SELECT TOP 1 P.Project 
    FROM DPI1 P 
    WHERE P.DocEntry = ODPI.DocEntry 
      AND P.Project IS NOT NULL 
      AND P.Project <> ''
) QPJ
LEFT JOIN DPI12 ON ODPI.DocEntry = DPI12.DocEntry
LEFT JOIN NNM1 ON ODPI.Series = NNM1.Series 
LEFT JOIN OCRD ON ODPI.CardCode = OCRD.CardCode 
LEFT JOIN OCPR ON ODPI.CntctCode = OCPR.CntctCode
LEFT JOIN CRD1 ON (OCRD.CardCode = CRD1.CardCode AND ODPI.PayToCode = CRD1.[Address] AND CRD1.AdresType ='B')
LEFT JOIN OCRY ON CRD1.Country = OCRY.Code
LEFT JOIN OSLP ON ODPI.SlpCode = OSLP.SlpCode 
LEFT JOIN OCTG ON ODPI.GroupNum = OCTG.GroupNum 
LEFT JOIN OHEM ON ODPI.OwnerCode = OHEM.empID
LEFT JOIN OUSR ON ODPI.UserSign = OUSR.USERID
LEFT JOIN OPRJ ON QPJ.Project = OPRJ.PrjCode 
LEFT JOIN ORCT ON ODPI.ReceiptNum = ORCT.DocEntry
LEFT JOIN RCT1 ON ORCT.DocEntry = RCT1.DocNum
LEFT JOIN RCT2 ON ORCT.DocNum = RCT2.DocEntry
LEFT JOIN ODSC ON RCT1.BankCode = ODSC.BankCode

LEFT JOIN OUOM ON DPI1.UomCode = OUOM.UomCode
LEFT JOIN OITT ON DPI1.ItemCode = OITT.Code AND OITT.TreeType = 'S'
LEFT JOIN [dbo].[@SLDT_SET_BRANCH] BRANCH ON ODPI.U_SLD_LVatBranch = BRANCH.Code
CROSS JOIN OADM

WHERE ODPI.DocEntry = {?DocKey@}
  AND {?ObjectId@} = '203'



UNION ALL
-- ========================================================
-- 2.1 item rows of the draft document
-- ========================================================
SELECT DISTINCT

    CRD1.Street     AS '1Bill',
    CRD1.State        AS StateB,
    OCRY.Name         AS 'CountryName',

    CRD1.StreetNo   AS '2Bill',

    CRD1.Block      AS '3Bill',

    CRD1.City       AS '4Bill',

    CRD1.County     AS '5Bill',

    CRD1.ZipCode    AS '6Bill',

    DPI12.StreetS     AS '1Ship',

    DPI12.StreetNoS   AS '2Ship',

    DPI12.BlockS      AS '3Ship',

    DPI12.CityS       AS '4Ship',

    DPI12.CountyS     AS '5Ship',

    DPI12.ZipCodeS    AS '6Ship',

    
    CASE 
        WHEN OCRD.Phone2 IS NULL THEN ''
        WHEN OCRD.Phone2 IS NOT NULL THEN ', ' + OCRD.Phone2
    END AS 'Phone2',

    OCPR.Name AS 'Coontact',

    
    CASE 
        WHEN BRANCH.Code = '00000' AND ODPI.DocCur = OADM.MainCurncy THEN N'สำนักงานใหญ่'
        WHEN BRANCH.Code = '00000' AND ODPI.DocCur <> OADM.MainCurncy THEN 'Head office'
        WHEN BRANCH.Code <> '00000' AND ODPI.DocCur = OADM.MainCurncy THEN concat(N'สาขาที่' ,' ',BRANCH.Code)
        WHEN BRANCH.Code <> '00000' AND ODPI.DocCur <> OADM.MainCurncy THEN concat('Branch' ,' ',BRANCH.Code)
    END AS 'GLN_H',

    
    CASE 
        WHEN CRD1.GlblLocNum = '00000' AND ODPI.DocCur = OADM.MainCurncy THEN N'(สำนักงานใหญ่)'
        WHEN CRD1.GlblLocNum = '00000' AND ODPI.DocCur <> OADM.MainCurncy THEN '(Head office)'
        WHEN CRD1.GlblLocNum <> '00000' AND ODPI.DocCur = OADM.MainCurncy THEN concat(N'(สาขาที่' ,' ',CRD1.GlblLocNum,')')
        WHEN CRD1.GlblLocNum <> '00000' AND ODPI.DocCur <> OADM.MainCurncy THEN concat('(Branch' ,' ',CRD1.GlblLocNum,')')
        WHEN CRD1.GlblLocNum = '' OR CRD1.GlblLocNum IS NULL THEN ''
    END AS 'GLN_BP',

    
    CASE
        WHEN ODPI.Printed = 'N' AND ODPI.DocCur <> OADM.MainCurncy THEN 'Original'
        WHEN ODPI.Printed = 'N' AND ODPI.DocCur = OADM.MainCurncy THEN N'ต้นฉบับ'
        WHEN ODPI.Printed = 'Y' AND ODPI.DocCur <> OADM.MainCurncy THEN 'Copy'
        WHEN ODPI.Printed = 'Y' AND ODPI.DocCur = OADM.MainCurncy THEN N'สำเนา'
    END AS 'Print Status',

    
    NNM1.BeginStr,

    ODPI.DocEntry,

    ODPI.DocNum,

    ODPI.DocDate,

    ODPI.CardCode,

    DPI1.unitmsr,

    ODPI.NumAtCard,

    DENSE_RANK() OVER (ORDER BY DPI1.VisOrder ASC) AS 'No.',

    DPI1.LineNum AS 'Line No.',
 
    ODPI.[Address],

    OCRD.U_SLD_Title,

    OCRD.U_SLD_FullName,

    CRD1.GlblLocNum,

    OCRD.Phone1,

    ISNULL(OCRD.Phone2,'') AS 'Phone2_2',

    OCRD.Fax,

    ODPI.LicTradNum,

    
    CASE 
         WHEN OCTG.PymntGroup = N'เงินสด' THEN 'Cash'
         WHEN OCTG.PymntGroup = N'120 วัน' THEN '120 Days'
         WHEN OCTG.PymntGroup = N'90 วัน' THEN '90 Days'
         WHEN OCTG.PymntGroup = N'60 วัน' THEN '60 Days'
         WHEN OCTG.PymntGroup = N'45 วัน' THEN '45 Days'
         WHEN OCTG.PymntGroup = N'30 วัน' THEN '30 Days'
         WHEN OCTG.PymntGroup = N'15 วัน' THEN '15 Days'
         WHEN OCTG.PymntGroup = N'7 วัน' THEN '7 Days'
         WHEN OCTG.PymntGroup = N'3 วัน' THEN '3 Days'
    END AS 'PaymentEng',

    
    ODPI.DocDueDate,

    DPI1.ItemCode,

    DPI1.Dscription AS 'Dscription',

    DPI1.Quantity,

    ODPI.Comments,

    ODPI.DocCur,

    
    -- ดึงราคา PriceBefDi
    CASE
        WHEN ISNULL(GPS.Sum_PriceBefDi, 0) = 0 THEN DPI1.PriceBefDi 
        ELSE GPS.Sum_PriceBefDi
    END AS 'PriceBefDi',

    
    -- ดึงยอด LineTotal
    CASE 
        WHEN DPI1.LineTotal = 0 THEN ISNULL(GPS.Sum_LineTotal, 0)
        WHEN ODPI.DocCur = 'THB' THEN DPI1.LineTotal 
        ELSE DPI1.TotalFrgn 
    END AS 'LineTotal',

    
    CASE WHEN ODPI.DocCur = 'THB' THEN ODPI.VatSum ELSE ODPI.VatSumFC END AS 'VatSum',

    CASE WHEN ODPI.DocCur = 'THB' THEN ODPI.DocTotal ELSE ODPI.DocTotalFC END AS 'DocTotal',

    CASE WHEN ODPI.DocCur = 'THB' THEN ODPI.DpmAmnt ELSE ODPI.DpmAmntFC END AS 'DpmAmnt',
    
    (SELECT CASE WHEN ODPI.DocCur = 'THB' THEN SUM(L.LineTotal) ELSE SUM(L.TotalFrgn) END
        FROM DRF1 L WHERE L.DocEntry = ODPI.DocEntry
        AND L.TreeType NOT IN ('I', 'i')
        AND NOT (ISNULL(L.TreeType, 'N') = 'N' AND EXISTS (SELECT 1 FROM ITT1 WHERE Code = L.ItemCode AND Father = (SELECT TOP 1 P.ItemCode FROM DRF1 P WHERE P.DocEntry = L.DocEntry AND P.VisOrder < L.VisOrder AND (P.TreeType IN ('S', 'A', 'T') OR EXISTS (SELECT 1 FROM OITT WHERE Code = P.ItemCode)) ORDER BY P.VisOrder DESC)))
    ) AS 'Sum_LineTotal_All',

    
    ODPI.dpmprcnt,

    RCT1.CheckNum,

    RCT1.[CheckSum],

    RCT1.DueDate AS 'Check Date',
    CAST(NULL AS NUMERIC(19,6)) AS 'CashSum',

    CAST(NULL AS NUMERIC(19,6)) AS 'TrsfrSum',

    
    ODSC.BankName,

    DPI1.LineType,

    OSLP.U_Name_Foreign AS 'Name',

    OCPR.Cellolar AS 'Tel1',

    OCPR.E_MailL,

    QPJ.Project,

    ISNULL(NULLIF(OUOM.U_SLD_Uomforeign,''), DPI1.UomCode) AS UgpCode

,
    DPI1.VisOrder AS 'Sort_VisOrder',
    0 AS 'Sort_IsText',
    0 AS 'Sort_Seq'

FROM ODRF ODPI
INNER JOIN DRF1 DPI1 ON ODPI.DocEntry = DPI1.DocEntry
-- ใช้ OUTER APPLY ดึง Project แรกที่เจอใน Line มาใช้งาน
OUTER APPLY (
    SELECT TOP 1 P.Project 
    FROM DRF1 P 
    WHERE P.DocEntry = ODPI.DocEntry 
      AND P.Project IS NOT NULL 
      AND P.Project <> ''
) QPJ
LEFT JOIN DRF12 DPI12 ON ODPI.DocEntry = DPI12.DocEntry
LEFT JOIN NNM1 ON ODPI.Series = NNM1.Series 
LEFT JOIN OCRD ON ODPI.CardCode = OCRD.CardCode 
LEFT JOIN OCPR ON ODPI.CntctCode = OCPR.CntctCode
LEFT JOIN CRD1 ON (OCRD.CardCode = CRD1.CardCode AND ODPI.PayToCode = CRD1.[Address] AND CRD1.AdresType ='B')
LEFT JOIN OCRY ON CRD1.Country = OCRY.Code
LEFT JOIN OSLP ON ODPI.SlpCode = OSLP.SlpCode 
LEFT JOIN OCTG ON ODPI.GroupNum = OCTG.GroupNum 
LEFT JOIN OHEM ON ODPI.OwnerCode = OHEM.empID
LEFT JOIN OUSR ON ODPI.UserSign = OUSR.USERID
LEFT JOIN OPRJ ON QPJ.Project = OPRJ.PrjCode 
LEFT JOIN ORCT ON ODPI.ReceiptNum = ORCT.DocEntry
LEFT JOIN RCT1 ON ORCT.DocEntry = RCT1.DocNum
LEFT JOIN RCT2 ON ORCT.DocNum = RCT2.DocEntry
LEFT JOIN ODSC ON RCT1.BankCode = ODSC.BankCode
LEFT JOIN OITM ON DPI1.ItemCode = OITM.ItemCode
LEFT JOIN OUOM ON DPI1.UomCode = OUOM.UomCode
LEFT JOIN OITT ON DPI1.ItemCode = OITT.Code AND OITT.TreeType = 'S'
LEFT JOIN [dbo].[@SLDT_SET_BRANCH] BRANCH ON ODPI.U_SLD_LVatBranch = BRANCH.Code
-- Join ยอด Sum กลับเข้ามา
LEFT JOIN GroupedParent_D GPS ON DPI1.DocEntry = GPS.DocEntry AND DPI1.VisOrder = GPS.Parent_VisOrder
CROSS JOIN OADM

WHERE ODPI.DocEntry = {?DocKey@}
  AND DPI1.TreeType NOT IN ('I', 'i')
  AND NOT (
      ISNULL(DPI1.TreeType, 'N') = 'N'
      AND EXISTS (
          SELECT 1 FROM ITT1
          WHERE Code = DPI1.ItemCode
            AND Father = (SELECT TOP 1 P.ItemCode FROM DRF1 P WHERE P.DocEntry = DPI1.DocEntry AND P.VisOrder < DPI1.VisOrder AND (P.TreeType IN ('S', 'A', 'T') OR EXISTS (SELECT 1 FROM OITT WHERE Code = P.ItemCode)) ORDER BY P.VisOrder DESC)
      )
  )
  AND {?ObjectId@} = '112' AND ODPI.ObjType = '203'


UNION ALL
-- ========================================================
-- 2.2 text rows (remarks) of the draft document
-- ========================================================
SELECT DISTINCT

    CRD1.Street     AS '1Bill',
    CRD1.State        AS StateB,
    OCRY.Name         AS 'CountryName',

    CRD1.StreetNo   AS '2Bill',

    CRD1.Block      AS '3Bill',

    CRD1.City       AS '4Bill',

    CRD1.County     AS '5Bill',

    CRD1.ZipCode    AS '6Bill',

    DPI12.StreetS     AS '1Ship',

    DPI12.StreetNoS   AS '2Ship',

    DPI12.BlockS      AS '3Ship',

    DPI12.CityS       AS '4Ship',

    DPI12.CountyS     AS '5Ship',

    DPI12.ZipCodeS    AS '6Ship',

    
    CASE 
        WHEN OCRD.Phone2 IS NULL THEN ''
        WHEN OCRD.Phone2 IS NOT NULL THEN ', ' + OCRD.Phone2
    END AS 'Phone2',

    OCPR.Name AS 'Coontact',

    
    CASE 
        WHEN BRANCH.Code = '00000' AND ODPI.DocCur = OADM.MainCurncy THEN N'สำนักงานใหญ่'
        WHEN BRANCH.Code = '00000' AND ODPI.DocCur <> OADM.MainCurncy THEN 'Head office'
        WHEN BRANCH.Code <> '00000' AND ODPI.DocCur = OADM.MainCurncy THEN concat(N'สาขาที่' ,' ',BRANCH.Code)
        WHEN BRANCH.Code <> '00000' AND ODPI.DocCur <> OADM.MainCurncy THEN concat('Branch' ,' ',BRANCH.Code)
    END AS 'GLN_H',

    
    CASE 
        WHEN CRD1.GlblLocNum = '00000' AND ODPI.DocCur = OADM.MainCurncy THEN N'(สำนักงานใหญ่)'
        WHEN CRD1.GlblLocNum = '00000' AND ODPI.DocCur <> OADM.MainCurncy THEN '(Head office)'
        WHEN CRD1.GlblLocNum <> '00000' AND ODPI.DocCur = OADM.MainCurncy THEN concat(N'(สาขาที่' ,' ',CRD1.GlblLocNum,')')
        WHEN CRD1.GlblLocNum <> '00000' AND ODPI.DocCur <> OADM.MainCurncy THEN concat('(Branch' ,' ',CRD1.GlblLocNum,')')
        WHEN CRD1.GlblLocNum = '' OR CRD1.GlblLocNum IS NULL THEN ''
    END AS 'GLN_BP',

    
    CASE
        WHEN ODPI.Printed = 'N' AND ODPI.DocCur <> OADM.MainCurncy THEN 'Original'
        WHEN ODPI.Printed = 'N' AND ODPI.DocCur = OADM.MainCurncy THEN N'ต้นฉบับ'
        WHEN ODPI.Printed = 'Y' AND ODPI.DocCur <> OADM.MainCurncy THEN 'Copy'
        WHEN ODPI.Printed = 'Y' AND ODPI.DocCur = OADM.MainCurncy THEN N'สำเนา'
    END AS 'Print Status',

    
    NNM1.BeginStr,

    ODPI.DocEntry,

    ODPI.DocNum,

    ODPI.DocDate,

    ODPI.CardCode,
    NULL AS 'unitmsr',

    ODPI.NumAtCard,
    CAST(NULL AS INT) AS 'No.',
    DPI1.LineNum AS 'Line No.',
 
    ODPI.[Address],

    OCRD.U_SLD_Title,

    OCRD.U_SLD_FullName,

    CRD1.GlblLocNum,

    OCRD.Phone1,

    ISNULL(OCRD.Phone2,'') AS 'Phone2_2',

    OCRD.Fax,

    ODPI.LicTradNum,

    
    CASE 
         WHEN OCTG.PymntGroup = N'เงินสด' THEN 'Cash'
         WHEN OCTG.PymntGroup = N'120 วัน' THEN '120 Days'
         WHEN OCTG.PymntGroup = N'90 วัน' THEN '90 Days'
         WHEN OCTG.PymntGroup = N'60 วัน' THEN '60 Days'
         WHEN OCTG.PymntGroup = N'45 วัน' THEN '45 Days'
         WHEN OCTG.PymntGroup = N'30 วัน' THEN '30 Days'
         WHEN OCTG.PymntGroup = N'15 วัน' THEN '15 Days'
         WHEN OCTG.PymntGroup = N'7 วัน' THEN '7 Days'
         WHEN OCTG.PymntGroup = N'3 วัน' THEN '3 Days'
    END AS 'PaymentEng',

    
    ODPI.DocDueDate,
    NULL AS 'ItemCode',
    CAST(DPI10.LineText AS NVARCHAR(4000)) AS 'Dscription',
    NULL AS 'Quantity',

    ODPI.Comments,

    ODPI.DocCur,
    NULL AS 'PriceBefDi',
    NULL AS 'LineTotal',

    
    CASE WHEN ODPI.DocCur = 'THB' THEN ODPI.VatSum ELSE ODPI.VatSumFC END AS 'VatSum',

    CASE WHEN ODPI.DocCur = 'THB' THEN ODPI.DocTotal ELSE ODPI.DocTotalFC END AS 'DocTotal',

    CASE WHEN ODPI.DocCur = 'THB' THEN ODPI.DpmAmnt ELSE ODPI.DpmAmntFC END AS 'DpmAmnt',
    
    (SELECT CASE WHEN ODPI.DocCur = 'THB' THEN SUM(L.LineTotal) ELSE SUM(L.TotalFrgn) END
        FROM DRF1 L WHERE L.DocEntry = ODPI.DocEntry
        AND L.TreeType NOT IN ('I', 'i')
        AND NOT (ISNULL(L.TreeType, 'N') = 'N' AND EXISTS (SELECT 1 FROM ITT1 WHERE Code = L.ItemCode AND Father = (SELECT TOP 1 P.ItemCode FROM DRF1 P WHERE P.DocEntry = L.DocEntry AND P.VisOrder < L.VisOrder AND (P.TreeType IN ('S', 'A', 'T') OR EXISTS (SELECT 1 FROM OITT WHERE Code = P.ItemCode)) ORDER BY P.VisOrder DESC)))
    ) AS 'Sum_LineTotal_All',

    
    ODPI.dpmprcnt,

    RCT1.CheckNum,

    RCT1.[CheckSum],

    RCT1.DueDate AS 'Check Date',

    
    -- ใช้ SUM() OVER() แทน GROUP BY สำหรับยอด Cash และ Transfer
    CAST(NULL AS NUMERIC(19,6)) AS 'CashSum',

    CAST(NULL AS NUMERIC(19,6)) AS 'TrsfrSum',

    
    ODSC.BankName,
    'T' AS 'LineType',

    OSLP.U_Name_Foreign AS 'Name',

    OCPR.Cellolar AS 'Tel1',

    OCPR.E_MailL,

    QPJ.Project,

    ISNULL(NULLIF(OUOM.U_SLD_Uomforeign,''), DPI1.UomCode) AS UgpCode

,
    COALESCE(DPI1.VisOrder, -1) AS 'Sort_VisOrder',
    1 AS 'Sort_IsText',
    DPI10.LineSeq AS 'Sort_Seq'

FROM ODRF ODPI
INNER JOIN DRF10 DPI10 ON ODPI.DocEntry = DPI10.DocEntry
LEFT JOIN DRF1 DPI1 ON DPI10.DocEntry = DPI1.DocEntry AND DPI10.AftLineNum = DPI1.LineNum
-- ใช้ OUTER APPLY ดึง Project แรกที่เจอใน Line มาใช้งาน
OUTER APPLY (
    SELECT TOP 1 P.Project 
    FROM DRF1 P 
    WHERE P.DocEntry = ODPI.DocEntry 
      AND P.Project IS NOT NULL 
      AND P.Project <> ''
) QPJ
LEFT JOIN DRF12 DPI12 ON ODPI.DocEntry = DPI12.DocEntry
LEFT JOIN NNM1 ON ODPI.Series = NNM1.Series 
LEFT JOIN OCRD ON ODPI.CardCode = OCRD.CardCode 
LEFT JOIN OCPR ON ODPI.CntctCode = OCPR.CntctCode
LEFT JOIN CRD1 ON (OCRD.CardCode = CRD1.CardCode AND ODPI.PayToCode = CRD1.[Address] AND CRD1.AdresType ='B')
LEFT JOIN OCRY ON CRD1.Country = OCRY.Code
LEFT JOIN OSLP ON ODPI.SlpCode = OSLP.SlpCode 
LEFT JOIN OCTG ON ODPI.GroupNum = OCTG.GroupNum 
LEFT JOIN OHEM ON ODPI.OwnerCode = OHEM.empID
LEFT JOIN OUSR ON ODPI.UserSign = OUSR.USERID
LEFT JOIN OPRJ ON QPJ.Project = OPRJ.PrjCode 
LEFT JOIN ORCT ON ODPI.ReceiptNum = ORCT.DocEntry
LEFT JOIN RCT1 ON ORCT.DocEntry = RCT1.DocNum
LEFT JOIN RCT2 ON ORCT.DocNum = RCT2.DocEntry
LEFT JOIN ODSC ON RCT1.BankCode = ODSC.BankCode

LEFT JOIN OUOM ON DPI1.UomCode = OUOM.UomCode
LEFT JOIN OITT ON DPI1.ItemCode = OITT.Code AND OITT.TreeType = 'S'
LEFT JOIN [dbo].[@SLDT_SET_BRANCH] BRANCH ON ODPI.U_SLD_LVatBranch = BRANCH.Code
CROSS JOIN OADM

WHERE ODPI.DocEntry = {?DocKey@}
  AND {?ObjectId@} = '112' AND ODPI.ObjType = '203'

) T0
ORDER BY T0.[Sort_VisOrder] ASC, T0.[Sort_IsText] ASC, T0.[Sort_Seq] ASC
[2026-09-09 17:17:54][INFO] Alias filter: AR_DownPayment
[2026-09-09 17:17:54][INFO] Matched 1 report file(s).
[2026-09-09 17:17:54][INFO] --> C:\GitHub\SDA\Form-Layout_SDA\2. Sales - AR\5. AR Down Payment Invoice\1. AR Down Payment Invoice_BOM\1.AR Down Payment_ใบเสร็จรับเงินมัดจำ\1.AR Down Payment_BOM_ENG ใบเสร็จรับเงินมัดจำ.rpt
[2026-09-09 17:17:55][HIT]     [main] AR_DownPayment: 1 match(es)  (sqlLen=30780, fields=65)
[2026-09-09 17:17:55][OK]         User ID forced to 'sa'
[2026-09-09 17:17:55][OK]         [main] Address: User ID stamped 'sa' (SQL unchanged)
[2026-09-09 17:17:55][OK]         [main] Create: User ID stamped 'sa' (SQL unchanged)
[2026-09-09 17:17:55][OK]         [main] Command: User ID stamped 'sa' (SQL unchanged)
[2026-09-09 17:17:55][OK]     saved (1 replacement(s) in 1 table(s))
[2026-09-09 17:17:56][OK]     verified on disk: 4 command table(s)
[2026-09-09 17:17:56][INFO] ==============================================================
[2026-09-09 17:17:56][INFO] SUMMARY mode=APPLY  filesScanned=1  filesTouched=1  tablesTouched=1  replacements=1  fieldDiff=0  connDiff=0  userLost=0  errCount=0
[2026-09-09 17:17:56][INFO] USER ID ROUTES  keepuser=0  forced=4  fallback=0  noUserToStart=0
[2026-09-09 17:17:56][INFO] ==============================================================
[2026-09-09 17:18:05][INFO] === Edit-CommandSQL start  mode=APPLY ===
[2026-09-09 17:18:05][INFO] Root=C:\GitHub\SDA\Form-Layout_SDA\2. Sales - AR\5. AR Down Payment Invoice\1. AR Down Payment Invoice_BOM\2.AR Down PaymentTax Invoice_ใบเสร็จรับเงินมัดจำใบกำกับภาษี\2.AR Down PaymentTax Invoice_BOM ใบเสร็จรับเงินมัดจำใบกำกับภาษี.rpt
[2026-09-09 17:18:05][INFO] Pattern=(?s)\A.*\z
[2026-09-09 17:18:05][INFO] Replacement=-- RPT: 2. Sales - AR\5. AR Down Payment Invoice\1.AR Down Payment_ใบเสร็จรับเงินมัดจำ\1.AR Down Payment_BOM ใบเสร็จรับเงินมัดจำ.rpt
-- SCOPE: main
-- ALIAS: AR_DownPayment
-- FIELDS: 63
-- ---------------------------------------------------------------
WITH ComponentSums AS (
    -- ส่วนคำนวณของใบแจ้งหนี้มัดจำจริง (ODPI)
    SELECT 
        T0.DocEntry,
        (SELECT TOP 1 P.VisOrder 
         FROM DPI1 P 
         WHERE P.DocEntry = T0.DocEntry 
           AND P.VisOrder < T0.VisOrder 
           AND (P.TreeType IN ('S', 'A', 'T') OR EXISTS (SELECT 1 FROM OITT WHERE Code = P.ItemCode)) 
         ORDER BY P.VisOrder DESC) AS Parent_VisOrder,
         T0.PriceBefDi AS CompPriceBefDi,
        CASE WHEN OQ.DocCur = 'THB' THEN T0.LineTotal ELSE T0.TotalFrgn END AS CompLineTotal
    FROM DPI1 T0
    INNER JOIN ODPI OQ ON T0.DocEntry = OQ.DocEntry
    WHERE T0.DocEntry = {?DocKey@}
      AND (
          T0.TreeType IN ('i', 'I') 
          OR (
              ISNULL(T0.TreeType, 'N') = 'N'
              AND EXISTS (
                  SELECT 1 FROM ITT1
                  WHERE Code = T0.ItemCode
                    AND Father = (SELECT TOP 1 P.ItemCode FROM DPI1 P WHERE P.DocEntry = T0.DocEntry AND P.VisOrder < T0.VisOrder AND (P.TreeType IN ('S', 'A', 'T') OR EXISTS (SELECT 1 FROM OITT WHERE Code = P.ItemCode)) ORDER BY P.VisOrder DESC)
              )
          )
      )
),
GroupedParent AS (
    SELECT 
        DocEntry,
        Parent_VisOrder,
        SUM(CompPriceBefDi) AS Sum_PriceBefDi,
        SUM(CompLineTotal) AS Sum_LineTotal
    FROM ComponentSums
    WHERE Parent_VisOrder IS NOT NULL
    GROUP BY DocEntry, Parent_VisOrder
),
ComponentSums_D AS (
    -- ส่วนคำนวณของเอกสารร่าง (ODRF)
    SELECT 
        T0.DocEntry,
        (SELECT TOP 1 P.VisOrder 
         FROM DRF1 P 
         WHERE P.DocEntry = T0.DocEntry 
           AND P.VisOrder < T0.VisOrder 
           AND (P.TreeType IN ('S', 'A', 'T') OR EXISTS (SELECT 1 FROM OITT WHERE Code = P.ItemCode)) 
         ORDER BY P.VisOrder DESC) AS Parent_VisOrder,
         T0.PriceBefDi AS CompPriceBefDi,
        CASE WHEN OQ.DocCur = 'THB' THEN T0.LineTotal ELSE T0.TotalFrgn END AS CompLineTotal
    FROM DRF1 T0
    INNER JOIN ODRF OQ ON T0.DocEntry = OQ.DocEntry
    WHERE T0.DocEntry = {?DocKey@} AND OQ.ObjType = '203'
      AND (
          T0.TreeType IN ('i', 'I') 
          OR (
              ISNULL(T0.TreeType, 'N') = 'N'
              AND EXISTS (
                  SELECT 1 FROM ITT1
                  WHERE Code = T0.ItemCode
                    AND Father = (SELECT TOP 1 P.ItemCode FROM DRF1 P WHERE P.DocEntry = T0.DocEntry AND P.VisOrder < T0.VisOrder AND (P.TreeType IN ('S', 'A', 'T') OR EXISTS (SELECT 1 FROM OITT WHERE Code = P.ItemCode)) ORDER BY P.VisOrder DESC)
              )
          )
      )
),
GroupedParent_D AS (
    SELECT 
        DocEntry,
        Parent_VisOrder,
        SUM(CompPriceBefDi) AS Sum_PriceBefDi,
        SUM(CompLineTotal) AS Sum_LineTotal
    FROM ComponentSums_D
    WHERE Parent_VisOrder IS NOT NULL
    GROUP BY DocEntry, Parent_VisOrder
)

SELECT T0.*
FROM (
-- ========================================================
-- 1.1 item rows of the real document (ODPI)
-- ========================================================
SELECT DISTINCT
    CRD1.Street     AS '1Bill',
    CRD1.State        AS StateB,
    CRD1.StreetNo   AS '2Bill',
    CRD1.Block      AS '3Bill',
    CRD1.City       AS '4Bill',
    CRD1.County     AS '5Bill',
    CRD1.ZipCode    AS '6Bill',
    DPI12.StreetS     AS '1Ship',
    DPI12.StreetNoS   AS '2Ship',
    DPI12.BlockS      AS '3Ship',
    DPI12.CityS       AS '4Ship',
    DPI12.CountyS     AS '5Ship',
    DPI12.ZipCodeS    AS '6Ship',
    
    OCPR.Cellolar AS 'Phone2_Format',
    OCPR.E_MailL,
    OCPR.Name AS 'Coontact',
    
    CASE 
        WHEN BRANCH.Code = '00000' AND ODPI.DocCur = OADM.MainCurncy THEN N'สำนักงานใหญ่'
        WHEN BRANCH.Code = '00000' AND ODPI.DocCur <> OADM.MainCurncy THEN 'Head office'
        WHEN BRANCH.Code <> '00000' AND ODPI.DocCur = OADM.MainCurncy THEN concat(N'สาขาที่' ,' ',BRANCH.Code)
        WHEN BRANCH.Code <> '00000' AND ODPI.DocCur <> OADM.MainCurncy THEN concat('Branch' ,' ',BRANCH.Code)
    END AS 'GLN_H',
    
    CASE 
        WHEN CRD1.GlblLocNum = '00000' AND ODPI.DocCur = OADM.MainCurncy THEN N'(สำนักงานใหญ่)'
        WHEN CRD1.GlblLocNum = '00000' AND ODPI.DocCur <> OADM.MainCurncy THEN '(Head office)'
        WHEN CRD1.GlblLocNum <> '00000' AND ODPI.DocCur = OADM.MainCurncy THEN concat(N'(สาขาที่' ,' ',CRD1.GlblLocNum,')')
        WHEN CRD1.GlblLocNum <> '00000' AND ODPI.DocCur <> OADM.MainCurncy THEN concat('(Branch' ,' ',CRD1.GlblLocNum,')')
        WHEN CRD1.GlblLocNum = '' OR CRD1.GlblLocNum IS NULL THEN ''
    END AS 'GLN_BP',
    
    CASE
        WHEN ODPI.Printed = 'N' AND ODPI.DocCur <> OADM.MainCurncy THEN 'Original'
        WHEN ODPI.Printed = 'N' AND ODPI.DocCur = OADM.MainCurncy THEN N'ต้นฉบับ'
        WHEN ODPI.Printed = 'Y' AND ODPI.DocCur <> OADM.MainCurncy THEN 'Copy'
        WHEN ODPI.Printed = 'Y' AND ODPI.DocCur = OADM.MainCurncy THEN N'สำเนา'
    END AS 'Print Status',
    
    NNM1.BeginStr,
    ODPI.DocEntry,
    ODPI.DocNum,
    ODPI.DocDate,
    ODPI.CardCode,
    DPI1.unitmsr,
    ODPI.NumAtCard,
    
    -- ใช้ DENSE_RANK เพื่อแก้ปัญหาเลขบรรทัดกระโดด
    DENSE_RANK() OVER (ORDER BY DPI1.VisOrder ASC) AS 'No.',
    DPI1.LineNum AS 'Line No.',
    
    ODPI.[Address],
    OCRD.U_SLD_Title,
    OCRD.U_SLD_FullName,
    CRD1.GlblLocNum,
    OCRD.Phone1,
    ISNULL(OCRD.Phone2,'') AS 'Phone2',
    OCRD.Fax,
    ODPI.LicTradNum,
    OCTG.PymntGroup,
    ODPI.DocDueDate,
    DPI1.ItemCode,
    DPI1.Dscription AS 'Dscription',
    DPI1.Quantity,
    ODPI.Comments,
    ODPI.DocCur,

    COALESCE(GPS.Sum_PriceBefDi, DPI1.PriceBefDi) AS 'PriceBefDi',
    
    CASE 
        WHEN DPI1.LineTotal = 0 THEN ISNULL(GPS.Sum_LineTotal, 0)
        WHEN ODPI.DocCur = 'THB' THEN DPI1.LineTotal 
        ELSE DPI1.TotalFrgn 
    END AS 'LineTotal',
    
    CASE WHEN ODPI.DocCur = 'THB' THEN ODPI.VatSum ELSE ODPI.VatSumFC END AS 'VatSum',
    CASE WHEN ODPI.DocCur = 'THB' THEN ODPI.DocTotal ELSE ODPI.DocTotalFC END AS 'DocTotal',
    CASE WHEN ODPI.DocCur = 'THB' THEN ODPI.DpmAmnt ELSE ODPI.DpmAmntFC END AS 'DpmAmnt',
    
    -- กรองลูก BOM ออกจากการรวมยอดทั้งใบ
    (SELECT CASE WHEN ODPI.DocCur = 'THB' THEN SUM(L.LineTotal) ELSE SUM(L.TotalFrgn) END
        FROM DPI1 L WHERE L.DocEntry = ODPI.DocEntry
        AND L.TreeType NOT IN ('I', 'i')
        AND NOT (ISNULL(L.TreeType, 'N') = 'N' AND EXISTS (SELECT 1 FROM ITT1 WHERE Code = L.ItemCode AND Father = (SELECT TOP 1 P.ItemCode FROM DPI1 P WHERE P.DocEntry = L.DocEntry AND P.VisOrder < L.VisOrder AND (P.TreeType IN ('S', 'A', 'T') OR EXISTS (SELECT 1 FROM OITT WHERE Code = P.ItemCode)) ORDER BY P.VisOrder DESC)))
    ) AS 'Sum_LineTotal_All',
    
    ODPI.dpmprcnt,
    RCT1.CheckNum,
    RCT1.[CheckSum],
    RCT1.DueDate AS 'Check Date',
    (SELECT CASE WHEN ODPI.DocCur = 'THB' THEN SUM(L.LineTotal) ELSE SUM(L.TotalFrgn) END FROM DPI1 L WHERE L.DocEntry = ODPI.DocEntry) AS 'CashSum',
    (SELECT CASE WHEN ODPI.DocCur = 'THB' THEN SUM(L.LineTotal) ELSE SUM(L.TotalFrgn) END FROM DPI1 L WHERE L.DocEntry = ODPI.DocEntry) AS 'TrsfrSum',
    ODSC.BankName,
    DPI1.LineType,
    OCPR.Name,
    OCPR.Cellolar AS 'Tel1',
    OCPR.E_MailL AS 'E_MailL_2',
    QPJ.Project,
    DPI1.VisOrder AS 'Sort_VisOrder',
    0 AS 'Sort_IsText',
    0 AS 'Sort_Seq'

FROM ODPI
INNER JOIN DPI1 ON ODPI.DocEntry = DPI1.DocEntry
OUTER APPLY (
    SELECT TOP 1 P.Project 
    FROM DPI1 P 
    WHERE P.DocEntry = ODPI.DocEntry 
      AND P.Project IS NOT NULL 
      AND P.Project <> ''
) QPJ
LEFT JOIN DPI12 ON ODPI.DocEntry = DPI12.DocEntry
LEFT JOIN NNM1 ON ODPI.Series = NNM1.Series 
LEFT JOIN OCRD ON ODPI.CardCode = OCRD.CardCode 
LEFT JOIN OCPR ON ODPI.CntctCode = OCPR.CntctCode
LEFT JOIN CRD1 ON (OCRD.CardCode = CRD1.CardCode AND ODPI.PayToCode = CRD1.[Address] AND CRD1.AdresType ='B')
LEFT JOIN OSLP ON ODPI.SlpCode = OSLP.SlpCode 
LEFT JOIN OCTG ON ODPI.GroupNum = OCTG.GroupNum 
LEFT JOIN OHEM ON ODPI.OwnerCode = OHEM.empID
LEFT JOIN OUSR ON ODPI.UserSign = OUSR.USERID
LEFT JOIN OPRJ ON QPJ.Project = OPRJ.PrjCode 
LEFT JOIN ORCT ON ODPI.ReceiptNum = ORCT.DocEntry
LEFT JOIN RCT1 ON ORCT.DocEntry = RCT1.DocNum
LEFT JOIN RCT2 ON ORCT.DocNum = RCT2.DocEntry
LEFT JOIN ODSC ON RCT1.BankCode = ODSC.BankCode
LEFT JOIN [dbo].[@SLDT_SET_BRANCH] BRANCH ON ODPI.U_SLD_LVatBranch = BRANCH.Code 
LEFT JOIN GroupedParent GPS ON DPI1.DocEntry = GPS.DocEntry AND DPI1.VisOrder = GPS.Parent_VisOrder
CROSS JOIN OADM

WHERE ODPI.DocEntry  = {?DocKey@}
  AND {?ObjectId@} = '203'
  AND DPI1.TreeType NOT IN ('I', 'i') -- ตัดลูก BOM ปกติ
  AND NOT (
      -- ตัดลูก Template BOM
      ISNULL(DPI1.TreeType, 'N') = 'N'
      AND EXISTS (
          SELECT 1 FROM ITT1
          WHERE Code = DPI1.ItemCode
            AND Father = (SELECT TOP 1 P.ItemCode FROM DPI1 P WHERE P.DocEntry = DPI1.DocEntry AND P.VisOrder < DPI1.VisOrder AND (P.TreeType IN ('S', 'A', 'T') OR EXISTS (SELECT 1 FROM OITT WHERE Code = P.ItemCode)) ORDER BY P.VisOrder DESC)
      )
  )

UNION ALL
-- ========================================================
-- 1.2 text rows (remarks) of the real document
-- ========================================================
SELECT DISTINCT
    CRD1.Street     AS '1Bill',
    CRD1.State        AS StateB,
    CRD1.StreetNo   AS '2Bill',
    CRD1.Block      AS '3Bill',
    CRD1.City       AS '4Bill',
    CRD1.County     AS '5Bill',
    CRD1.ZipCode    AS '6Bill',
    DPI12.StreetS     AS '1Ship',
    DPI12.StreetNoS   AS '2Ship',
    DPI12.BlockS      AS '3Ship',
    DPI12.CityS       AS '4Ship',
    DPI12.CountyS     AS '5Ship',
    DPI12.ZipCodeS    AS '6Ship',
    OCPR.Cellolar AS 'Phone2_Format',
    OCPR.E_MailL,
    OCPR.Name AS 'Coontact',
    
    CASE 
        WHEN BRANCH.Code = '00000' AND ODPI.DocCur = OADM.MainCurncy THEN N'สำนักงานใหญ่'
        WHEN BRANCH.Code = '00000' AND ODPI.DocCur <> OADM.MainCurncy THEN 'Head office'
        WHEN BRANCH.Code <> '00000' AND ODPI.DocCur = OADM.MainCurncy THEN concat(N'สาขาที่' ,' ',BRANCH.Code)
        WHEN BRANCH.Code <> '00000' AND ODPI.DocCur <> OADM.MainCurncy THEN concat('Branch' ,' ',BRANCH.Code)
    END AS 'GLN_H',
    
    CASE 
        WHEN CRD1.GlblLocNum = '00000' AND ODPI.DocCur = OADM.MainCurncy THEN N'(สำนักงานใหญ่)'
        WHEN CRD1.GlblLocNum = '00000' AND ODPI.DocCur <> OADM.MainCurncy THEN '(Head office)'
        WHEN CRD1.GlblLocNum <> '00000' AND ODPI.DocCur = OADM.MainCurncy THEN concat(N'(สาขาที่' ,' ',CRD1.GlblLocNum,')')
        WHEN CRD1.GlblLocNum <> '00000' AND ODPI.DocCur <> OADM.MainCurncy THEN concat('(Branch' ,' ',CRD1.GlblLocNum,')')
        WHEN CRD1.GlblLocNum = '' OR CRD1.GlblLocNum IS NULL THEN ''
    END AS 'GLN_BP',
    
    CASE
        WHEN ODPI.Printed = 'N' AND ODPI.DocCur <> OADM.MainCurncy THEN 'Original'
        WHEN ODPI.Printed = 'N' AND ODPI.DocCur = OADM.MainCurncy THEN N'ต้นฉบับ'
        WHEN ODPI.Printed = 'Y' AND ODPI.DocCur <> OADM.MainCurncy THEN 'Copy'
        WHEN ODPI.Printed = 'Y' AND ODPI.DocCur = OADM.MainCurncy THEN N'สำเนา'
    END AS 'Print Status',
    
    NNM1.BeginStr,
    ODPI.DocEntry,
    ODPI.DocNum,
    ODPI.DocDate,
    ODPI.CardCode,
    NULL AS 'unitmsr',
    ODPI.NumAtCard,
    CAST(NULL AS INT) AS 'No.',
    DPI1.LineNum AS 'Line No.',
    ODPI.[Address],
    OCRD.U_SLD_Title,
    OCRD.U_SLD_FullName,
    CRD1.GlblLocNum,
    OCRD.Phone1,
    ISNULL(OCRD.Phone2,'') AS 'Phone2',
    OCRD.Fax,
    ODPI.LicTradNum,
    OCTG.PymntGroup,
    ODPI.DocDueDate,
    NULL AS 'ItemCode',
    CAST(DPI10.LineText AS NVARCHAR(4000)) AS 'Dscription',
    NULL AS 'Quantity',
    ODPI.Comments,
    ODPI.DocCur,
    NULL AS 'PriceBefDi',
    NULL AS 'LineTotal',
    
    CASE WHEN ODPI.DocCur = 'THB' THEN ODPI.VatSum ELSE ODPI.VatSumFC END AS 'VatSum',
    CASE WHEN ODPI.DocCur = 'THB' THEN ODPI.DocTotal ELSE ODPI.DocTotalFC END AS 'DocTotal',
    CASE WHEN ODPI.DocCur = 'THB' THEN ODPI.DpmAmnt ELSE ODPI.DpmAmntFC END AS 'DpmAmnt',
    
    (SELECT CASE WHEN ODPI.DocCur = 'THB' THEN SUM(L.LineTotal) ELSE SUM(L.TotalFrgn) END
        FROM DPI1 L WHERE L.DocEntry = ODPI.DocEntry
        AND L.TreeType NOT IN ('I', 'i')
        AND NOT (ISNULL(L.TreeType, 'N') = 'N' AND EXISTS (SELECT 1 FROM ITT1 WHERE Code = L.ItemCode AND Father = (SELECT TOP 1 P.ItemCode FROM DPI1 P WHERE P.DocEntry = L.DocEntry AND P.VisOrder < L.VisOrder AND (P.TreeType IN ('S', 'A', 'T') OR EXISTS (SELECT 1 FROM OITT WHERE Code = P.ItemCode)) ORDER BY P.VisOrder DESC)))
    ) AS 'Sum_LineTotal_All',
    
    ODPI.dpmprcnt,
    RCT1.CheckNum,
    RCT1.[CheckSum],
    RCT1.DueDate AS 'Check Date',
    SUM(ORCT.CashSum) OVER() AS 'CashSum',
    SUM(ORCT.TrsfrSum) OVER() AS 'TrsfrSum',
    ODSC.BankName,
    'T' AS 'LineType',
    OCPR.Name,
    OCPR.Cellolar AS 'Tel1',
    OCPR.E_MailL AS 'E_MailL_2',
    QPJ.Project,
    
    -- แก้ไขการเชื่อมต่อ Text Row ด้วย LineNum
    COALESCE(DPI1.VisOrder, -1) AS 'Sort_VisOrder',
    1 AS 'Sort_IsText',
    DPI10.LineSeq AS 'Sort_Seq'

FROM ODPI
INNER JOIN DPI10 ON ODPI.DocEntry = DPI10.DocEntry
LEFT JOIN DPI1 ON DPI10.DocEntry = DPI1.DocEntry AND DPI10.AftLineNum = DPI1.LineNum
OUTER APPLY (
    SELECT TOP 1 P.Project 
    FROM DPI1 P 
    WHERE P.DocEntry = ODPI.DocEntry 
      AND P.Project IS NOT NULL 
      AND P.Project <> ''
) QPJ
LEFT JOIN DPI12 ON ODPI.DocEntry = DPI12.DocEntry
LEFT JOIN NNM1 ON ODPI.Series = NNM1.Series 
LEFT JOIN OCRD ON ODPI.CardCode = OCRD.CardCode 
LEFT JOIN OCPR ON ODPI.CntctCode = OCPR.CntctCode
LEFT JOIN CRD1 ON (OCRD.CardCode = CRD1.CardCode AND ODPI.PayToCode = CRD1.[Address] AND CRD1.AdresType ='B')
LEFT JOIN OSLP ON ODPI.SlpCode = OSLP.SlpCode 
LEFT JOIN OCTG ON ODPI.GroupNum = OCTG.GroupNum 
LEFT JOIN OHEM ON ODPI.OwnerCode = OHEM.empID
LEFT JOIN OUSR ON ODPI.UserSign = OUSR.USERID
LEFT JOIN OPRJ ON QPJ.Project = OPRJ.PrjCode 
LEFT JOIN ORCT ON ODPI.ReceiptNum = ORCT.DocEntry
LEFT JOIN RCT1 ON ORCT.DocEntry = RCT1.DocNum
LEFT JOIN RCT2 ON ORCT.DocNum = RCT2.DocEntry
LEFT JOIN ODSC ON RCT1.BankCode = ODSC.BankCode
LEFT JOIN [dbo].[@SLDT_SET_BRANCH] BRANCH ON ODPI.U_SLD_LVatBranch = BRANCH.Code 
CROSS JOIN OADM

WHERE ODPI.DocEntry  = {?DocKey@}
  AND {?ObjectId@} = '203'

UNION ALL
-- ========================================================
-- 2.1 item rows of the draft document (ODRF)
-- ========================================================
SELECT DISTINCT
    CRD1.Street     AS '1Bill',
    CRD1.State        AS StateB,
    CRD1.StreetNo   AS '2Bill',
    CRD1.Block      AS '3Bill',
    CRD1.City       AS '4Bill',
    CRD1.County     AS '5Bill',
    CRD1.ZipCode    AS '6Bill',
    DPI12.StreetS     AS '1Ship',
    DPI12.StreetNoS   AS '2Ship',
    DPI12.BlockS      AS '3Ship',
    DPI12.CityS       AS '4Ship',
    DPI12.CountyS     AS '5Ship',
    DPI12.ZipCodeS    AS '6Ship',
    
    OCPR.Cellolar AS 'Phone2_Format',
    OCPR.E_MailL,
    OCPR.Name AS 'Coontact',
    
    CASE 
        WHEN BRANCH.Code = '00000' AND ODPI.DocCur = OADM.MainCurncy THEN N'สำนักงานใหญ่'
        WHEN BRANCH.Code = '00000' AND ODPI.DocCur <> OADM.MainCurncy THEN 'Head office'
        WHEN BRANCH.Code <> '00000' AND ODPI.DocCur = OADM.MainCurncy THEN concat(N'สาขาที่' ,' ',BRANCH.Code)
        WHEN BRANCH.Code <> '00000' AND ODPI.DocCur <> OADM.MainCurncy THEN concat('Branch' ,' ',BRANCH.Code)
    END AS 'GLN_H',
    
    CASE 
        WHEN CRD1.GlblLocNum = '00000' AND ODPI.DocCur = OADM.MainCurncy THEN N'(สำนักงานใหญ่)'
        WHEN CRD1.GlblLocNum = '00000' AND ODPI.DocCur <> OADM.MainCurncy THEN '(Head office)'
        WHEN CRD1.GlblLocNum <> '00000' AND ODPI.DocCur = OADM.MainCurncy THEN concat(N'(สาขาที่' ,' ',CRD1.GlblLocNum,')')
        WHEN CRD1.GlblLocNum <> '00000' AND ODPI.DocCur <> OADM.MainCurncy THEN concat('(Branch' ,' ',CRD1.GlblLocNum,')')
        WHEN CRD1.GlblLocNum = '' OR CRD1.GlblLocNum IS NULL THEN ''
    END AS 'GLN_BP',
    
    CASE
        WHEN ODPI.Printed = 'N' AND ODPI.DocCur <> OADM.MainCurncy THEN 'Original'
        WHEN ODPI.Printed = 'N' AND ODPI.DocCur = OADM.MainCurncy THEN N'ต้นฉบับ'
        WHEN ODPI.Printed = 'Y' AND ODPI.DocCur <> OADM.MainCurncy THEN 'Copy'
        WHEN ODPI.Printed = 'Y' AND ODPI.DocCur = OADM.MainCurncy THEN N'สำเนา'
    END AS 'Print Status',
    
    NNM1.BeginStr,
    ODPI.DocEntry,
    ODPI.DocNum,
    ODPI.DocDate,
    ODPI.CardCode,
    DPI1.unitmsr,
    ODPI.NumAtCard,
    
    DENSE_RANK() OVER (ORDER BY DPI1.VisOrder ASC) AS 'No.',
    DPI1.LineNum AS 'Line No.',
    
    ODPI.[Address],
    OCRD.U_SLD_Title,
    OCRD.U_SLD_FullName,
    CRD1.GlblLocNum,
    OCRD.Phone1,
    ISNULL(OCRD.Phone2,'') AS 'Phone2',
    OCRD.Fax,
    ODPI.LicTradNum,
    OCTG.PymntGroup,
    ODPI.DocDueDate,
    DPI1.ItemCode,
    DPI1.Dscription AS 'Dscription',
    DPI1.Quantity,
    ODPI.Comments,
    ODPI.DocCur,
    
    COALESCE(GPS.Sum_PriceBefDi, DPI1.PriceBefDi) AS 'PriceBefDi',
    CASE 
        WHEN DPI1.LineTotal = 0 THEN ISNULL(GPS.Sum_LineTotal, 0)
        WHEN ODPI.DocCur = 'THB' THEN DPI1.LineTotal 
        ELSE DPI1.TotalFrgn 
    END AS 'LineTotal',
    
    CASE WHEN ODPI.DocCur = 'THB' THEN ODPI.VatSum ELSE ODPI.VatSumFC END AS 'VatSum',
    CASE WHEN ODPI.DocCur = 'THB' THEN ODPI.DocTotal ELSE ODPI.DocTotalFC END AS 'DocTotal',
    CASE WHEN ODPI.DocCur = 'THB' THEN ODPI.DpmAmnt ELSE ODPI.DpmAmntFC END AS 'DpmAmnt',
    
    (SELECT CASE WHEN ODPI.DocCur = 'THB' THEN SUM(L.LineTotal) ELSE SUM(L.TotalFrgn) END
        FROM DRF1 L WHERE L.DocEntry = ODPI.DocEntry
        AND L.TreeType NOT IN ('I', 'i')
        AND NOT (ISNULL(L.TreeType, 'N') = 'N' AND EXISTS (SELECT 1 FROM ITT1 WHERE Code = L.ItemCode AND Father = (SELECT TOP 1 P.ItemCode FROM DRF1 P WHERE P.DocEntry = L.DocEntry AND P.VisOrder < L.VisOrder AND (P.TreeType IN ('S', 'A', 'T') OR EXISTS (SELECT 1 FROM OITT WHERE Code = P.ItemCode)) ORDER BY P.VisOrder DESC)))
    ) AS 'Sum_LineTotal_All',
    
    ODPI.dpmprcnt,
    RCT1.CheckNum,
    RCT1.[CheckSum],
    RCT1.DueDate AS 'Check Date',
    CAST(NULL AS NUMERIC(19,6)) AS 'CashSum',
    CAST(NULL AS NUMERIC(19,6)) AS 'TrsfrSum',
    ODSC.BankName,
    DPI1.LineType,
    OCPR.Name,
    OCPR.Cellolar AS 'Tel1',
    OCPR.E_MailL AS 'E_MailL_2',
    QPJ.Project,
    DPI1.VisOrder AS 'Sort_VisOrder',
    0 AS 'Sort_IsText',
    0 AS 'Sort_Seq'

FROM ODRF ODPI
INNER JOIN DRF1 DPI1 ON ODPI.DocEntry = DPI1.DocEntry
OUTER APPLY (
    SELECT TOP 1 P.Project 
    FROM DRF1 P 
    WHERE P.DocEntry = ODPI.DocEntry 
      AND P.Project IS NOT NULL 
      AND P.Project <> ''
) QPJ
LEFT JOIN DRF12 DPI12 ON ODPI.DocEntry = DPI12.DocEntry
LEFT JOIN NNM1 ON ODPI.Series = NNM1.Series 
LEFT JOIN OCRD ON ODPI.CardCode = OCRD.CardCode 
LEFT JOIN OCPR ON ODPI.CntctCode = OCPR.CntctCode
LEFT JOIN CRD1 ON (OCRD.CardCode = CRD1.CardCode AND ODPI.PayToCode = CRD1.[Address] AND CRD1.AdresType ='B')
LEFT JOIN OSLP ON ODPI.SlpCode = OSLP.SlpCode 
LEFT JOIN OCTG ON ODPI.GroupNum = OCTG.GroupNum 
LEFT JOIN OHEM ON ODPI.OwnerCode = OHEM.empID
LEFT JOIN OUSR ON ODPI.UserSign = OUSR.USERID
LEFT JOIN OPRJ ON QPJ.Project = OPRJ.PrjCode 
LEFT JOIN ORCT ON ODPI.ReceiptNum = ORCT.DocEntry
LEFT JOIN RCT1 ON ORCT.DocEntry = RCT1.DocNum
LEFT JOIN RCT2 ON ORCT.DocNum = RCT2.DocEntry
LEFT JOIN ODSC ON RCT1.BankCode = ODSC.BankCode
LEFT JOIN [dbo].[@SLDT_SET_BRANCH] BRANCH ON ODPI.U_SLD_LVatBranch = BRANCH.Code 
LEFT JOIN GroupedParent_D GPS ON DPI1.DocEntry = GPS.DocEntry AND DPI1.VisOrder = GPS.Parent_VisOrder
CROSS JOIN OADM

WHERE ODPI.DocEntry  = {?DocKey@}
  AND {?ObjectId@} = '112' AND ODPI.ObjType = '203'
  AND DPI1.TreeType NOT IN ('I', 'i')
  AND NOT (
      ISNULL(DPI1.TreeType, 'N') = 'N'
      AND EXISTS (
          SELECT 1 FROM ITT1
          WHERE Code = DPI1.ItemCode
            AND Father = (SELECT TOP 1 P.ItemCode FROM DRF1 P WHERE P.DocEntry = DPI1.DocEntry AND P.VisOrder < DPI1.VisOrder AND (P.TreeType IN ('S', 'A', 'T') OR EXISTS (SELECT 1 FROM OITT WHERE Code = P.ItemCode)) ORDER BY P.VisOrder DESC)
      )
  )

UNION ALL
-- ========================================================
-- 2.2 text rows (remarks) of the draft document
-- ========================================================
SELECT DISTINCT
    CRD1.Street     AS '1Bill',
    CRD1.State        AS StateB,
    CRD1.StreetNo   AS '2Bill',
    CRD1.Block      AS '3Bill',
    CRD1.City       AS '4Bill',
    CRD1.County     AS '5Bill',
    CRD1.ZipCode    AS '6Bill',
    DPI12.StreetS     AS '1Ship',
    DPI12.StreetNoS   AS '2Ship',
    DPI12.BlockS      AS '3Ship',
    DPI12.CityS       AS '4Ship',
    DPI12.CountyS     AS '5Ship',
    DPI12.ZipCodeS    AS '6Ship',
    OCPR.Cellolar AS 'Phone2_Format',
    OCPR.E_MailL,
    OCPR.Name AS 'Coontact',
    
    CASE 
        WHEN BRANCH.Code = '00000' AND ODPI.DocCur = OADM.MainCurncy THEN N'สำนักงานใหญ่'
        WHEN BRANCH.Code = '00000' AND ODPI.DocCur <> OADM.MainCurncy THEN 'Head office'
        WHEN BRANCH.Code <> '00000' AND ODPI.DocCur = OADM.MainCurncy THEN concat(N'สาขาที่' ,' ',BRANCH.Code)
        WHEN BRANCH.Code <> '00000' AND ODPI.DocCur <> OADM.MainCurncy THEN concat('Branch' ,' ',BRANCH.Code)
    END AS 'GLN_H',
    
    CASE 
        WHEN CRD1.GlblLocNum = '00000' AND ODPI.DocCur = OADM.MainCurncy THEN N'(สำนักงานใหญ่)'
        WHEN CRD1.GlblLocNum = '00000' AND ODPI.DocCur <> OADM.MainCurncy THEN '(Head office)'
        WHEN CRD1.GlblLocNum <> '00000' AND ODPI.DocCur = OADM.MainCurncy THEN concat(N'(สาขาที่' ,' ',CRD1.GlblLocNum,')')
        WHEN CRD1.GlblLocNum <> '00000' AND ODPI.DocCur <> OADM.MainCurncy THEN concat('(Branch' ,' ',CRD1.GlblLocNum,')')
        WHEN CRD1.GlblLocNum = '' OR CRD1.GlblLocNum IS NULL THEN ''
    END AS 'GLN_BP',
    
    CASE
        WHEN ODPI.Printed = 'N' AND ODPI.DocCur <> OADM.MainCurncy THEN 'Original'
        WHEN ODPI.Printed = 'N' AND ODPI.DocCur = OADM.MainCurncy THEN N'ต้นฉบับ'
        WHEN ODPI.Printed = 'Y' AND ODPI.DocCur <> OADM.MainCurncy THEN 'Copy'
        WHEN ODPI.Printed = 'Y' AND ODPI.DocCur = OADM.MainCurncy THEN N'สำเนา'
    END AS 'Print Status',
    
    NNM1.BeginStr,
    ODPI.DocEntry,
    ODPI.DocNum,
    ODPI.DocDate,
    ODPI.CardCode,
    NULL AS 'unitmsr',
    ODPI.NumAtCard,
    CAST(NULL AS INT) AS 'No.',
    DPI1.LineNum AS 'Line No.',
    ODPI.[Address],
    OCRD.U_SLD_Title,
    OCRD.U_SLD_FullName,
    CRD1.GlblLocNum,
    OCRD.Phone1,
    ISNULL(OCRD.Phone2,'') AS 'Phone2',
    OCRD.Fax,
    ODPI.LicTradNum,
    OCTG.PymntGroup,
    ODPI.DocDueDate,
    NULL AS 'ItemCode',
    CAST(DPI10.LineText AS NVARCHAR(4000)) AS 'Dscription',
    NULL AS 'Quantity',
    ODPI.Comments,
    ODPI.DocCur,
    NULL AS 'PriceBefDi',
    NULL AS 'LineTotal',
    
    CASE WHEN ODPI.DocCur = 'THB' THEN ODPI.VatSum ELSE ODPI.VatSumFC END AS 'VatSum',
    CASE WHEN ODPI.DocCur = 'THB' THEN ODPI.DocTotal ELSE ODPI.DocTotalFC END AS 'DocTotal',
    CASE WHEN ODPI.DocCur = 'THB' THEN ODPI.DpmAmnt ELSE ODPI.DpmAmntFC END AS 'DpmAmnt',
    
    (SELECT CASE WHEN ODPI.DocCur = 'THB' THEN SUM(L.LineTotal) ELSE SUM(L.TotalFrgn) END
        FROM DRF1 L WHERE L.DocEntry = ODPI.DocEntry
        AND L.TreeType NOT IN ('I', 'i')
        AND NOT (ISNULL(L.TreeType, 'N') = 'N' AND EXISTS (SELECT 1 FROM ITT1 WHERE Code = L.ItemCode AND Father = (SELECT TOP 1 P.ItemCode FROM DRF1 P WHERE P.DocEntry = L.DocEntry AND P.VisOrder < L.VisOrder AND (P.TreeType IN ('S', 'A', 'T') OR EXISTS (SELECT 1 FROM OITT WHERE Code = P.ItemCode)) ORDER BY P.VisOrder DESC)))
    ) AS 'Sum_LineTotal_All',
    
    ODPI.dpmprcnt,
    RCT1.CheckNum,
    RCT1.[CheckSum],
    RCT1.DueDate AS 'Check Date',
    CAST(NULL AS NUMERIC(19,6)) AS 'CashSum',
    CAST(NULL AS NUMERIC(19,6)) AS 'TrsfrSum',
    ODSC.BankName,
    'T' AS 'LineType',
    OCPR.Name,
    OCPR.Cellolar AS 'Tel1',
    OCPR.E_MailL AS 'E_MailL_2',
    QPJ.Project,
    
    COALESCE(DPI1.VisOrder, -1) AS 'Sort_VisOrder',
    1 AS 'Sort_IsText',
    DPI10.LineSeq AS 'Sort_Seq'

FROM ODRF ODPI
INNER JOIN DRF10 DPI10 ON ODPI.DocEntry = DPI10.DocEntry
LEFT JOIN DRF1 DPI1 ON DPI10.DocEntry = DPI1.DocEntry AND DPI10.AftLineNum = DPI1.LineNum
OUTER APPLY (
    SELECT TOP 1 P.Project 
    FROM DRF1 P 
    WHERE P.DocEntry = ODPI.DocEntry 
      AND P.Project IS NOT NULL 
      AND P.Project <> ''
) QPJ
LEFT JOIN DRF12 DPI12 ON ODPI.DocEntry = DPI12.DocEntry
LEFT JOIN NNM1 ON ODPI.Series = NNM1.Series 
LEFT JOIN OCRD ON ODPI.CardCode = OCRD.CardCode 
LEFT JOIN OCPR ON ODPI.CntctCode = OCPR.CntctCode
LEFT JOIN CRD1 ON (OCRD.CardCode = CRD1.CardCode AND ODPI.PayToCode = CRD1.[Address] AND CRD1.AdresType ='B')
LEFT JOIN OSLP ON ODPI.SlpCode = OSLP.SlpCode 
LEFT JOIN OCTG ON ODPI.GroupNum = OCTG.GroupNum 
LEFT JOIN OHEM ON ODPI.OwnerCode = OHEM.empID
LEFT JOIN OUSR ON ODPI.UserSign = OUSR.USERID
LEFT JOIN OPRJ ON QPJ.Project = OPRJ.PrjCode 
LEFT JOIN ORCT ON ODPI.ReceiptNum = ORCT.DocEntry
LEFT JOIN RCT1 ON ORCT.DocEntry = RCT1.DocNum
LEFT JOIN RCT2 ON ORCT.DocNum = RCT2.DocEntry
LEFT JOIN ODSC ON RCT1.BankCode = ODSC.BankCode
LEFT JOIN [dbo].[@SLDT_SET_BRANCH] BRANCH ON ODPI.U_SLD_LVatBranch = BRANCH.Code 
CROSS JOIN OADM

WHERE ODPI.DocEntry  = {?DocKey@}
  AND {?ObjectId@} = '112' AND ODPI.ObjType = '203'

) T0
ORDER BY T0.[Sort_VisOrder] ASC, T0.[Sort_IsText] ASC, T0.[Sort_Seq] ASC
[2026-09-09 17:18:05][INFO] Alias filter: AR_DownPayment
[2026-09-09 17:18:05][INFO] Matched 1 report file(s).
[2026-09-09 17:18:05][INFO] --> C:\GitHub\SDA\Form-Layout_SDA\2. Sales - AR\5. AR Down Payment Invoice\1. AR Down Payment Invoice_BOM\2.AR Down PaymentTax Invoice_ใบเสร็จรับเงินมัดจำใบกำกับภาษี\2.AR Down PaymentTax Invoice_BOM ใบเสร็จรับเงินมัดจำใบกำกับภาษี.rpt
[2026-09-09 17:18:06][HIT]     [main] AR_DownPayment: 1 match(es)  (sqlLen=26248, fields=64)
[2026-09-09 17:18:06][OK]         User ID forced to 'sa'
[2026-09-09 17:18:06][OK]         [main] Address: User ID stamped 'sa' (SQL unchanged)
[2026-09-09 17:18:06][OK]         [main] Create: User ID stamped 'sa' (SQL unchanged)
[2026-09-09 17:18:06][OK]         [main] Command: User ID stamped 'sa' (SQL unchanged)
[2026-09-09 17:18:07][OK]     saved (1 replacement(s) in 1 table(s))
[2026-09-09 17:18:07][OK]     verified on disk: 4 command table(s)
[2026-09-09 17:18:07][INFO] ==============================================================
[2026-09-09 17:18:07][INFO] SUMMARY mode=APPLY  filesScanned=1  filesTouched=1  tablesTouched=1  replacements=1  fieldDiff=0  connDiff=0  userLost=0  errCount=0
[2026-09-09 17:18:07][INFO] USER ID ROUTES  keepuser=0  forced=4  fallback=0  noUserToStart=0
[2026-09-09 17:18:07][INFO] ==============================================================
[2026-09-09 17:18:19][INFO] === Edit-CommandSQL start  mode=APPLY ===
[2026-09-09 17:18:19][INFO] Root=C:\GitHub\SDA\Form-Layout_SDA\2. Sales - AR\5. AR Down Payment Invoice\1. AR Down Payment Invoice_BOM\2.AR Down PaymentTax Invoice_ใบเสร็จรับเงินมัดจำใบกำกับภาษี\2.AR Down PaymentTax Invoice_BOM_ENG ใบเสร็จรับเงินมัดจำใบกำกับภาษี.rpt
[2026-09-09 17:18:19][INFO] Pattern=(?s)\A.*\z
[2026-09-09 17:18:19][INFO] Replacement=-- RPT: 2. Sales - AR\5. AR Down Payment Invoice\1.AR Down Payment_ใบเสร็จรับเงินมัดจำ\1.AR Down Payment_BOM_ENG ใบเสร็จรับเงินมัดจำ.rpt
-- SCOPE: main
-- ALIAS: AR_DownPayment
-- FIELDS: 63
-- ---------------------------------------------------------------
WITH ComponentSums AS (
    SELECT 
        T0.DocEntry,
        (SELECT TOP 1 P.VisOrder 
         FROM DPI1 P 
         WHERE P.DocEntry = T0.DocEntry 
           AND P.VisOrder < T0.VisOrder 
           AND (P.TreeType IN ('S', 'A', 'T') OR EXISTS (SELECT 1 FROM OITT WHERE Code = P.ItemCode)) 
         ORDER BY P.VisOrder DESC) AS Parent_VisOrder,
         T0.PriceBefDi AS CompPriceBefDi,
        CASE WHEN OQ.DocCur = 'THB' THEN T0.LineTotal ELSE T0.TotalFrgn END AS CompLineTotal
    FROM DPI1 T0
    INNER JOIN ODPI OQ ON T0.DocEntry = OQ.DocEntry
    WHERE T0.DocEntry = {?DocKey@}
      AND (
          T0.TreeType IN ('i', 'I') 
          OR (
              ISNULL(T0.TreeType, 'N') = 'N'
              AND EXISTS (
                  SELECT 1 FROM ITT1
                  WHERE Code = T0.ItemCode
                    AND Father = (SELECT TOP 1 P.ItemCode FROM DPI1 P WHERE P.DocEntry = T0.DocEntry AND P.VisOrder < T0.VisOrder AND (P.TreeType IN ('S', 'A', 'T') OR EXISTS (SELECT 1 FROM OITT WHERE Code = P.ItemCode)) ORDER BY P.VisOrder DESC)
              )
          )
      )
),
GroupedParent AS (
    SELECT 
        DocEntry,
        Parent_VisOrder,
        SUM(CompPriceBefDi) AS Sum_PriceBefDi,
        SUM(CompLineTotal) AS Sum_LineTotal
    FROM ComponentSums
    WHERE Parent_VisOrder IS NOT NULL
    GROUP BY DocEntry, Parent_VisOrder
),
ComponentSums_D AS (
    SELECT 
        T0.DocEntry,
        (SELECT TOP 1 P.VisOrder 
         FROM DRF1 P 
         WHERE P.DocEntry = T0.DocEntry 
           AND P.VisOrder < T0.VisOrder 
           AND (P.TreeType IN ('S', 'A', 'T') OR EXISTS (SELECT 1 FROM OITT WHERE Code = P.ItemCode)) 
         ORDER BY P.VisOrder DESC) AS Parent_VisOrder,
         T0.PriceBefDi AS CompPriceBefDi,
        CASE WHEN OQ.DocCur = 'THB' THEN T0.LineTotal ELSE T0.TotalFrgn END AS CompLineTotal
    FROM DRF1 T0
    INNER JOIN ODRF OQ ON T0.DocEntry = OQ.DocEntry
    WHERE T0.DocEntry = {?DocKey@} AND OQ.ObjType = '203'
      AND (
          T0.TreeType IN ('i', 'I') 
          OR (
              ISNULL(T0.TreeType, 'N') = 'N'
              AND EXISTS (
                  SELECT 1 FROM ITT1
                  WHERE Code = T0.ItemCode
                    AND Father = (SELECT TOP 1 P.ItemCode FROM DRF1 P WHERE P.DocEntry = T0.DocEntry AND P.VisOrder < T0.VisOrder AND (P.TreeType IN ('S', 'A', 'T') OR EXISTS (SELECT 1 FROM OITT WHERE Code = P.ItemCode)) ORDER BY P.VisOrder DESC)
              )
          )
      )
),
GroupedParent_D AS (
    SELECT 
        DocEntry,
        Parent_VisOrder,
        SUM(CompPriceBefDi) AS Sum_PriceBefDi,
        SUM(CompLineTotal) AS Sum_LineTotal
    FROM ComponentSums_D
    WHERE Parent_VisOrder IS NOT NULL
    GROUP BY DocEntry, Parent_VisOrder
)

SELECT T0.*
FROM (
-- ========================================================
-- 1.1 item rows of the real document
-- ========================================================
SELECT DISTINCT

    CRD1.Street     AS '1Bill',
    CRD1.State        AS StateB,
    OCRY.Name         AS 'CountryName',

    CRD1.StreetNo   AS '2Bill',

    CRD1.Block      AS '3Bill',

    CRD1.City       AS '4Bill',

    CRD1.County     AS '5Bill',

    CRD1.ZipCode    AS '6Bill',

    DPI12.StreetS     AS '1Ship',

    DPI12.StreetNoS   AS '2Ship',

    DPI12.BlockS      AS '3Ship',

    DPI12.CityS       AS '4Ship',

    DPI12.CountyS     AS '5Ship',

    DPI12.ZipCodeS    AS '6Ship',

    
    CASE 
        WHEN OCRD.Phone2 IS NULL THEN ''
        WHEN OCRD.Phone2 IS NOT NULL THEN ', ' + OCRD.Phone2
    END AS 'Phone2',

    OCPR.Name AS 'Coontact',

    
    CASE 
        WHEN BRANCH.Code = '00000' AND ODPI.DocCur = OADM.MainCurncy THEN N'สำนักงานใหญ่'
        WHEN BRANCH.Code = '00000' AND ODPI.DocCur <> OADM.MainCurncy THEN 'Head office'
        WHEN BRANCH.Code <> '00000' AND ODPI.DocCur = OADM.MainCurncy THEN concat(N'สาขาที่' ,' ',BRANCH.Code)
        WHEN BRANCH.Code <> '00000' AND ODPI.DocCur <> OADM.MainCurncy THEN concat('Branch' ,' ',BRANCH.Code)
    END AS 'GLN_H',

    
    CASE 
        WHEN CRD1.GlblLocNum = '00000' AND ODPI.DocCur = OADM.MainCurncy THEN N'(สำนักงานใหญ่)'
        WHEN CRD1.GlblLocNum = '00000' AND ODPI.DocCur <> OADM.MainCurncy THEN '(Head office)'
        WHEN CRD1.GlblLocNum <> '00000' AND ODPI.DocCur = OADM.MainCurncy THEN concat(N'(สาขาที่' ,' ',CRD1.GlblLocNum,')')
        WHEN CRD1.GlblLocNum <> '00000' AND ODPI.DocCur <> OADM.MainCurncy THEN concat('(Branch' ,' ',CRD1.GlblLocNum,')')
        WHEN CRD1.GlblLocNum = '' OR CRD1.GlblLocNum IS NULL THEN ''
    END AS 'GLN_BP',

    
    CASE
        WHEN ODPI.Printed = 'N' AND ODPI.DocCur <> OADM.MainCurncy THEN 'Original'
        WHEN ODPI.Printed = 'N' AND ODPI.DocCur = OADM.MainCurncy THEN N'ต้นฉบับ'
        WHEN ODPI.Printed = 'Y' AND ODPI.DocCur <> OADM.MainCurncy THEN 'Copy'
        WHEN ODPI.Printed = 'Y' AND ODPI.DocCur = OADM.MainCurncy THEN N'สำเนา'
    END AS 'Print Status',

    
    NNM1.BeginStr,

    ODPI.DocEntry,

    ODPI.DocNum,

    ODPI.DocDate,

    ODPI.CardCode,

    DPI1.unitmsr,

    ODPI.NumAtCard,

    DENSE_RANK() OVER (ORDER BY DPI1.VisOrder ASC) AS 'No.',

    DPI1.LineNum AS 'Line No.',
 
    ODPI.[Address],

    OCRD.U_SLD_Title,

    OCRD.U_SLD_FullName,

    CRD1.GlblLocNum,

    OCRD.Phone1,

    ISNULL(OCRD.Phone2,'') AS 'Phone2_2',

    OCRD.Fax,

    ODPI.LicTradNum,

    
    CASE 
         WHEN OCTG.PymntGroup = N'เงินสด' THEN 'Cash'
         WHEN OCTG.PymntGroup = N'120 วัน' THEN '120 Days'
         WHEN OCTG.PymntGroup = N'90 วัน' THEN '90 Days'
         WHEN OCTG.PymntGroup = N'60 วัน' THEN '60 Days'
         WHEN OCTG.PymntGroup = N'45 วัน' THEN '45 Days'
         WHEN OCTG.PymntGroup = N'30 วัน' THEN '30 Days'
         WHEN OCTG.PymntGroup = N'15 วัน' THEN '15 Days'
         WHEN OCTG.PymntGroup = N'7 วัน' THEN '7 Days'
         WHEN OCTG.PymntGroup = N'3 วัน' THEN '3 Days'
    END AS 'PaymentEng',

    
    ODPI.DocDueDate,

    DPI1.ItemCode,

    DPI1.Dscription AS 'Dscription',

    DPI1.Quantity,

    ODPI.Comments,

    ODPI.DocCur,

    
    -- ดึงราคา PriceBefDi
    CASE
        WHEN ISNULL(GPS.Sum_PriceBefDi, 0) = 0 THEN DPI1.PriceBefDi 
        ELSE GPS.Sum_PriceBefDi
    END AS 'PriceBefDi',

    
    -- ดึงยอด LineTotal
    CASE 
        WHEN DPI1.LineTotal = 0 THEN ISNULL(GPS.Sum_LineTotal, 0)
        WHEN ODPI.DocCur = 'THB' THEN DPI1.LineTotal 
        ELSE DPI1.TotalFrgn 
    END AS 'LineTotal',

    
    CASE WHEN ODPI.DocCur = 'THB' THEN ODPI.VatSum ELSE ODPI.VatSumFC END AS 'VatSum',

    CASE WHEN ODPI.DocCur = 'THB' THEN ODPI.DocTotal ELSE ODPI.DocTotalFC END AS 'DocTotal',

    CASE WHEN ODPI.DocCur = 'THB' THEN ODPI.DpmAmnt ELSE ODPI.DpmAmntFC END AS 'DpmAmnt',
    
    (SELECT CASE WHEN ODPI.DocCur = 'THB' THEN SUM(L.LineTotal) ELSE SUM(L.TotalFrgn) END
        FROM DPI1 L WHERE L.DocEntry = ODPI.DocEntry
        AND L.TreeType NOT IN ('I', 'i')
        AND NOT (ISNULL(L.TreeType, 'N') = 'N' AND EXISTS (SELECT 1 FROM ITT1 WHERE Code = L.ItemCode AND Father = (SELECT TOP 1 P.ItemCode FROM DPI1 P WHERE P.DocEntry = L.DocEntry AND P.VisOrder < L.VisOrder AND (P.TreeType IN ('S', 'A', 'T') OR EXISTS (SELECT 1 FROM OITT WHERE Code = P.ItemCode)) ORDER BY P.VisOrder DESC)))
    ) AS 'Sum_LineTotal_All',

    
    ODPI.dpmprcnt,

    RCT1.CheckNum,

    RCT1.[CheckSum],

    RCT1.DueDate AS 'Check Date',
    (SELECT CASE WHEN ODPI.DocCur = 'THB' THEN SUM(L.LineTotal) ELSE SUM(L.TotalFrgn) END
        FROM DPI1 L WHERE L.DocEntry = ODPI.DocEntry) AS 'CashSum',

    SUM(ORCT.TrsfrSum) OVER(PARTITION BY ODPI.DocEntry) AS 'TrsfrSum',

    
    ODSC.BankName,

    DPI1.LineType,

    OSLP.U_Name_Foreign AS 'Name',

    OCPR.Cellolar AS 'Tel1',

    OCPR.E_MailL,

    QPJ.Project,

    ISNULL(NULLIF(OUOM.U_SLD_Uomforeign,''), DPI1.UomCode) AS UgpCode

,
    DPI1.VisOrder AS 'Sort_VisOrder',
    0 AS 'Sort_IsText',
    0 AS 'Sort_Seq'

FROM ODPI
INNER JOIN DPI1 ON ODPI.DocEntry = DPI1.DocEntry
-- ใช้ OUTER APPLY ดึง Project แรกที่เจอใน Line มาใช้งาน
OUTER APPLY (
    SELECT TOP 1 P.Project 
    FROM DPI1 P 
    WHERE P.DocEntry = ODPI.DocEntry 
      AND P.Project IS NOT NULL 
      AND P.Project <> ''
) QPJ
LEFT JOIN DPI12 ON ODPI.DocEntry = DPI12.DocEntry
LEFT JOIN NNM1 ON ODPI.Series = NNM1.Series 
LEFT JOIN OCRD ON ODPI.CardCode = OCRD.CardCode 
LEFT JOIN OCPR ON ODPI.CntctCode = OCPR.CntctCode
LEFT JOIN CRD1 ON (OCRD.CardCode = CRD1.CardCode AND ODPI.PayToCode = CRD1.[Address] AND CRD1.AdresType ='B')
LEFT JOIN OCRY ON CRD1.Country = OCRY.Code
LEFT JOIN OSLP ON ODPI.SlpCode = OSLP.SlpCode 
LEFT JOIN OCTG ON ODPI.GroupNum = OCTG.GroupNum 
LEFT JOIN OHEM ON ODPI.OwnerCode = OHEM.empID
LEFT JOIN OUSR ON ODPI.UserSign = OUSR.USERID
LEFT JOIN OPRJ ON QPJ.Project = OPRJ.PrjCode 
LEFT JOIN ORCT ON ODPI.ReceiptNum = ORCT.DocEntry
LEFT JOIN RCT1 ON ORCT.DocEntry = RCT1.DocNum
LEFT JOIN RCT2 ON ORCT.DocNum = RCT2.DocEntry
LEFT JOIN ODSC ON RCT1.BankCode = ODSC.BankCode
LEFT JOIN OITM ON DPI1.ItemCode = OITM.ItemCode
LEFT JOIN OUOM ON DPI1.UomCode = OUOM.UomCode
LEFT JOIN OITT ON DPI1.ItemCode = OITT.Code AND OITT.TreeType = 'S'
LEFT JOIN [dbo].[@SLDT_SET_BRANCH] BRANCH ON ODPI.U_SLD_LVatBranch = BRANCH.Code
-- Join ยอด Sum กลับเข้ามา
LEFT JOIN GroupedParent GPS ON DPI1.DocEntry = GPS.DocEntry AND DPI1.VisOrder = GPS.Parent_VisOrder
CROSS JOIN OADM

WHERE ODPI.DocEntry = {?DocKey@}
  AND DPI1.TreeType NOT IN ('I', 'i')
  AND NOT (
      ISNULL(DPI1.TreeType, 'N') = 'N'
      AND EXISTS (
          SELECT 1 FROM ITT1
          WHERE Code = DPI1.ItemCode
            AND Father = (SELECT TOP 1 P.ItemCode FROM DPI1 P WHERE P.DocEntry = DPI1.DocEntry AND P.VisOrder < DPI1.VisOrder AND (P.TreeType IN ('S', 'A', 'T') OR EXISTS (SELECT 1 FROM OITT WHERE Code = P.ItemCode)) ORDER BY P.VisOrder DESC)
      )
  )
  AND {?ObjectId@} = '203'



UNION ALL
-- ========================================================
-- 1.2 text rows (remarks) of the real document
-- ========================================================
SELECT DISTINCT

    CRD1.Street     AS '1Bill',
    CRD1.State        AS StateB,
    OCRY.Name         AS 'CountryName',

    CRD1.StreetNo   AS '2Bill',

    CRD1.Block      AS '3Bill',

    CRD1.City       AS '4Bill',

    CRD1.County     AS '5Bill',

    CRD1.ZipCode    AS '6Bill',

    DPI12.StreetS     AS '1Ship',

    DPI12.StreetNoS   AS '2Ship',

    DPI12.BlockS      AS '3Ship',

    DPI12.CityS       AS '4Ship',

    DPI12.CountyS     AS '5Ship',

    DPI12.ZipCodeS    AS '6Ship',

    
    CASE 
        WHEN OCRD.Phone2 IS NULL THEN ''
        WHEN OCRD.Phone2 IS NOT NULL THEN ', ' + OCRD.Phone2
    END AS 'Phone2',

    OCPR.Name AS 'Coontact',

    
    CASE 
        WHEN BRANCH.Code = '00000' AND ODPI.DocCur = OADM.MainCurncy THEN N'สำนักงานใหญ่'
        WHEN BRANCH.Code = '00000' AND ODPI.DocCur <> OADM.MainCurncy THEN 'Head office'
        WHEN BRANCH.Code <> '00000' AND ODPI.DocCur = OADM.MainCurncy THEN concat(N'สาขาที่' ,' ',BRANCH.Code)
        WHEN BRANCH.Code <> '00000' AND ODPI.DocCur <> OADM.MainCurncy THEN concat('Branch' ,' ',BRANCH.Code)
    END AS 'GLN_H',

    
    CASE 
        WHEN CRD1.GlblLocNum = '00000' AND ODPI.DocCur = OADM.MainCurncy THEN N'(สำนักงานใหญ่)'
        WHEN CRD1.GlblLocNum = '00000' AND ODPI.DocCur <> OADM.MainCurncy THEN '(Head office)'
        WHEN CRD1.GlblLocNum <> '00000' AND ODPI.DocCur = OADM.MainCurncy THEN concat(N'(สาขาที่' ,' ',CRD1.GlblLocNum,')')
        WHEN CRD1.GlblLocNum <> '00000' AND ODPI.DocCur <> OADM.MainCurncy THEN concat('(Branch' ,' ',CRD1.GlblLocNum,')')
        WHEN CRD1.GlblLocNum = '' OR CRD1.GlblLocNum IS NULL THEN ''
    END AS 'GLN_BP',

    
    CASE
        WHEN ODPI.Printed = 'N' AND ODPI.DocCur <> OADM.MainCurncy THEN 'Original'
        WHEN ODPI.Printed = 'N' AND ODPI.DocCur = OADM.MainCurncy THEN N'ต้นฉบับ'
        WHEN ODPI.Printed = 'Y' AND ODPI.DocCur <> OADM.MainCurncy THEN 'Copy'
        WHEN ODPI.Printed = 'Y' AND ODPI.DocCur = OADM.MainCurncy THEN N'สำเนา'
    END AS 'Print Status',

    
    NNM1.BeginStr,

    ODPI.DocEntry,

    ODPI.DocNum,

    ODPI.DocDate,

    ODPI.CardCode,
    NULL AS 'unitmsr',

    ODPI.NumAtCard,
    CAST(NULL AS INT) AS 'No.',
    DPI1.LineNum AS 'Line No.',
 
    ODPI.[Address],

    OCRD.U_SLD_Title,

    OCRD.U_SLD_FullName,

    CRD1.GlblLocNum,

    OCRD.Phone1,

    ISNULL(OCRD.Phone2,'') AS 'Phone2_2',

    OCRD.Fax,

    ODPI.LicTradNum,

    
    CASE 
         WHEN OCTG.PymntGroup = N'เงินสด' THEN 'Cash'
         WHEN OCTG.PymntGroup = N'120 วัน' THEN '120 Days'
         WHEN OCTG.PymntGroup = N'90 วัน' THEN '90 Days'
         WHEN OCTG.PymntGroup = N'60 วัน' THEN '60 Days'
         WHEN OCTG.PymntGroup = N'45 วัน' THEN '45 Days'
         WHEN OCTG.PymntGroup = N'30 วัน' THEN '30 Days'
         WHEN OCTG.PymntGroup = N'15 วัน' THEN '15 Days'
         WHEN OCTG.PymntGroup = N'7 วัน' THEN '7 Days'
         WHEN OCTG.PymntGroup = N'3 วัน' THEN '3 Days'
    END AS 'PaymentEng',

    
    ODPI.DocDueDate,
    NULL AS 'ItemCode',
    CAST(DPI10.LineText AS NVARCHAR(4000)) AS 'Dscription',
    NULL AS 'Quantity',

    ODPI.Comments,

    ODPI.DocCur,
    NULL AS 'PriceBefDi',
    NULL AS 'LineTotal',

    
    CASE WHEN ODPI.DocCur = 'THB' THEN ODPI.VatSum ELSE ODPI.VatSumFC END AS 'VatSum',

    CASE WHEN ODPI.DocCur = 'THB' THEN ODPI.DocTotal ELSE ODPI.DocTotalFC END AS 'DocTotal',

    CASE WHEN ODPI.DocCur = 'THB' THEN ODPI.DpmAmnt ELSE ODPI.DpmAmntFC END AS 'DpmAmnt',
    
    (SELECT CASE WHEN ODPI.DocCur = 'THB' THEN SUM(L.LineTotal) ELSE SUM(L.TotalFrgn) END
        FROM DPI1 L WHERE L.DocEntry = ODPI.DocEntry
        AND L.TreeType NOT IN ('I', 'i')
        AND NOT (ISNULL(L.TreeType, 'N') = 'N' AND EXISTS (SELECT 1 FROM ITT1 WHERE Code = L.ItemCode AND Father = (SELECT TOP 1 P.ItemCode FROM DPI1 P WHERE P.DocEntry = L.DocEntry AND P.VisOrder < L.VisOrder AND (P.TreeType IN ('S', 'A', 'T') OR EXISTS (SELECT 1 FROM OITT WHERE Code = P.ItemCode)) ORDER BY P.VisOrder DESC)))
    ) AS 'Sum_LineTotal_All',

    
    ODPI.dpmprcnt,

    RCT1.CheckNum,

    RCT1.[CheckSum],

    RCT1.DueDate AS 'Check Date',

    
    -- ใช้ SUM() OVER() แทน GROUP BY สำหรับยอด Cash และ Transfer
    SUM(ORCT.CashSum) OVER(PARTITION BY ODPI.DocEntry) AS 'CashSum',

    SUM(ORCT.TrsfrSum) OVER(PARTITION BY ODPI.DocEntry) AS 'TrsfrSum',

    
    ODSC.BankName,
    'T' AS 'LineType',

    OSLP.U_Name_Foreign AS 'Name',

    OCPR.Cellolar AS 'Tel1',

    OCPR.E_MailL,

    QPJ.Project,

    ISNULL(NULLIF(OUOM.U_SLD_Uomforeign,''), DPI1.UomCode) AS UgpCode

,
    COALESCE(DPI1.VisOrder, -1) AS 'Sort_VisOrder',
    1 AS 'Sort_IsText',
    DPI10.LineSeq AS 'Sort_Seq'

FROM ODPI
INNER JOIN DPI10 ON ODPI.DocEntry = DPI10.DocEntry
LEFT JOIN DPI1 ON DPI10.DocEntry = DPI1.DocEntry AND DPI10.AftLineNum = DPI1.LineNum
-- ใช้ OUTER APPLY ดึง Project แรกที่เจอใน Line มาใช้งาน
OUTER APPLY (
    SELECT TOP 1 P.Project 
    FROM DPI1 P 
    WHERE P.DocEntry = ODPI.DocEntry 
      AND P.Project IS NOT NULL 
      AND P.Project <> ''
) QPJ
LEFT JOIN DPI12 ON ODPI.DocEntry = DPI12.DocEntry
LEFT JOIN NNM1 ON ODPI.Series = NNM1.Series 
LEFT JOIN OCRD ON ODPI.CardCode = OCRD.CardCode 
LEFT JOIN OCPR ON ODPI.CntctCode = OCPR.CntctCode
LEFT JOIN CRD1 ON (OCRD.CardCode = CRD1.CardCode AND ODPI.PayToCode = CRD1.[Address] AND CRD1.AdresType ='B')
LEFT JOIN OCRY ON CRD1.Country = OCRY.Code
LEFT JOIN OSLP ON ODPI.SlpCode = OSLP.SlpCode 
LEFT JOIN OCTG ON ODPI.GroupNum = OCTG.GroupNum 
LEFT JOIN OHEM ON ODPI.OwnerCode = OHEM.empID
LEFT JOIN OUSR ON ODPI.UserSign = OUSR.USERID
LEFT JOIN OPRJ ON QPJ.Project = OPRJ.PrjCode 
LEFT JOIN ORCT ON ODPI.ReceiptNum = ORCT.DocEntry
LEFT JOIN RCT1 ON ORCT.DocEntry = RCT1.DocNum
LEFT JOIN RCT2 ON ORCT.DocNum = RCT2.DocEntry
LEFT JOIN ODSC ON RCT1.BankCode = ODSC.BankCode

LEFT JOIN OUOM ON DPI1.UomCode = OUOM.UomCode
LEFT JOIN OITT ON DPI1.ItemCode = OITT.Code AND OITT.TreeType = 'S'
LEFT JOIN [dbo].[@SLDT_SET_BRANCH] BRANCH ON ODPI.U_SLD_LVatBranch = BRANCH.Code
CROSS JOIN OADM

WHERE ODPI.DocEntry = {?DocKey@}
  AND {?ObjectId@} = '203'



UNION ALL
-- ========================================================
-- 2.1 item rows of the draft document
-- ========================================================
SELECT DISTINCT

    CRD1.Street     AS '1Bill',
    CRD1.State        AS StateB,
    OCRY.Name         AS 'CountryName',

    CRD1.StreetNo   AS '2Bill',

    CRD1.Block      AS '3Bill',

    CRD1.City       AS '4Bill',

    CRD1.County     AS '5Bill',

    CRD1.ZipCode    AS '6Bill',

    DPI12.StreetS     AS '1Ship',

    DPI12.StreetNoS   AS '2Ship',

    DPI12.BlockS      AS '3Ship',

    DPI12.CityS       AS '4Ship',

    DPI12.CountyS     AS '5Ship',

    DPI12.ZipCodeS    AS '6Ship',

    
    CASE 
        WHEN OCRD.Phone2 IS NULL THEN ''
        WHEN OCRD.Phone2 IS NOT NULL THEN ', ' + OCRD.Phone2
    END AS 'Phone2',

    OCPR.Name AS 'Coontact',

    
    CASE 
        WHEN BRANCH.Code = '00000' AND ODPI.DocCur = OADM.MainCurncy THEN N'สำนักงานใหญ่'
        WHEN BRANCH.Code = '00000' AND ODPI.DocCur <> OADM.MainCurncy THEN 'Head office'
        WHEN BRANCH.Code <> '00000' AND ODPI.DocCur = OADM.MainCurncy THEN concat(N'สาขาที่' ,' ',BRANCH.Code)
        WHEN BRANCH.Code <> '00000' AND ODPI.DocCur <> OADM.MainCurncy THEN concat('Branch' ,' ',BRANCH.Code)
    END AS 'GLN_H',

    
    CASE 
        WHEN CRD1.GlblLocNum = '00000' AND ODPI.DocCur = OADM.MainCurncy THEN N'(สำนักงานใหญ่)'
        WHEN CRD1.GlblLocNum = '00000' AND ODPI.DocCur <> OADM.MainCurncy THEN '(Head office)'
        WHEN CRD1.GlblLocNum <> '00000' AND ODPI.DocCur = OADM.MainCurncy THEN concat(N'(สาขาที่' ,' ',CRD1.GlblLocNum,')')
        WHEN CRD1.GlblLocNum <> '00000' AND ODPI.DocCur <> OADM.MainCurncy THEN concat('(Branch' ,' ',CRD1.GlblLocNum,')')
        WHEN CRD1.GlblLocNum = '' OR CRD1.GlblLocNum IS NULL THEN ''
    END AS 'GLN_BP',

    
    CASE
        WHEN ODPI.Printed = 'N' AND ODPI.DocCur <> OADM.MainCurncy THEN 'Original'
        WHEN ODPI.Printed = 'N' AND ODPI.DocCur = OADM.MainCurncy THEN N'ต้นฉบับ'
        WHEN ODPI.Printed = 'Y' AND ODPI.DocCur <> OADM.MainCurncy THEN 'Copy'
        WHEN ODPI.Printed = 'Y' AND ODPI.DocCur = OADM.MainCurncy THEN N'สำเนา'
    END AS 'Print Status',

    
    NNM1.BeginStr,

    ODPI.DocEntry,

    ODPI.DocNum,

    ODPI.DocDate,

    ODPI.CardCode,

    DPI1.unitmsr,

    ODPI.NumAtCard,

    DENSE_RANK() OVER (ORDER BY DPI1.VisOrder ASC) AS 'No.',

    DPI1.LineNum AS 'Line No.',
 
    ODPI.[Address],

    OCRD.U_SLD_Title,

    OCRD.U_SLD_FullName,

    CRD1.GlblLocNum,

    OCRD.Phone1,

    ISNULL(OCRD.Phone2,'') AS 'Phone2_2',

    OCRD.Fax,

    ODPI.LicTradNum,

    
    CASE 
         WHEN OCTG.PymntGroup = N'เงินสด' THEN 'Cash'
         WHEN OCTG.PymntGroup = N'120 วัน' THEN '120 Days'
         WHEN OCTG.PymntGroup = N'90 วัน' THEN '90 Days'
         WHEN OCTG.PymntGroup = N'60 วัน' THEN '60 Days'
         WHEN OCTG.PymntGroup = N'45 วัน' THEN '45 Days'
         WHEN OCTG.PymntGroup = N'30 วัน' THEN '30 Days'
         WHEN OCTG.PymntGroup = N'15 วัน' THEN '15 Days'
         WHEN OCTG.PymntGroup = N'7 วัน' THEN '7 Days'
         WHEN OCTG.PymntGroup = N'3 วัน' THEN '3 Days'
    END AS 'PaymentEng',

    
    ODPI.DocDueDate,

    DPI1.ItemCode,

    DPI1.Dscription AS 'Dscription',

    DPI1.Quantity,

    ODPI.Comments,

    ODPI.DocCur,

    
    -- ดึงราคา PriceBefDi
    CASE
        WHEN ISNULL(GPS.Sum_PriceBefDi, 0) = 0 THEN DPI1.PriceBefDi 
        ELSE GPS.Sum_PriceBefDi
    END AS 'PriceBefDi',

    
    -- ดึงยอด LineTotal
    CASE 
        WHEN DPI1.LineTotal = 0 THEN ISNULL(GPS.Sum_LineTotal, 0)
        WHEN ODPI.DocCur = 'THB' THEN DPI1.LineTotal 
        ELSE DPI1.TotalFrgn 
    END AS 'LineTotal',

    
    CASE WHEN ODPI.DocCur = 'THB' THEN ODPI.VatSum ELSE ODPI.VatSumFC END AS 'VatSum',

    CASE WHEN ODPI.DocCur = 'THB' THEN ODPI.DocTotal ELSE ODPI.DocTotalFC END AS 'DocTotal',

    CASE WHEN ODPI.DocCur = 'THB' THEN ODPI.DpmAmnt ELSE ODPI.DpmAmntFC END AS 'DpmAmnt',
    
    (SELECT CASE WHEN ODPI.DocCur = 'THB' THEN SUM(L.LineTotal) ELSE SUM(L.TotalFrgn) END
        FROM DRF1 L WHERE L.DocEntry = ODPI.DocEntry
        AND L.TreeType NOT IN ('I', 'i')
        AND NOT (ISNULL(L.TreeType, 'N') = 'N' AND EXISTS (SELECT 1 FROM ITT1 WHERE Code = L.ItemCode AND Father = (SELECT TOP 1 P.ItemCode FROM DRF1 P WHERE P.DocEntry = L.DocEntry AND P.VisOrder < L.VisOrder AND (P.TreeType IN ('S', 'A', 'T') OR EXISTS (SELECT 1 FROM OITT WHERE Code = P.ItemCode)) ORDER BY P.VisOrder DESC)))
    ) AS 'Sum_LineTotal_All',

    
    ODPI.dpmprcnt,

    RCT1.CheckNum,

    RCT1.[CheckSum],

    RCT1.DueDate AS 'Check Date',
    CAST(NULL AS NUMERIC(19,6)) AS 'CashSum',

    CAST(NULL AS NUMERIC(19,6)) AS 'TrsfrSum',

    
    ODSC.BankName,

    DPI1.LineType,

    OSLP.U_Name_Foreign AS 'Name',

    OCPR.Cellolar AS 'Tel1',

    OCPR.E_MailL,

    QPJ.Project,

    ISNULL(NULLIF(OUOM.U_SLD_Uomforeign,''), DPI1.UomCode) AS UgpCode

,
    DPI1.VisOrder AS 'Sort_VisOrder',
    0 AS 'Sort_IsText',
    0 AS 'Sort_Seq'

FROM ODRF ODPI
INNER JOIN DRF1 DPI1 ON ODPI.DocEntry = DPI1.DocEntry
-- ใช้ OUTER APPLY ดึง Project แรกที่เจอใน Line มาใช้งาน
OUTER APPLY (
    SELECT TOP 1 P.Project 
    FROM DRF1 P 
    WHERE P.DocEntry = ODPI.DocEntry 
      AND P.Project IS NOT NULL 
      AND P.Project <> ''
) QPJ
LEFT JOIN DRF12 DPI12 ON ODPI.DocEntry = DPI12.DocEntry
LEFT JOIN NNM1 ON ODPI.Series = NNM1.Series 
LEFT JOIN OCRD ON ODPI.CardCode = OCRD.CardCode 
LEFT JOIN OCPR ON ODPI.CntctCode = OCPR.CntctCode
LEFT JOIN CRD1 ON (OCRD.CardCode = CRD1.CardCode AND ODPI.PayToCode = CRD1.[Address] AND CRD1.AdresType ='B')
LEFT JOIN OCRY ON CRD1.Country = OCRY.Code
LEFT JOIN OSLP ON ODPI.SlpCode = OSLP.SlpCode 
LEFT JOIN OCTG ON ODPI.GroupNum = OCTG.GroupNum 
LEFT JOIN OHEM ON ODPI.OwnerCode = OHEM.empID
LEFT JOIN OUSR ON ODPI.UserSign = OUSR.USERID
LEFT JOIN OPRJ ON QPJ.Project = OPRJ.PrjCode 
LEFT JOIN ORCT ON ODPI.ReceiptNum = ORCT.DocEntry
LEFT JOIN RCT1 ON ORCT.DocEntry = RCT1.DocNum
LEFT JOIN RCT2 ON ORCT.DocNum = RCT2.DocEntry
LEFT JOIN ODSC ON RCT1.BankCode = ODSC.BankCode
LEFT JOIN OITM ON DPI1.ItemCode = OITM.ItemCode
LEFT JOIN OUOM ON DPI1.UomCode = OUOM.UomCode
LEFT JOIN OITT ON DPI1.ItemCode = OITT.Code AND OITT.TreeType = 'S'
LEFT JOIN [dbo].[@SLDT_SET_BRANCH] BRANCH ON ODPI.U_SLD_LVatBranch = BRANCH.Code
-- Join ยอด Sum กลับเข้ามา
LEFT JOIN GroupedParent_D GPS ON DPI1.DocEntry = GPS.DocEntry AND DPI1.VisOrder = GPS.Parent_VisOrder
CROSS JOIN OADM

WHERE ODPI.DocEntry = {?DocKey@}
  AND DPI1.TreeType NOT IN ('I', 'i')
  AND NOT (
      ISNULL(DPI1.TreeType, 'N') = 'N'
      AND EXISTS (
          SELECT 1 FROM ITT1
          WHERE Code = DPI1.ItemCode
            AND Father = (SELECT TOP 1 P.ItemCode FROM DRF1 P WHERE P.DocEntry = DPI1.DocEntry AND P.VisOrder < DPI1.VisOrder AND (P.TreeType IN ('S', 'A', 'T') OR EXISTS (SELECT 1 FROM OITT WHERE Code = P.ItemCode)) ORDER BY P.VisOrder DESC)
      )
  )
  AND {?ObjectId@} = '112' AND ODPI.ObjType = '203'


UNION ALL
-- ========================================================
-- 2.2 text rows (remarks) of the draft document
-- ========================================================
SELECT DISTINCT

    CRD1.Street     AS '1Bill',
    CRD1.State        AS StateB,
    OCRY.Name         AS 'CountryName',

    CRD1.StreetNo   AS '2Bill',

    CRD1.Block      AS '3Bill',

    CRD1.City       AS '4Bill',

    CRD1.County     AS '5Bill',

    CRD1.ZipCode    AS '6Bill',

    DPI12.StreetS     AS '1Ship',

    DPI12.StreetNoS   AS '2Ship',

    DPI12.BlockS      AS '3Ship',

    DPI12.CityS       AS '4Ship',

    DPI12.CountyS     AS '5Ship',

    DPI12.ZipCodeS    AS '6Ship',

    
    CASE 
        WHEN OCRD.Phone2 IS NULL THEN ''
        WHEN OCRD.Phone2 IS NOT NULL THEN ', ' + OCRD.Phone2
    END AS 'Phone2',

    OCPR.Name AS 'Coontact',

    
    CASE 
        WHEN BRANCH.Code = '00000' AND ODPI.DocCur = OADM.MainCurncy THEN N'สำนักงานใหญ่'
        WHEN BRANCH.Code = '00000' AND ODPI.DocCur <> OADM.MainCurncy THEN 'Head office'
        WHEN BRANCH.Code <> '00000' AND ODPI.DocCur = OADM.MainCurncy THEN concat(N'สาขาที่' ,' ',BRANCH.Code)
        WHEN BRANCH.Code <> '00000' AND ODPI.DocCur <> OADM.MainCurncy THEN concat('Branch' ,' ',BRANCH.Code)
    END AS 'GLN_H',

    
    CASE 
        WHEN CRD1.GlblLocNum = '00000' AND ODPI.DocCur = OADM.MainCurncy THEN N'(สำนักงานใหญ่)'
        WHEN CRD1.GlblLocNum = '00000' AND ODPI.DocCur <> OADM.MainCurncy THEN '(Head office)'
        WHEN CRD1.GlblLocNum <> '00000' AND ODPI.DocCur = OADM.MainCurncy THEN concat(N'(สาขาที่' ,' ',CRD1.GlblLocNum,')')
        WHEN CRD1.GlblLocNum <> '00000' AND ODPI.DocCur <> OADM.MainCurncy THEN concat('(Branch' ,' ',CRD1.GlblLocNum,')')
        WHEN CRD1.GlblLocNum = '' OR CRD1.GlblLocNum IS NULL THEN ''
    END AS 'GLN_BP',

    
    CASE
        WHEN ODPI.Printed = 'N' AND ODPI.DocCur <> OADM.MainCurncy THEN 'Original'
        WHEN ODPI.Printed = 'N' AND ODPI.DocCur = OADM.MainCurncy THEN N'ต้นฉบับ'
        WHEN ODPI.Printed = 'Y' AND ODPI.DocCur <> OADM.MainCurncy THEN 'Copy'
        WHEN ODPI.Printed = 'Y' AND ODPI.DocCur = OADM.MainCurncy THEN N'สำเนา'
    END AS 'Print Status',

    
    NNM1.BeginStr,

    ODPI.DocEntry,

    ODPI.DocNum,

    ODPI.DocDate,

    ODPI.CardCode,
    NULL AS 'unitmsr',

    ODPI.NumAtCard,
    CAST(NULL AS INT) AS 'No.',
    DPI1.LineNum AS 'Line No.',
 
    ODPI.[Address],

    OCRD.U_SLD_Title,

    OCRD.U_SLD_FullName,

    CRD1.GlblLocNum,

    OCRD.Phone1,

    ISNULL(OCRD.Phone2,'') AS 'Phone2_2',

    OCRD.Fax,

    ODPI.LicTradNum,

    
    CASE 
         WHEN OCTG.PymntGroup = N'เงินสด' THEN 'Cash'
         WHEN OCTG.PymntGroup = N'120 วัน' THEN '120 Days'
         WHEN OCTG.PymntGroup = N'90 วัน' THEN '90 Days'
         WHEN OCTG.PymntGroup = N'60 วัน' THEN '60 Days'
         WHEN OCTG.PymntGroup = N'45 วัน' THEN '45 Days'
         WHEN OCTG.PymntGroup = N'30 วัน' THEN '30 Days'
         WHEN OCTG.PymntGroup = N'15 วัน' THEN '15 Days'
         WHEN OCTG.PymntGroup = N'7 วัน' THEN '7 Days'
         WHEN OCTG.PymntGroup = N'3 วัน' THEN '3 Days'
    END AS 'PaymentEng',

    
    ODPI.DocDueDate,
    NULL AS 'ItemCode',
    CAST(DPI10.LineText AS NVARCHAR(4000)) AS 'Dscription',
    NULL AS 'Quantity',

    ODPI.Comments,

    ODPI.DocCur,
    NULL AS 'PriceBefDi',
    NULL AS 'LineTotal',

    
    CASE WHEN ODPI.DocCur = 'THB' THEN ODPI.VatSum ELSE ODPI.VatSumFC END AS 'VatSum',

    CASE WHEN ODPI.DocCur = 'THB' THEN ODPI.DocTotal ELSE ODPI.DocTotalFC END AS 'DocTotal',

    CASE WHEN ODPI.DocCur = 'THB' THEN ODPI.DpmAmnt ELSE ODPI.DpmAmntFC END AS 'DpmAmnt',
    
    (SELECT CASE WHEN ODPI.DocCur = 'THB' THEN SUM(L.LineTotal) ELSE SUM(L.TotalFrgn) END
        FROM DRF1 L WHERE L.DocEntry = ODPI.DocEntry
        AND L.TreeType NOT IN ('I', 'i')
        AND NOT (ISNULL(L.TreeType, 'N') = 'N' AND EXISTS (SELECT 1 FROM ITT1 WHERE Code = L.ItemCode AND Father = (SELECT TOP 1 P.ItemCode FROM DRF1 P WHERE P.DocEntry = L.DocEntry AND P.VisOrder < L.VisOrder AND (P.TreeType IN ('S', 'A', 'T') OR EXISTS (SELECT 1 FROM OITT WHERE Code = P.ItemCode)) ORDER BY P.VisOrder DESC)))
    ) AS 'Sum_LineTotal_All',

    
    ODPI.dpmprcnt,

    RCT1.CheckNum,

    RCT1.[CheckSum],

    RCT1.DueDate AS 'Check Date',

    
    -- ใช้ SUM() OVER() แทน GROUP BY สำหรับยอด Cash และ Transfer
    CAST(NULL AS NUMERIC(19,6)) AS 'CashSum',

    CAST(NULL AS NUMERIC(19,6)) AS 'TrsfrSum',

    
    ODSC.BankName,
    'T' AS 'LineType',

    OSLP.U_Name_Foreign AS 'Name',

    OCPR.Cellolar AS 'Tel1',

    OCPR.E_MailL,

    QPJ.Project,

    ISNULL(NULLIF(OUOM.U_SLD_Uomforeign,''), DPI1.UomCode) AS UgpCode

,
    COALESCE(DPI1.VisOrder, -1) AS 'Sort_VisOrder',
    1 AS 'Sort_IsText',
    DPI10.LineSeq AS 'Sort_Seq'

FROM ODRF ODPI
INNER JOIN DRF10 DPI10 ON ODPI.DocEntry = DPI10.DocEntry
LEFT JOIN DRF1 DPI1 ON DPI10.DocEntry = DPI1.DocEntry AND DPI10.AftLineNum = DPI1.LineNum
-- ใช้ OUTER APPLY ดึง Project แรกที่เจอใน Line มาใช้งาน
OUTER APPLY (
    SELECT TOP 1 P.Project 
    FROM DRF1 P 
    WHERE P.DocEntry = ODPI.DocEntry 
      AND P.Project IS NOT NULL 
      AND P.Project <> ''
) QPJ
LEFT JOIN DRF12 DPI12 ON ODPI.DocEntry = DPI12.DocEntry
LEFT JOIN NNM1 ON ODPI.Series = NNM1.Series 
LEFT JOIN OCRD ON ODPI.CardCode = OCRD.CardCode 
LEFT JOIN OCPR ON ODPI.CntctCode = OCPR.CntctCode
LEFT JOIN CRD1 ON (OCRD.CardCode = CRD1.CardCode AND ODPI.PayToCode = CRD1.[Address] AND CRD1.AdresType ='B')
LEFT JOIN OCRY ON CRD1.Country = OCRY.Code
LEFT JOIN OSLP ON ODPI.SlpCode = OSLP.SlpCode 
LEFT JOIN OCTG ON ODPI.GroupNum = OCTG.GroupNum 
LEFT JOIN OHEM ON ODPI.OwnerCode = OHEM.empID
LEFT JOIN OUSR ON ODPI.UserSign = OUSR.USERID
LEFT JOIN OPRJ ON QPJ.Project = OPRJ.PrjCode 
LEFT JOIN ORCT ON ODPI.ReceiptNum = ORCT.DocEntry
LEFT JOIN RCT1 ON ORCT.DocEntry = RCT1.DocNum
LEFT JOIN RCT2 ON ORCT.DocNum = RCT2.DocEntry
LEFT JOIN ODSC ON RCT1.BankCode = ODSC.BankCode

LEFT JOIN OUOM ON DPI1.UomCode = OUOM.UomCode
LEFT JOIN OITT ON DPI1.ItemCode = OITT.Code AND OITT.TreeType = 'S'
LEFT JOIN [dbo].[@SLDT_SET_BRANCH] BRANCH ON ODPI.U_SLD_LVatBranch = BRANCH.Code
CROSS JOIN OADM

WHERE ODPI.DocEntry = {?DocKey@}
  AND {?ObjectId@} = '112' AND ODPI.ObjType = '203'

) T0
ORDER BY T0.[Sort_VisOrder] ASC, T0.[Sort_IsText] ASC, T0.[Sort_Seq] ASC
[2026-09-09 17:18:19][INFO] Alias filter: AR_DownPayment
[2026-09-09 17:18:19][INFO] Matched 1 report file(s).
[2026-09-09 17:18:19][INFO] --> C:\GitHub\SDA\Form-Layout_SDA\2. Sales - AR\5. AR Down Payment Invoice\1. AR Down Payment Invoice_BOM\2.AR Down PaymentTax Invoice_ใบเสร็จรับเงินมัดจำใบกำกับภาษี\2.AR Down PaymentTax Invoice_BOM_ENG ใบเสร็จรับเงินมัดจำใบกำกับภาษี.rpt
[2026-09-09 17:18:20][HIT]     [main] AR_DownPayment: 1 match(es)  (sqlLen=30780, fields=65)
[2026-09-09 17:18:20][OK]         User ID forced to 'sa'
[2026-09-09 17:18:20][OK]         [main] Address: User ID stamped 'sa' (SQL unchanged)
[2026-09-09 17:18:20][OK]         [main] Create: User ID stamped 'sa' (SQL unchanged)
[2026-09-09 17:18:20][OK]         [main] Command: User ID stamped 'sa' (SQL unchanged)
[2026-09-09 17:18:20][OK]     saved (1 replacement(s) in 1 table(s))
[2026-09-09 17:18:20][OK]     verified on disk: 4 command table(s)
[2026-09-09 17:18:20][INFO] ==============================================================
[2026-09-09 17:18:20][INFO] SUMMARY mode=APPLY  filesScanned=1  filesTouched=1  tablesTouched=1  replacements=1  fieldDiff=0  connDiff=0  userLost=0  errCount=0
[2026-09-09 17:18:20][INFO] USER ID ROUTES  keepuser=0  forced=4  fallback=0  noUserToStart=0
[2026-09-09 17:18:21][INFO] ==============================================================
[2026-09-09 17:18:30][INFO] === Edit-CommandSQL start  mode=APPLY ===
[2026-09-09 17:18:30][INFO] Root=C:\GitHub\SDA\Form-Layout_SDA\2. Sales - AR\5. AR Down Payment Invoice\1. AR Down Payment Invoice_BOM\3.AR Down Payment Invoice_ใบแจ้งหนี้เงินค่ามัดจำใบกำกับภาษี\3.AR Down Payment Invoice_BOM ใบแจ้งหนี้เงินค่ามัดจำใบกำกับภาษี.rpt
[2026-09-09 17:18:30][INFO] Pattern=(?s)\A.*\z
[2026-09-09 17:18:30][INFO] Replacement=-- RPT: 2. Sales - AR\5. AR Down Payment Invoice\1.AR Down Payment_ใบเสร็จรับเงินมัดจำ\1.AR Down Payment_BOM ใบเสร็จรับเงินมัดจำ.rpt
-- SCOPE: main
-- ALIAS: AR_DownPayment
-- FIELDS: 63
-- ---------------------------------------------------------------
WITH ComponentSums AS (
    -- ส่วนคำนวณของใบแจ้งหนี้มัดจำจริง (ODPI)
    SELECT 
        T0.DocEntry,
        (SELECT TOP 1 P.VisOrder 
         FROM DPI1 P 
         WHERE P.DocEntry = T0.DocEntry 
           AND P.VisOrder < T0.VisOrder 
           AND (P.TreeType IN ('S', 'A', 'T') OR EXISTS (SELECT 1 FROM OITT WHERE Code = P.ItemCode)) 
         ORDER BY P.VisOrder DESC) AS Parent_VisOrder,
         T0.PriceBefDi AS CompPriceBefDi,
        CASE WHEN OQ.DocCur = 'THB' THEN T0.LineTotal ELSE T0.TotalFrgn END AS CompLineTotal
    FROM DPI1 T0
    INNER JOIN ODPI OQ ON T0.DocEntry = OQ.DocEntry
    WHERE T0.DocEntry = {?DocKey@}
      AND (
          T0.TreeType IN ('i', 'I') 
          OR (
              ISNULL(T0.TreeType, 'N') = 'N'
              AND EXISTS (
                  SELECT 1 FROM ITT1
                  WHERE Code = T0.ItemCode
                    AND Father = (SELECT TOP 1 P.ItemCode FROM DPI1 P WHERE P.DocEntry = T0.DocEntry AND P.VisOrder < T0.VisOrder AND (P.TreeType IN ('S', 'A', 'T') OR EXISTS (SELECT 1 FROM OITT WHERE Code = P.ItemCode)) ORDER BY P.VisOrder DESC)
              )
          )
      )
),
GroupedParent AS (
    SELECT 
        DocEntry,
        Parent_VisOrder,
        SUM(CompPriceBefDi) AS Sum_PriceBefDi,
        SUM(CompLineTotal) AS Sum_LineTotal
    FROM ComponentSums
    WHERE Parent_VisOrder IS NOT NULL
    GROUP BY DocEntry, Parent_VisOrder
),
ComponentSums_D AS (
    -- ส่วนคำนวณของเอกสารร่าง (ODRF)
    SELECT 
        T0.DocEntry,
        (SELECT TOP 1 P.VisOrder 
         FROM DRF1 P 
         WHERE P.DocEntry = T0.DocEntry 
           AND P.VisOrder < T0.VisOrder 
           AND (P.TreeType IN ('S', 'A', 'T') OR EXISTS (SELECT 1 FROM OITT WHERE Code = P.ItemCode)) 
         ORDER BY P.VisOrder DESC) AS Parent_VisOrder,
         T0.PriceBefDi AS CompPriceBefDi,
        CASE WHEN OQ.DocCur = 'THB' THEN T0.LineTotal ELSE T0.TotalFrgn END AS CompLineTotal
    FROM DRF1 T0
    INNER JOIN ODRF OQ ON T0.DocEntry = OQ.DocEntry
    WHERE T0.DocEntry = {?DocKey@} AND OQ.ObjType = '203'
      AND (
          T0.TreeType IN ('i', 'I') 
          OR (
              ISNULL(T0.TreeType, 'N') = 'N'
              AND EXISTS (
                  SELECT 1 FROM ITT1
                  WHERE Code = T0.ItemCode
                    AND Father = (SELECT TOP 1 P.ItemCode FROM DRF1 P WHERE P.DocEntry = T0.DocEntry AND P.VisOrder < T0.VisOrder AND (P.TreeType IN ('S', 'A', 'T') OR EXISTS (SELECT 1 FROM OITT WHERE Code = P.ItemCode)) ORDER BY P.VisOrder DESC)
              )
          )
      )
),
GroupedParent_D AS (
    SELECT 
        DocEntry,
        Parent_VisOrder,
        SUM(CompPriceBefDi) AS Sum_PriceBefDi,
        SUM(CompLineTotal) AS Sum_LineTotal
    FROM ComponentSums_D
    WHERE Parent_VisOrder IS NOT NULL
    GROUP BY DocEntry, Parent_VisOrder
)

SELECT T0.*
FROM (
-- ========================================================
-- 1.1 item rows of the real document (ODPI)
-- ========================================================
SELECT DISTINCT
    CRD1.Street     AS '1Bill',
    CRD1.State        AS StateB,
    CRD1.StreetNo   AS '2Bill',
    CRD1.Block      AS '3Bill',
    CRD1.City       AS '4Bill',
    CRD1.County     AS '5Bill',
    CRD1.ZipCode    AS '6Bill',
    DPI12.StreetS     AS '1Ship',
    DPI12.StreetNoS   AS '2Ship',
    DPI12.BlockS      AS '3Ship',
    DPI12.CityS       AS '4Ship',
    DPI12.CountyS     AS '5Ship',
    DPI12.ZipCodeS    AS '6Ship',
    
    OCPR.Cellolar AS 'Phone2_Format',
    OCPR.E_MailL,
    OCPR.Name AS 'Coontact',
    
    CASE 
        WHEN BRANCH.Code = '00000' AND ODPI.DocCur = OADM.MainCurncy THEN N'สำนักงานใหญ่'
        WHEN BRANCH.Code = '00000' AND ODPI.DocCur <> OADM.MainCurncy THEN 'Head office'
        WHEN BRANCH.Code <> '00000' AND ODPI.DocCur = OADM.MainCurncy THEN concat(N'สาขาที่' ,' ',BRANCH.Code)
        WHEN BRANCH.Code <> '00000' AND ODPI.DocCur <> OADM.MainCurncy THEN concat('Branch' ,' ',BRANCH.Code)
    END AS 'GLN_H',
    
    CASE 
        WHEN CRD1.GlblLocNum = '00000' AND ODPI.DocCur = OADM.MainCurncy THEN N'(สำนักงานใหญ่)'
        WHEN CRD1.GlblLocNum = '00000' AND ODPI.DocCur <> OADM.MainCurncy THEN '(Head office)'
        WHEN CRD1.GlblLocNum <> '00000' AND ODPI.DocCur = OADM.MainCurncy THEN concat(N'(สาขาที่' ,' ',CRD1.GlblLocNum,')')
        WHEN CRD1.GlblLocNum <> '00000' AND ODPI.DocCur <> OADM.MainCurncy THEN concat('(Branch' ,' ',CRD1.GlblLocNum,')')
        WHEN CRD1.GlblLocNum = '' OR CRD1.GlblLocNum IS NULL THEN ''
    END AS 'GLN_BP',
    
    CASE
        WHEN ODPI.Printed = 'N' AND ODPI.DocCur <> OADM.MainCurncy THEN 'Original'
        WHEN ODPI.Printed = 'N' AND ODPI.DocCur = OADM.MainCurncy THEN N'ต้นฉบับ'
        WHEN ODPI.Printed = 'Y' AND ODPI.DocCur <> OADM.MainCurncy THEN 'Copy'
        WHEN ODPI.Printed = 'Y' AND ODPI.DocCur = OADM.MainCurncy THEN N'สำเนา'
    END AS 'Print Status',
    
    NNM1.BeginStr,
    ODPI.DocEntry,
    ODPI.DocNum,
    ODPI.DocDate,
    ODPI.CardCode,
    DPI1.unitmsr,
    ODPI.NumAtCard,
    
    -- ใช้ DENSE_RANK เพื่อแก้ปัญหาเลขบรรทัดกระโดด
    DENSE_RANK() OVER (ORDER BY DPI1.VisOrder ASC) AS 'No.',
    DPI1.LineNum AS 'Line No.',
    
    ODPI.[Address],
    OCRD.U_SLD_Title,
    OCRD.U_SLD_FullName,
    CRD1.GlblLocNum,
    OCRD.Phone1,
    ISNULL(OCRD.Phone2,'') AS 'Phone2',
    OCRD.Fax,
    ODPI.LicTradNum,
    OCTG.PymntGroup,
    ODPI.DocDueDate,
    DPI1.ItemCode,
    DPI1.Dscription AS 'Dscription',
    DPI1.Quantity,
    ODPI.Comments,
    ODPI.DocCur,

    COALESCE(GPS.Sum_PriceBefDi, DPI1.PriceBefDi) AS 'PriceBefDi',
    
    CASE 
        WHEN DPI1.LineTotal = 0 THEN ISNULL(GPS.Sum_LineTotal, 0)
        WHEN ODPI.DocCur = 'THB' THEN DPI1.LineTotal 
        ELSE DPI1.TotalFrgn 
    END AS 'LineTotal',
    
    CASE WHEN ODPI.DocCur = 'THB' THEN ODPI.VatSum ELSE ODPI.VatSumFC END AS 'VatSum',
    CASE WHEN ODPI.DocCur = 'THB' THEN ODPI.DocTotal ELSE ODPI.DocTotalFC END AS 'DocTotal',
    CASE WHEN ODPI.DocCur = 'THB' THEN ODPI.DpmAmnt ELSE ODPI.DpmAmntFC END AS 'DpmAmnt',
    
    -- กรองลูก BOM ออกจากการรวมยอดทั้งใบ
    (SELECT CASE WHEN ODPI.DocCur = 'THB' THEN SUM(L.LineTotal) ELSE SUM(L.TotalFrgn) END
        FROM DPI1 L WHERE L.DocEntry = ODPI.DocEntry
        AND L.TreeType NOT IN ('I', 'i')
        AND NOT (ISNULL(L.TreeType, 'N') = 'N' AND EXISTS (SELECT 1 FROM ITT1 WHERE Code = L.ItemCode AND Father = (SELECT TOP 1 P.ItemCode FROM DPI1 P WHERE P.DocEntry = L.DocEntry AND P.VisOrder < L.VisOrder AND (P.TreeType IN ('S', 'A', 'T') OR EXISTS (SELECT 1 FROM OITT WHERE Code = P.ItemCode)) ORDER BY P.VisOrder DESC)))
    ) AS 'Sum_LineTotal_All',
    
    ODPI.dpmprcnt,
    RCT1.CheckNum,
    RCT1.[CheckSum],
    RCT1.DueDate AS 'Check Date',
    (SELECT CASE WHEN ODPI.DocCur = 'THB' THEN SUM(L.LineTotal) ELSE SUM(L.TotalFrgn) END FROM DPI1 L WHERE L.DocEntry = ODPI.DocEntry) AS 'CashSum',
    (SELECT CASE WHEN ODPI.DocCur = 'THB' THEN SUM(L.LineTotal) ELSE SUM(L.TotalFrgn) END FROM DPI1 L WHERE L.DocEntry = ODPI.DocEntry) AS 'TrsfrSum',
    ODSC.BankName,
    DPI1.LineType,
    OCPR.Name,
    OCPR.Cellolar AS 'Tel1',
    OCPR.E_MailL AS 'E_MailL_2',
    QPJ.Project,
    DPI1.VisOrder AS 'Sort_VisOrder',
    0 AS 'Sort_IsText',
    0 AS 'Sort_Seq'

FROM ODPI
INNER JOIN DPI1 ON ODPI.DocEntry = DPI1.DocEntry
OUTER APPLY (
    SELECT TOP 1 P.Project 
    FROM DPI1 P 
    WHERE P.DocEntry = ODPI.DocEntry 
      AND P.Project IS NOT NULL 
      AND P.Project <> ''
) QPJ
LEFT JOIN DPI12 ON ODPI.DocEntry = DPI12.DocEntry
LEFT JOIN NNM1 ON ODPI.Series = NNM1.Series 
LEFT JOIN OCRD ON ODPI.CardCode = OCRD.CardCode 
LEFT JOIN OCPR ON ODPI.CntctCode = OCPR.CntctCode
LEFT JOIN CRD1 ON (OCRD.CardCode = CRD1.CardCode AND ODPI.PayToCode = CRD1.[Address] AND CRD1.AdresType ='B')
LEFT JOIN OSLP ON ODPI.SlpCode = OSLP.SlpCode 
LEFT JOIN OCTG ON ODPI.GroupNum = OCTG.GroupNum 
LEFT JOIN OHEM ON ODPI.OwnerCode = OHEM.empID
LEFT JOIN OUSR ON ODPI.UserSign = OUSR.USERID
LEFT JOIN OPRJ ON QPJ.Project = OPRJ.PrjCode 
LEFT JOIN ORCT ON ODPI.ReceiptNum = ORCT.DocEntry
LEFT JOIN RCT1 ON ORCT.DocEntry = RCT1.DocNum
LEFT JOIN RCT2 ON ORCT.DocNum = RCT2.DocEntry
LEFT JOIN ODSC ON RCT1.BankCode = ODSC.BankCode
LEFT JOIN [dbo].[@SLDT_SET_BRANCH] BRANCH ON ODPI.U_SLD_LVatBranch = BRANCH.Code 
LEFT JOIN GroupedParent GPS ON DPI1.DocEntry = GPS.DocEntry AND DPI1.VisOrder = GPS.Parent_VisOrder
CROSS JOIN OADM

WHERE ODPI.DocEntry  = {?DocKey@}
  AND {?ObjectId@} = '203'
  AND DPI1.TreeType NOT IN ('I', 'i') -- ตัดลูก BOM ปกติ
  AND NOT (
      -- ตัดลูก Template BOM
      ISNULL(DPI1.TreeType, 'N') = 'N'
      AND EXISTS (
          SELECT 1 FROM ITT1
          WHERE Code = DPI1.ItemCode
            AND Father = (SELECT TOP 1 P.ItemCode FROM DPI1 P WHERE P.DocEntry = DPI1.DocEntry AND P.VisOrder < DPI1.VisOrder AND (P.TreeType IN ('S', 'A', 'T') OR EXISTS (SELECT 1 FROM OITT WHERE Code = P.ItemCode)) ORDER BY P.VisOrder DESC)
      )
  )

UNION ALL
-- ========================================================
-- 1.2 text rows (remarks) of the real document
-- ========================================================
SELECT DISTINCT
    CRD1.Street     AS '1Bill',
    CRD1.State        AS StateB,
    CRD1.StreetNo   AS '2Bill',
    CRD1.Block      AS '3Bill',
    CRD1.City       AS '4Bill',
    CRD1.County     AS '5Bill',
    CRD1.ZipCode    AS '6Bill',
    DPI12.StreetS     AS '1Ship',
    DPI12.StreetNoS   AS '2Ship',
    DPI12.BlockS      AS '3Ship',
    DPI12.CityS       AS '4Ship',
    DPI12.CountyS     AS '5Ship',
    DPI12.ZipCodeS    AS '6Ship',
    OCPR.Cellolar AS 'Phone2_Format',
    OCPR.E_MailL,
    OCPR.Name AS 'Coontact',
    
    CASE 
        WHEN BRANCH.Code = '00000' AND ODPI.DocCur = OADM.MainCurncy THEN N'สำนักงานใหญ่'
        WHEN BRANCH.Code = '00000' AND ODPI.DocCur <> OADM.MainCurncy THEN 'Head office'
        WHEN BRANCH.Code <> '00000' AND ODPI.DocCur = OADM.MainCurncy THEN concat(N'สาขาที่' ,' ',BRANCH.Code)
        WHEN BRANCH.Code <> '00000' AND ODPI.DocCur <> OADM.MainCurncy THEN concat('Branch' ,' ',BRANCH.Code)
    END AS 'GLN_H',
    
    CASE 
        WHEN CRD1.GlblLocNum = '00000' AND ODPI.DocCur = OADM.MainCurncy THEN N'(สำนักงานใหญ่)'
        WHEN CRD1.GlblLocNum = '00000' AND ODPI.DocCur <> OADM.MainCurncy THEN '(Head office)'
        WHEN CRD1.GlblLocNum <> '00000' AND ODPI.DocCur = OADM.MainCurncy THEN concat(N'(สาขาที่' ,' ',CRD1.GlblLocNum,')')
        WHEN CRD1.GlblLocNum <> '00000' AND ODPI.DocCur <> OADM.MainCurncy THEN concat('(Branch' ,' ',CRD1.GlblLocNum,')')
        WHEN CRD1.GlblLocNum = '' OR CRD1.GlblLocNum IS NULL THEN ''
    END AS 'GLN_BP',
    
    CASE
        WHEN ODPI.Printed = 'N' AND ODPI.DocCur <> OADM.MainCurncy THEN 'Original'
        WHEN ODPI.Printed = 'N' AND ODPI.DocCur = OADM.MainCurncy THEN N'ต้นฉบับ'
        WHEN ODPI.Printed = 'Y' AND ODPI.DocCur <> OADM.MainCurncy THEN 'Copy'
        WHEN ODPI.Printed = 'Y' AND ODPI.DocCur = OADM.MainCurncy THEN N'สำเนา'
    END AS 'Print Status',
    
    NNM1.BeginStr,
    ODPI.DocEntry,
    ODPI.DocNum,
    ODPI.DocDate,
    ODPI.CardCode,
    NULL AS 'unitmsr',
    ODPI.NumAtCard,
    CAST(NULL AS INT) AS 'No.',
    DPI1.LineNum AS 'Line No.',
    ODPI.[Address],
    OCRD.U_SLD_Title,
    OCRD.U_SLD_FullName,
    CRD1.GlblLocNum,
    OCRD.Phone1,
    ISNULL(OCRD.Phone2,'') AS 'Phone2',
    OCRD.Fax,
    ODPI.LicTradNum,
    OCTG.PymntGroup,
    ODPI.DocDueDate,
    NULL AS 'ItemCode',
    CAST(DPI10.LineText AS NVARCHAR(4000)) AS 'Dscription',
    NULL AS 'Quantity',
    ODPI.Comments,
    ODPI.DocCur,
    NULL AS 'PriceBefDi',
    NULL AS 'LineTotal',
    
    CASE WHEN ODPI.DocCur = 'THB' THEN ODPI.VatSum ELSE ODPI.VatSumFC END AS 'VatSum',
    CASE WHEN ODPI.DocCur = 'THB' THEN ODPI.DocTotal ELSE ODPI.DocTotalFC END AS 'DocTotal',
    CASE WHEN ODPI.DocCur = 'THB' THEN ODPI.DpmAmnt ELSE ODPI.DpmAmntFC END AS 'DpmAmnt',
    
    (SELECT CASE WHEN ODPI.DocCur = 'THB' THEN SUM(L.LineTotal) ELSE SUM(L.TotalFrgn) END
        FROM DPI1 L WHERE L.DocEntry = ODPI.DocEntry
        AND L.TreeType NOT IN ('I', 'i')
        AND NOT (ISNULL(L.TreeType, 'N') = 'N' AND EXISTS (SELECT 1 FROM ITT1 WHERE Code = L.ItemCode AND Father = (SELECT TOP 1 P.ItemCode FROM DPI1 P WHERE P.DocEntry = L.DocEntry AND P.VisOrder < L.VisOrder AND (P.TreeType IN ('S', 'A', 'T') OR EXISTS (SELECT 1 FROM OITT WHERE Code = P.ItemCode)) ORDER BY P.VisOrder DESC)))
    ) AS 'Sum_LineTotal_All',
    
    ODPI.dpmprcnt,
    RCT1.CheckNum,
    RCT1.[CheckSum],
    RCT1.DueDate AS 'Check Date',
    SUM(ORCT.CashSum) OVER() AS 'CashSum',
    SUM(ORCT.TrsfrSum) OVER() AS 'TrsfrSum',
    ODSC.BankName,
    'T' AS 'LineType',
    OCPR.Name,
    OCPR.Cellolar AS 'Tel1',
    OCPR.E_MailL AS 'E_MailL_2',
    QPJ.Project,
    
    -- แก้ไขการเชื่อมต่อ Text Row ด้วย LineNum
    COALESCE(DPI1.VisOrder, -1) AS 'Sort_VisOrder',
    1 AS 'Sort_IsText',
    DPI10.LineSeq AS 'Sort_Seq'

FROM ODPI
INNER JOIN DPI10 ON ODPI.DocEntry = DPI10.DocEntry
LEFT JOIN DPI1 ON DPI10.DocEntry = DPI1.DocEntry AND DPI10.AftLineNum = DPI1.LineNum
OUTER APPLY (
    SELECT TOP 1 P.Project 
    FROM DPI1 P 
    WHERE P.DocEntry = ODPI.DocEntry 
      AND P.Project IS NOT NULL 
      AND P.Project <> ''
) QPJ
LEFT JOIN DPI12 ON ODPI.DocEntry = DPI12.DocEntry
LEFT JOIN NNM1 ON ODPI.Series = NNM1.Series 
LEFT JOIN OCRD ON ODPI.CardCode = OCRD.CardCode 
LEFT JOIN OCPR ON ODPI.CntctCode = OCPR.CntctCode
LEFT JOIN CRD1 ON (OCRD.CardCode = CRD1.CardCode AND ODPI.PayToCode = CRD1.[Address] AND CRD1.AdresType ='B')
LEFT JOIN OSLP ON ODPI.SlpCode = OSLP.SlpCode 
LEFT JOIN OCTG ON ODPI.GroupNum = OCTG.GroupNum 
LEFT JOIN OHEM ON ODPI.OwnerCode = OHEM.empID
LEFT JOIN OUSR ON ODPI.UserSign = OUSR.USERID
LEFT JOIN OPRJ ON QPJ.Project = OPRJ.PrjCode 
LEFT JOIN ORCT ON ODPI.ReceiptNum = ORCT.DocEntry
LEFT JOIN RCT1 ON ORCT.DocEntry = RCT1.DocNum
LEFT JOIN RCT2 ON ORCT.DocNum = RCT2.DocEntry
LEFT JOIN ODSC ON RCT1.BankCode = ODSC.BankCode
LEFT JOIN [dbo].[@SLDT_SET_BRANCH] BRANCH ON ODPI.U_SLD_LVatBranch = BRANCH.Code 
CROSS JOIN OADM

WHERE ODPI.DocEntry  = {?DocKey@}
  AND {?ObjectId@} = '203'

UNION ALL
-- ========================================================
-- 2.1 item rows of the draft document (ODRF)
-- ========================================================
SELECT DISTINCT
    CRD1.Street     AS '1Bill',
    CRD1.State        AS StateB,
    CRD1.StreetNo   AS '2Bill',
    CRD1.Block      AS '3Bill',
    CRD1.City       AS '4Bill',
    CRD1.County     AS '5Bill',
    CRD1.ZipCode    AS '6Bill',
    DPI12.StreetS     AS '1Ship',
    DPI12.StreetNoS   AS '2Ship',
    DPI12.BlockS      AS '3Ship',
    DPI12.CityS       AS '4Ship',
    DPI12.CountyS     AS '5Ship',
    DPI12.ZipCodeS    AS '6Ship',
    
    OCPR.Cellolar AS 'Phone2_Format',
    OCPR.E_MailL,
    OCPR.Name AS 'Coontact',
    
    CASE 
        WHEN BRANCH.Code = '00000' AND ODPI.DocCur = OADM.MainCurncy THEN N'สำนักงานใหญ่'
        WHEN BRANCH.Code = '00000' AND ODPI.DocCur <> OADM.MainCurncy THEN 'Head office'
        WHEN BRANCH.Code <> '00000' AND ODPI.DocCur = OADM.MainCurncy THEN concat(N'สาขาที่' ,' ',BRANCH.Code)
        WHEN BRANCH.Code <> '00000' AND ODPI.DocCur <> OADM.MainCurncy THEN concat('Branch' ,' ',BRANCH.Code)
    END AS 'GLN_H',
    
    CASE 
        WHEN CRD1.GlblLocNum = '00000' AND ODPI.DocCur = OADM.MainCurncy THEN N'(สำนักงานใหญ่)'
        WHEN CRD1.GlblLocNum = '00000' AND ODPI.DocCur <> OADM.MainCurncy THEN '(Head office)'
        WHEN CRD1.GlblLocNum <> '00000' AND ODPI.DocCur = OADM.MainCurncy THEN concat(N'(สาขาที่' ,' ',CRD1.GlblLocNum,')')
        WHEN CRD1.GlblLocNum <> '00000' AND ODPI.DocCur <> OADM.MainCurncy THEN concat('(Branch' ,' ',CRD1.GlblLocNum,')')
        WHEN CRD1.GlblLocNum = '' OR CRD1.GlblLocNum IS NULL THEN ''
    END AS 'GLN_BP',
    
    CASE
        WHEN ODPI.Printed = 'N' AND ODPI.DocCur <> OADM.MainCurncy THEN 'Original'
        WHEN ODPI.Printed = 'N' AND ODPI.DocCur = OADM.MainCurncy THEN N'ต้นฉบับ'
        WHEN ODPI.Printed = 'Y' AND ODPI.DocCur <> OADM.MainCurncy THEN 'Copy'
        WHEN ODPI.Printed = 'Y' AND ODPI.DocCur = OADM.MainCurncy THEN N'สำเนา'
    END AS 'Print Status',
    
    NNM1.BeginStr,
    ODPI.DocEntry,
    ODPI.DocNum,
    ODPI.DocDate,
    ODPI.CardCode,
    DPI1.unitmsr,
    ODPI.NumAtCard,
    
    DENSE_RANK() OVER (ORDER BY DPI1.VisOrder ASC) AS 'No.',
    DPI1.LineNum AS 'Line No.',
    
    ODPI.[Address],
    OCRD.U_SLD_Title,
    OCRD.U_SLD_FullName,
    CRD1.GlblLocNum,
    OCRD.Phone1,
    ISNULL(OCRD.Phone2,'') AS 'Phone2',
    OCRD.Fax,
    ODPI.LicTradNum,
    OCTG.PymntGroup,
    ODPI.DocDueDate,
    DPI1.ItemCode,
    DPI1.Dscription AS 'Dscription',
    DPI1.Quantity,
    ODPI.Comments,
    ODPI.DocCur,
    
    COALESCE(GPS.Sum_PriceBefDi, DPI1.PriceBefDi) AS 'PriceBefDi',
    CASE 
        WHEN DPI1.LineTotal = 0 THEN ISNULL(GPS.Sum_LineTotal, 0)
        WHEN ODPI.DocCur = 'THB' THEN DPI1.LineTotal 
        ELSE DPI1.TotalFrgn 
    END AS 'LineTotal',
    
    CASE WHEN ODPI.DocCur = 'THB' THEN ODPI.VatSum ELSE ODPI.VatSumFC END AS 'VatSum',
    CASE WHEN ODPI.DocCur = 'THB' THEN ODPI.DocTotal ELSE ODPI.DocTotalFC END AS 'DocTotal',
    CASE WHEN ODPI.DocCur = 'THB' THEN ODPI.DpmAmnt ELSE ODPI.DpmAmntFC END AS 'DpmAmnt',
    
    (SELECT CASE WHEN ODPI.DocCur = 'THB' THEN SUM(L.LineTotal) ELSE SUM(L.TotalFrgn) END
        FROM DRF1 L WHERE L.DocEntry = ODPI.DocEntry
        AND L.TreeType NOT IN ('I', 'i')
        AND NOT (ISNULL(L.TreeType, 'N') = 'N' AND EXISTS (SELECT 1 FROM ITT1 WHERE Code = L.ItemCode AND Father = (SELECT TOP 1 P.ItemCode FROM DRF1 P WHERE P.DocEntry = L.DocEntry AND P.VisOrder < L.VisOrder AND (P.TreeType IN ('S', 'A', 'T') OR EXISTS (SELECT 1 FROM OITT WHERE Code = P.ItemCode)) ORDER BY P.VisOrder DESC)))
    ) AS 'Sum_LineTotal_All',
    
    ODPI.dpmprcnt,
    RCT1.CheckNum,
    RCT1.[CheckSum],
    RCT1.DueDate AS 'Check Date',
    CAST(NULL AS NUMERIC(19,6)) AS 'CashSum',
    CAST(NULL AS NUMERIC(19,6)) AS 'TrsfrSum',
    ODSC.BankName,
    DPI1.LineType,
    OCPR.Name,
    OCPR.Cellolar AS 'Tel1',
    OCPR.E_MailL AS 'E_MailL_2',
    QPJ.Project,
    DPI1.VisOrder AS 'Sort_VisOrder',
    0 AS 'Sort_IsText',
    0 AS 'Sort_Seq'

FROM ODRF ODPI
INNER JOIN DRF1 DPI1 ON ODPI.DocEntry = DPI1.DocEntry
OUTER APPLY (
    SELECT TOP 1 P.Project 
    FROM DRF1 P 
    WHERE P.DocEntry = ODPI.DocEntry 
      AND P.Project IS NOT NULL 
      AND P.Project <> ''
) QPJ
LEFT JOIN DRF12 DPI12 ON ODPI.DocEntry = DPI12.DocEntry
LEFT JOIN NNM1 ON ODPI.Series = NNM1.Series 
LEFT JOIN OCRD ON ODPI.CardCode = OCRD.CardCode 
LEFT JOIN OCPR ON ODPI.CntctCode = OCPR.CntctCode
LEFT JOIN CRD1 ON (OCRD.CardCode = CRD1.CardCode AND ODPI.PayToCode = CRD1.[Address] AND CRD1.AdresType ='B')
LEFT JOIN OSLP ON ODPI.SlpCode = OSLP.SlpCode 
LEFT JOIN OCTG ON ODPI.GroupNum = OCTG.GroupNum 
LEFT JOIN OHEM ON ODPI.OwnerCode = OHEM.empID
LEFT JOIN OUSR ON ODPI.UserSign = OUSR.USERID
LEFT JOIN OPRJ ON QPJ.Project = OPRJ.PrjCode 
LEFT JOIN ORCT ON ODPI.ReceiptNum = ORCT.DocEntry
LEFT JOIN RCT1 ON ORCT.DocEntry = RCT1.DocNum
LEFT JOIN RCT2 ON ORCT.DocNum = RCT2.DocEntry
LEFT JOIN ODSC ON RCT1.BankCode = ODSC.BankCode
LEFT JOIN [dbo].[@SLDT_SET_BRANCH] BRANCH ON ODPI.U_SLD_LVatBranch = BRANCH.Code 
LEFT JOIN GroupedParent_D GPS ON DPI1.DocEntry = GPS.DocEntry AND DPI1.VisOrder = GPS.Parent_VisOrder
CROSS JOIN OADM

WHERE ODPI.DocEntry  = {?DocKey@}
  AND {?ObjectId@} = '112' AND ODPI.ObjType = '203'
  AND DPI1.TreeType NOT IN ('I', 'i')
  AND NOT (
      ISNULL(DPI1.TreeType, 'N') = 'N'
      AND EXISTS (
          SELECT 1 FROM ITT1
          WHERE Code = DPI1.ItemCode
            AND Father = (SELECT TOP 1 P.ItemCode FROM DRF1 P WHERE P.DocEntry = DPI1.DocEntry AND P.VisOrder < DPI1.VisOrder AND (P.TreeType IN ('S', 'A', 'T') OR EXISTS (SELECT 1 FROM OITT WHERE Code = P.ItemCode)) ORDER BY P.VisOrder DESC)
      )
  )

UNION ALL
-- ========================================================
-- 2.2 text rows (remarks) of the draft document
-- ========================================================
SELECT DISTINCT
    CRD1.Street     AS '1Bill',
    CRD1.State        AS StateB,
    CRD1.StreetNo   AS '2Bill',
    CRD1.Block      AS '3Bill',
    CRD1.City       AS '4Bill',
    CRD1.County     AS '5Bill',
    CRD1.ZipCode    AS '6Bill',
    DPI12.StreetS     AS '1Ship',
    DPI12.StreetNoS   AS '2Ship',
    DPI12.BlockS      AS '3Ship',
    DPI12.CityS       AS '4Ship',
    DPI12.CountyS     AS '5Ship',
    DPI12.ZipCodeS    AS '6Ship',
    OCPR.Cellolar AS 'Phone2_Format',
    OCPR.E_MailL,
    OCPR.Name AS 'Coontact',
    
    CASE 
        WHEN BRANCH.Code = '00000' AND ODPI.DocCur = OADM.MainCurncy THEN N'สำนักงานใหญ่'
        WHEN BRANCH.Code = '00000' AND ODPI.DocCur <> OADM.MainCurncy THEN 'Head office'
        WHEN BRANCH.Code <> '00000' AND ODPI.DocCur = OADM.MainCurncy THEN concat(N'สาขาที่' ,' ',BRANCH.Code)
        WHEN BRANCH.Code <> '00000' AND ODPI.DocCur <> OADM.MainCurncy THEN concat('Branch' ,' ',BRANCH.Code)
    END AS 'GLN_H',
    
    CASE 
        WHEN CRD1.GlblLocNum = '00000' AND ODPI.DocCur = OADM.MainCurncy THEN N'(สำนักงานใหญ่)'
        WHEN CRD1.GlblLocNum = '00000' AND ODPI.DocCur <> OADM.MainCurncy THEN '(Head office)'
        WHEN CRD1.GlblLocNum <> '00000' AND ODPI.DocCur = OADM.MainCurncy THEN concat(N'(สาขาที่' ,' ',CRD1.GlblLocNum,')')
        WHEN CRD1.GlblLocNum <> '00000' AND ODPI.DocCur <> OADM.MainCurncy THEN concat('(Branch' ,' ',CRD1.GlblLocNum,')')
        WHEN CRD1.GlblLocNum = '' OR CRD1.GlblLocNum IS NULL THEN ''
    END AS 'GLN_BP',
    
    CASE
        WHEN ODPI.Printed = 'N' AND ODPI.DocCur <> OADM.MainCurncy THEN 'Original'
        WHEN ODPI.Printed = 'N' AND ODPI.DocCur = OADM.MainCurncy THEN N'ต้นฉบับ'
        WHEN ODPI.Printed = 'Y' AND ODPI.DocCur <> OADM.MainCurncy THEN 'Copy'
        WHEN ODPI.Printed = 'Y' AND ODPI.DocCur = OADM.MainCurncy THEN N'สำเนา'
    END AS 'Print Status',
    
    NNM1.BeginStr,
    ODPI.DocEntry,
    ODPI.DocNum,
    ODPI.DocDate,
    ODPI.CardCode,
    NULL AS 'unitmsr',
    ODPI.NumAtCard,
    CAST(NULL AS INT) AS 'No.',
    DPI1.LineNum AS 'Line No.',
    ODPI.[Address],
    OCRD.U_SLD_Title,
    OCRD.U_SLD_FullName,
    CRD1.GlblLocNum,
    OCRD.Phone1,
    ISNULL(OCRD.Phone2,'') AS 'Phone2',
    OCRD.Fax,
    ODPI.LicTradNum,
    OCTG.PymntGroup,
    ODPI.DocDueDate,
    NULL AS 'ItemCode',
    CAST(DPI10.LineText AS NVARCHAR(4000)) AS 'Dscription',
    NULL AS 'Quantity',
    ODPI.Comments,
    ODPI.DocCur,
    NULL AS 'PriceBefDi',
    NULL AS 'LineTotal',
    
    CASE WHEN ODPI.DocCur = 'THB' THEN ODPI.VatSum ELSE ODPI.VatSumFC END AS 'VatSum',
    CASE WHEN ODPI.DocCur = 'THB' THEN ODPI.DocTotal ELSE ODPI.DocTotalFC END AS 'DocTotal',
    CASE WHEN ODPI.DocCur = 'THB' THEN ODPI.DpmAmnt ELSE ODPI.DpmAmntFC END AS 'DpmAmnt',
    
    (SELECT CASE WHEN ODPI.DocCur = 'THB' THEN SUM(L.LineTotal) ELSE SUM(L.TotalFrgn) END
        FROM DRF1 L WHERE L.DocEntry = ODPI.DocEntry
        AND L.TreeType NOT IN ('I', 'i')
        AND NOT (ISNULL(L.TreeType, 'N') = 'N' AND EXISTS (SELECT 1 FROM ITT1 WHERE Code = L.ItemCode AND Father = (SELECT TOP 1 P.ItemCode FROM DRF1 P WHERE P.DocEntry = L.DocEntry AND P.VisOrder < L.VisOrder AND (P.TreeType IN ('S', 'A', 'T') OR EXISTS (SELECT 1 FROM OITT WHERE Code = P.ItemCode)) ORDER BY P.VisOrder DESC)))
    ) AS 'Sum_LineTotal_All',
    
    ODPI.dpmprcnt,
    RCT1.CheckNum,
    RCT1.[CheckSum],
    RCT1.DueDate AS 'Check Date',
    CAST(NULL AS NUMERIC(19,6)) AS 'CashSum',
    CAST(NULL AS NUMERIC(19,6)) AS 'TrsfrSum',
    ODSC.BankName,
    'T' AS 'LineType',
    OCPR.Name,
    OCPR.Cellolar AS 'Tel1',
    OCPR.E_MailL AS 'E_MailL_2',
    QPJ.Project,
    
    COALESCE(DPI1.VisOrder, -1) AS 'Sort_VisOrder',
    1 AS 'Sort_IsText',
    DPI10.LineSeq AS 'Sort_Seq'

FROM ODRF ODPI
INNER JOIN DRF10 DPI10 ON ODPI.DocEntry = DPI10.DocEntry
LEFT JOIN DRF1 DPI1 ON DPI10.DocEntry = DPI1.DocEntry AND DPI10.AftLineNum = DPI1.LineNum
OUTER APPLY (
    SELECT TOP 1 P.Project 
    FROM DRF1 P 
    WHERE P.DocEntry = ODPI.DocEntry 
      AND P.Project IS NOT NULL 
      AND P.Project <> ''
) QPJ
LEFT JOIN DRF12 DPI12 ON ODPI.DocEntry = DPI12.DocEntry
LEFT JOIN NNM1 ON ODPI.Series = NNM1.Series 
LEFT JOIN OCRD ON ODPI.CardCode = OCRD.CardCode 
LEFT JOIN OCPR ON ODPI.CntctCode = OCPR.CntctCode
LEFT JOIN CRD1 ON (OCRD.CardCode = CRD1.CardCode AND ODPI.PayToCode = CRD1.[Address] AND CRD1.AdresType ='B')
LEFT JOIN OSLP ON ODPI.SlpCode = OSLP.SlpCode 
LEFT JOIN OCTG ON ODPI.GroupNum = OCTG.GroupNum 
LEFT JOIN OHEM ON ODPI.OwnerCode = OHEM.empID
LEFT JOIN OUSR ON ODPI.UserSign = OUSR.USERID
LEFT JOIN OPRJ ON QPJ.Project = OPRJ.PrjCode 
LEFT JOIN ORCT ON ODPI.ReceiptNum = ORCT.DocEntry
LEFT JOIN RCT1 ON ORCT.DocEntry = RCT1.DocNum
LEFT JOIN RCT2 ON ORCT.DocNum = RCT2.DocEntry
LEFT JOIN ODSC ON RCT1.BankCode = ODSC.BankCode
LEFT JOIN [dbo].[@SLDT_SET_BRANCH] BRANCH ON ODPI.U_SLD_LVatBranch = BRANCH.Code 
CROSS JOIN OADM

WHERE ODPI.DocEntry  = {?DocKey@}
  AND {?ObjectId@} = '112' AND ODPI.ObjType = '203'

) T0
ORDER BY T0.[Sort_VisOrder] ASC, T0.[Sort_IsText] ASC, T0.[Sort_Seq] ASC
[2026-09-09 17:18:30][INFO] Alias filter: AR_DownPayment
[2026-09-09 17:18:30][INFO] Matched 1 report file(s).
[2026-09-09 17:18:30][INFO] --> C:\GitHub\SDA\Form-Layout_SDA\2. Sales - AR\5. AR Down Payment Invoice\1. AR Down Payment Invoice_BOM\3.AR Down Payment Invoice_ใบแจ้งหนี้เงินค่ามัดจำใบกำกับภาษี\3.AR Down Payment Invoice_BOM ใบแจ้งหนี้เงินค่ามัดจำใบกำกับภาษี.rpt
[2026-09-09 17:18:31][HIT]     [main] AR_DownPayment: 1 match(es)  (sqlLen=26248, fields=64)
[2026-09-09 17:18:31][OK]         User ID forced to 'sa'
[2026-09-09 17:18:31][OK]         [main] Address: User ID stamped 'sa' (SQL unchanged)
[2026-09-09 17:18:31][OK]         [main] Create: User ID stamped 'sa' (SQL unchanged)
[2026-09-09 17:18:31][OK]         [main] Command: User ID stamped 'sa' (SQL unchanged)
[2026-09-09 17:18:52][OK]     saved (1 replacement(s) in 1 table(s))
[2026-09-09 17:18:53][OK]     verified on disk: 4 command table(s)
[2026-09-09 17:18:53][INFO] ==============================================================
[2026-09-09 17:18:53][INFO] SUMMARY mode=APPLY  filesScanned=1  filesTouched=1  tablesTouched=1  replacements=1  fieldDiff=0  connDiff=0  userLost=0  errCount=0
[2026-09-09 17:18:53][INFO] USER ID ROUTES  keepuser=0  forced=4  fallback=0  noUserToStart=0
[2026-09-09 17:18:53][INFO] ==============================================================
[2026-09-09 17:19:05][INFO] === Edit-CommandSQL start  mode=APPLY ===
[2026-09-09 17:19:05][INFO] Root=C:\GitHub\SDA\Form-Layout_SDA\2. Sales - AR\5. AR Down Payment Invoice\1. AR Down Payment Invoice_BOM\3.AR Down Payment Invoice_ใบแจ้งหนี้เงินค่ามัดจำใบกำกับภาษี\3.AR Down PaymentTax Invoice_BOM_ENG ใบแจ้งหนี้เงินค่ามัดจำใบกำกับภาษี.rpt
[2026-09-09 17:19:05][INFO] Pattern=(?s)\A.*\z
[2026-09-09 17:19:05][INFO] Replacement=-- RPT: 2. Sales - AR\5. AR Down Payment Invoice\1.AR Down Payment_ใบเสร็จรับเงินมัดจำ\1.AR Down Payment_BOM_ENG ใบเสร็จรับเงินมัดจำ.rpt
-- SCOPE: main
-- ALIAS: AR_DownPayment
-- FIELDS: 63
-- ---------------------------------------------------------------
WITH ComponentSums AS (
    SELECT 
        T0.DocEntry,
        (SELECT TOP 1 P.VisOrder 
         FROM DPI1 P 
         WHERE P.DocEntry = T0.DocEntry 
           AND P.VisOrder < T0.VisOrder 
           AND (P.TreeType IN ('S', 'A', 'T') OR EXISTS (SELECT 1 FROM OITT WHERE Code = P.ItemCode)) 
         ORDER BY P.VisOrder DESC) AS Parent_VisOrder,
         T0.PriceBefDi AS CompPriceBefDi,
        CASE WHEN OQ.DocCur = 'THB' THEN T0.LineTotal ELSE T0.TotalFrgn END AS CompLineTotal
    FROM DPI1 T0
    INNER JOIN ODPI OQ ON T0.DocEntry = OQ.DocEntry
    WHERE T0.DocEntry = {?DocKey@}
      AND (
          T0.TreeType IN ('i', 'I') 
          OR (
              ISNULL(T0.TreeType, 'N') = 'N'
              AND EXISTS (
                  SELECT 1 FROM ITT1
                  WHERE Code = T0.ItemCode
                    AND Father = (SELECT TOP 1 P.ItemCode FROM DPI1 P WHERE P.DocEntry = T0.DocEntry AND P.VisOrder < T0.VisOrder AND (P.TreeType IN ('S', 'A', 'T') OR EXISTS (SELECT 1 FROM OITT WHERE Code = P.ItemCode)) ORDER BY P.VisOrder DESC)
              )
          )
      )
),
GroupedParent AS (
    SELECT 
        DocEntry,
        Parent_VisOrder,
        SUM(CompPriceBefDi) AS Sum_PriceBefDi,
        SUM(CompLineTotal) AS Sum_LineTotal
    FROM ComponentSums
    WHERE Parent_VisOrder IS NOT NULL
    GROUP BY DocEntry, Parent_VisOrder
),
ComponentSums_D AS (
    SELECT 
        T0.DocEntry,
        (SELECT TOP 1 P.VisOrder 
         FROM DRF1 P 
         WHERE P.DocEntry = T0.DocEntry 
           AND P.VisOrder < T0.VisOrder 
           AND (P.TreeType IN ('S', 'A', 'T') OR EXISTS (SELECT 1 FROM OITT WHERE Code = P.ItemCode)) 
         ORDER BY P.VisOrder DESC) AS Parent_VisOrder,
         T0.PriceBefDi AS CompPriceBefDi,
        CASE WHEN OQ.DocCur = 'THB' THEN T0.LineTotal ELSE T0.TotalFrgn END AS CompLineTotal
    FROM DRF1 T0
    INNER JOIN ODRF OQ ON T0.DocEntry = OQ.DocEntry
    WHERE T0.DocEntry = {?DocKey@} AND OQ.ObjType = '203'
      AND (
          T0.TreeType IN ('i', 'I') 
          OR (
              ISNULL(T0.TreeType, 'N') = 'N'
              AND EXISTS (
                  SELECT 1 FROM ITT1
                  WHERE Code = T0.ItemCode
                    AND Father = (SELECT TOP 1 P.ItemCode FROM DRF1 P WHERE P.DocEntry = T0.DocEntry AND P.VisOrder < T0.VisOrder AND (P.TreeType IN ('S', 'A', 'T') OR EXISTS (SELECT 1 FROM OITT WHERE Code = P.ItemCode)) ORDER BY P.VisOrder DESC)
              )
          )
      )
),
GroupedParent_D AS (
    SELECT 
        DocEntry,
        Parent_VisOrder,
        SUM(CompPriceBefDi) AS Sum_PriceBefDi,
        SUM(CompLineTotal) AS Sum_LineTotal
    FROM ComponentSums_D
    WHERE Parent_VisOrder IS NOT NULL
    GROUP BY DocEntry, Parent_VisOrder
)

SELECT T0.*
FROM (
-- ========================================================
-- 1.1 item rows of the real document
-- ========================================================
SELECT DISTINCT

    CRD1.Street     AS '1Bill',
    CRD1.State        AS StateB,
    OCRY.Name         AS 'CountryName',

    CRD1.StreetNo   AS '2Bill',

    CRD1.Block      AS '3Bill',

    CRD1.City       AS '4Bill',

    CRD1.County     AS '5Bill',

    CRD1.ZipCode    AS '6Bill',

    DPI12.StreetS     AS '1Ship',

    DPI12.StreetNoS   AS '2Ship',

    DPI12.BlockS      AS '3Ship',

    DPI12.CityS       AS '4Ship',

    DPI12.CountyS     AS '5Ship',

    DPI12.ZipCodeS    AS '6Ship',

    
    CASE 
        WHEN OCRD.Phone2 IS NULL THEN ''
        WHEN OCRD.Phone2 IS NOT NULL THEN ', ' + OCRD.Phone2
    END AS 'Phone2',

    OCPR.Name AS 'Coontact',

    
    CASE 
        WHEN BRANCH.Code = '00000' AND ODPI.DocCur = OADM.MainCurncy THEN N'สำนักงานใหญ่'
        WHEN BRANCH.Code = '00000' AND ODPI.DocCur <> OADM.MainCurncy THEN 'Head office'
        WHEN BRANCH.Code <> '00000' AND ODPI.DocCur = OADM.MainCurncy THEN concat(N'สาขาที่' ,' ',BRANCH.Code)
        WHEN BRANCH.Code <> '00000' AND ODPI.DocCur <> OADM.MainCurncy THEN concat('Branch' ,' ',BRANCH.Code)
    END AS 'GLN_H',

    
    CASE 
        WHEN CRD1.GlblLocNum = '00000' AND ODPI.DocCur = OADM.MainCurncy THEN N'(สำนักงานใหญ่)'
        WHEN CRD1.GlblLocNum = '00000' AND ODPI.DocCur <> OADM.MainCurncy THEN '(Head office)'
        WHEN CRD1.GlblLocNum <> '00000' AND ODPI.DocCur = OADM.MainCurncy THEN concat(N'(สาขาที่' ,' ',CRD1.GlblLocNum,')')
        WHEN CRD1.GlblLocNum <> '00000' AND ODPI.DocCur <> OADM.MainCurncy THEN concat('(Branch' ,' ',CRD1.GlblLocNum,')')
        WHEN CRD1.GlblLocNum = '' OR CRD1.GlblLocNum IS NULL THEN ''
    END AS 'GLN_BP',

    
    CASE
        WHEN ODPI.Printed = 'N' AND ODPI.DocCur <> OADM.MainCurncy THEN 'Original'
        WHEN ODPI.Printed = 'N' AND ODPI.DocCur = OADM.MainCurncy THEN N'ต้นฉบับ'
        WHEN ODPI.Printed = 'Y' AND ODPI.DocCur <> OADM.MainCurncy THEN 'Copy'
        WHEN ODPI.Printed = 'Y' AND ODPI.DocCur = OADM.MainCurncy THEN N'สำเนา'
    END AS 'Print Status',

    
    NNM1.BeginStr,

    ODPI.DocEntry,

    ODPI.DocNum,

    ODPI.DocDate,

    ODPI.CardCode,

    DPI1.unitmsr,

    ODPI.NumAtCard,

    DENSE_RANK() OVER (ORDER BY DPI1.VisOrder ASC) AS 'No.',

    DPI1.LineNum AS 'Line No.',
 
    ODPI.[Address],

    OCRD.U_SLD_Title,

    OCRD.U_SLD_FullName,

    CRD1.GlblLocNum,

    OCRD.Phone1,

    ISNULL(OCRD.Phone2,'') AS 'Phone2_2',

    OCRD.Fax,

    ODPI.LicTradNum,

    
    CASE 
         WHEN OCTG.PymntGroup = N'เงินสด' THEN 'Cash'
         WHEN OCTG.PymntGroup = N'120 วัน' THEN '120 Days'
         WHEN OCTG.PymntGroup = N'90 วัน' THEN '90 Days'
         WHEN OCTG.PymntGroup = N'60 วัน' THEN '60 Days'
         WHEN OCTG.PymntGroup = N'45 วัน' THEN '45 Days'
         WHEN OCTG.PymntGroup = N'30 วัน' THEN '30 Days'
         WHEN OCTG.PymntGroup = N'15 วัน' THEN '15 Days'
         WHEN OCTG.PymntGroup = N'7 วัน' THEN '7 Days'
         WHEN OCTG.PymntGroup = N'3 วัน' THEN '3 Days'
    END AS 'PaymentEng',

    
    ODPI.DocDueDate,

    DPI1.ItemCode,

    DPI1.Dscription AS 'Dscription',

    DPI1.Quantity,

    ODPI.Comments,

    ODPI.DocCur,

    
    -- ดึงราคา PriceBefDi
    CASE
        WHEN ISNULL(GPS.Sum_PriceBefDi, 0) = 0 THEN DPI1.PriceBefDi 
        ELSE GPS.Sum_PriceBefDi
    END AS 'PriceBefDi',

    
    -- ดึงยอด LineTotal
    CASE 
        WHEN DPI1.LineTotal = 0 THEN ISNULL(GPS.Sum_LineTotal, 0)
        WHEN ODPI.DocCur = 'THB' THEN DPI1.LineTotal 
        ELSE DPI1.TotalFrgn 
    END AS 'LineTotal',

    
    CASE WHEN ODPI.DocCur = 'THB' THEN ODPI.VatSum ELSE ODPI.VatSumFC END AS 'VatSum',

    CASE WHEN ODPI.DocCur = 'THB' THEN ODPI.DocTotal ELSE ODPI.DocTotalFC END AS 'DocTotal',

    CASE WHEN ODPI.DocCur = 'THB' THEN ODPI.DpmAmnt ELSE ODPI.DpmAmntFC END AS 'DpmAmnt',
    
    (SELECT CASE WHEN ODPI.DocCur = 'THB' THEN SUM(L.LineTotal) ELSE SUM(L.TotalFrgn) END
        FROM DPI1 L WHERE L.DocEntry = ODPI.DocEntry
        AND L.TreeType NOT IN ('I', 'i')
        AND NOT (ISNULL(L.TreeType, 'N') = 'N' AND EXISTS (SELECT 1 FROM ITT1 WHERE Code = L.ItemCode AND Father = (SELECT TOP 1 P.ItemCode FROM DPI1 P WHERE P.DocEntry = L.DocEntry AND P.VisOrder < L.VisOrder AND (P.TreeType IN ('S', 'A', 'T') OR EXISTS (SELECT 1 FROM OITT WHERE Code = P.ItemCode)) ORDER BY P.VisOrder DESC)))
    ) AS 'Sum_LineTotal_All',

    
    ODPI.dpmprcnt,

    RCT1.CheckNum,

    RCT1.[CheckSum],

    RCT1.DueDate AS 'Check Date',
    (SELECT CASE WHEN ODPI.DocCur = 'THB' THEN SUM(L.LineTotal) ELSE SUM(L.TotalFrgn) END
        FROM DPI1 L WHERE L.DocEntry = ODPI.DocEntry) AS 'CashSum',

    SUM(ORCT.TrsfrSum) OVER(PARTITION BY ODPI.DocEntry) AS 'TrsfrSum',

    
    ODSC.BankName,

    DPI1.LineType,

    OSLP.U_Name_Foreign AS 'Name',

    OCPR.Cellolar AS 'Tel1',

    OCPR.E_MailL,

    QPJ.Project,

    ISNULL(NULLIF(OUOM.U_SLD_Uomforeign,''), DPI1.UomCode) AS UgpCode

,
    DPI1.VisOrder AS 'Sort_VisOrder',
    0 AS 'Sort_IsText',
    0 AS 'Sort_Seq'

FROM ODPI
INNER JOIN DPI1 ON ODPI.DocEntry = DPI1.DocEntry
-- ใช้ OUTER APPLY ดึง Project แรกที่เจอใน Line มาใช้งาน
OUTER APPLY (
    SELECT TOP 1 P.Project 
    FROM DPI1 P 
    WHERE P.DocEntry = ODPI.DocEntry 
      AND P.Project IS NOT NULL 
      AND P.Project <> ''
) QPJ
LEFT JOIN DPI12 ON ODPI.DocEntry = DPI12.DocEntry
LEFT JOIN NNM1 ON ODPI.Series = NNM1.Series 
LEFT JOIN OCRD ON ODPI.CardCode = OCRD.CardCode 
LEFT JOIN OCPR ON ODPI.CntctCode = OCPR.CntctCode
LEFT JOIN CRD1 ON (OCRD.CardCode = CRD1.CardCode AND ODPI.PayToCode = CRD1.[Address] AND CRD1.AdresType ='B')
LEFT JOIN OCRY ON CRD1.Country = OCRY.Code
LEFT JOIN OSLP ON ODPI.SlpCode = OSLP.SlpCode 
LEFT JOIN OCTG ON ODPI.GroupNum = OCTG.GroupNum 
LEFT JOIN OHEM ON ODPI.OwnerCode = OHEM.empID
LEFT JOIN OUSR ON ODPI.UserSign = OUSR.USERID
LEFT JOIN OPRJ ON QPJ.Project = OPRJ.PrjCode 
LEFT JOIN ORCT ON ODPI.ReceiptNum = ORCT.DocEntry
LEFT JOIN RCT1 ON ORCT.DocEntry = RCT1.DocNum
LEFT JOIN RCT2 ON ORCT.DocNum = RCT2.DocEntry
LEFT JOIN ODSC ON RCT1.BankCode = ODSC.BankCode
LEFT JOIN OITM ON DPI1.ItemCode = OITM.ItemCode
LEFT JOIN OUOM ON DPI1.UomCode = OUOM.UomCode
LEFT JOIN OITT ON DPI1.ItemCode = OITT.Code AND OITT.TreeType = 'S'
LEFT JOIN [dbo].[@SLDT_SET_BRANCH] BRANCH ON ODPI.U_SLD_LVatBranch = BRANCH.Code
-- Join ยอด Sum กลับเข้ามา
LEFT JOIN GroupedParent GPS ON DPI1.DocEntry = GPS.DocEntry AND DPI1.VisOrder = GPS.Parent_VisOrder
CROSS JOIN OADM

WHERE ODPI.DocEntry = {?DocKey@}
  AND DPI1.TreeType NOT IN ('I', 'i')
  AND NOT (
      ISNULL(DPI1.TreeType, 'N') = 'N'
      AND EXISTS (
          SELECT 1 FROM ITT1
          WHERE Code = DPI1.ItemCode
            AND Father = (SELECT TOP 1 P.ItemCode FROM DPI1 P WHERE P.DocEntry = DPI1.DocEntry AND P.VisOrder < DPI1.VisOrder AND (P.TreeType IN ('S', 'A', 'T') OR EXISTS (SELECT 1 FROM OITT WHERE Code = P.ItemCode)) ORDER BY P.VisOrder DESC)
      )
  )
  AND {?ObjectId@} = '203'



UNION ALL
-- ========================================================
-- 1.2 text rows (remarks) of the real document
-- ========================================================
SELECT DISTINCT

    CRD1.Street     AS '1Bill',
    CRD1.State        AS StateB,
    OCRY.Name         AS 'CountryName',

    CRD1.StreetNo   AS '2Bill',

    CRD1.Block      AS '3Bill',

    CRD1.City       AS '4Bill',

    CRD1.County     AS '5Bill',

    CRD1.ZipCode    AS '6Bill',

    DPI12.StreetS     AS '1Ship',

    DPI12.StreetNoS   AS '2Ship',

    DPI12.BlockS      AS '3Ship',

    DPI12.CityS       AS '4Ship',

    DPI12.CountyS     AS '5Ship',

    DPI12.ZipCodeS    AS '6Ship',

    
    CASE 
        WHEN OCRD.Phone2 IS NULL THEN ''
        WHEN OCRD.Phone2 IS NOT NULL THEN ', ' + OCRD.Phone2
    END AS 'Phone2',

    OCPR.Name AS 'Coontact',

    
    CASE 
        WHEN BRANCH.Code = '00000' AND ODPI.DocCur = OADM.MainCurncy THEN N'สำนักงานใหญ่'
        WHEN BRANCH.Code = '00000' AND ODPI.DocCur <> OADM.MainCurncy THEN 'Head office'
        WHEN BRANCH.Code <> '00000' AND ODPI.DocCur = OADM.MainCurncy THEN concat(N'สาขาที่' ,' ',BRANCH.Code)
        WHEN BRANCH.Code <> '00000' AND ODPI.DocCur <> OADM.MainCurncy THEN concat('Branch' ,' ',BRANCH.Code)
    END AS 'GLN_H',

    
    CASE 
        WHEN CRD1.GlblLocNum = '00000' AND ODPI.DocCur = OADM.MainCurncy THEN N'(สำนักงานใหญ่)'
        WHEN CRD1.GlblLocNum = '00000' AND ODPI.DocCur <> OADM.MainCurncy THEN '(Head office)'
        WHEN CRD1.GlblLocNum <> '00000' AND ODPI.DocCur = OADM.MainCurncy THEN concat(N'(สาขาที่' ,' ',CRD1.GlblLocNum,')')
        WHEN CRD1.GlblLocNum <> '00000' AND ODPI.DocCur <> OADM.MainCurncy THEN concat('(Branch' ,' ',CRD1.GlblLocNum,')')
        WHEN CRD1.GlblLocNum = '' OR CRD1.GlblLocNum IS NULL THEN ''
    END AS 'GLN_BP',

    
    CASE
        WHEN ODPI.Printed = 'N' AND ODPI.DocCur <> OADM.MainCurncy THEN 'Original'
        WHEN ODPI.Printed = 'N' AND ODPI.DocCur = OADM.MainCurncy THEN N'ต้นฉบับ'
        WHEN ODPI.Printed = 'Y' AND ODPI.DocCur <> OADM.MainCurncy THEN 'Copy'
        WHEN ODPI.Printed = 'Y' AND ODPI.DocCur = OADM.MainCurncy THEN N'สำเนา'
    END AS 'Print Status',

    
    NNM1.BeginStr,

    ODPI.DocEntry,

    ODPI.DocNum,

    ODPI.DocDate,

    ODPI.CardCode,
    NULL AS 'unitmsr',

    ODPI.NumAtCard,
    CAST(NULL AS INT) AS 'No.',
    DPI1.LineNum AS 'Line No.',
 
    ODPI.[Address],

    OCRD.U_SLD_Title,

    OCRD.U_SLD_FullName,

    CRD1.GlblLocNum,

    OCRD.Phone1,

    ISNULL(OCRD.Phone2,'') AS 'Phone2_2',

    OCRD.Fax,

    ODPI.LicTradNum,

    
    CASE 
         WHEN OCTG.PymntGroup = N'เงินสด' THEN 'Cash'
         WHEN OCTG.PymntGroup = N'120 วัน' THEN '120 Days'
         WHEN OCTG.PymntGroup = N'90 วัน' THEN '90 Days'
         WHEN OCTG.PymntGroup = N'60 วัน' THEN '60 Days'
         WHEN OCTG.PymntGroup = N'45 วัน' THEN '45 Days'
         WHEN OCTG.PymntGroup = N'30 วัน' THEN '30 Days'
         WHEN OCTG.PymntGroup = N'15 วัน' THEN '15 Days'
         WHEN OCTG.PymntGroup = N'7 วัน' THEN '7 Days'
         WHEN OCTG.PymntGroup = N'3 วัน' THEN '3 Days'
    END AS 'PaymentEng',

    
    ODPI.DocDueDate,
    NULL AS 'ItemCode',
    CAST(DPI10.LineText AS NVARCHAR(4000)) AS 'Dscription',
    NULL AS 'Quantity',

    ODPI.Comments,

    ODPI.DocCur,
    NULL AS 'PriceBefDi',
    NULL AS 'LineTotal',

    
    CASE WHEN ODPI.DocCur = 'THB' THEN ODPI.VatSum ELSE ODPI.VatSumFC END AS 'VatSum',

    CASE WHEN ODPI.DocCur = 'THB' THEN ODPI.DocTotal ELSE ODPI.DocTotalFC END AS 'DocTotal',

    CASE WHEN ODPI.DocCur = 'THB' THEN ODPI.DpmAmnt ELSE ODPI.DpmAmntFC END AS 'DpmAmnt',
    
    (SELECT CASE WHEN ODPI.DocCur = 'THB' THEN SUM(L.LineTotal) ELSE SUM(L.TotalFrgn) END
        FROM DPI1 L WHERE L.DocEntry = ODPI.DocEntry
        AND L.TreeType NOT IN ('I', 'i')
        AND NOT (ISNULL(L.TreeType, 'N') = 'N' AND EXISTS (SELECT 1 FROM ITT1 WHERE Code = L.ItemCode AND Father = (SELECT TOP 1 P.ItemCode FROM DPI1 P WHERE P.DocEntry = L.DocEntry AND P.VisOrder < L.VisOrder AND (P.TreeType IN ('S', 'A', 'T') OR EXISTS (SELECT 1 FROM OITT WHERE Code = P.ItemCode)) ORDER BY P.VisOrder DESC)))
    ) AS 'Sum_LineTotal_All',

    
    ODPI.dpmprcnt,

    RCT1.CheckNum,

    RCT1.[CheckSum],

    RCT1.DueDate AS 'Check Date',

    
    -- ใช้ SUM() OVER() แทน GROUP BY สำหรับยอด Cash และ Transfer
    SUM(ORCT.CashSum) OVER(PARTITION BY ODPI.DocEntry) AS 'CashSum',

    SUM(ORCT.TrsfrSum) OVER(PARTITION BY ODPI.DocEntry) AS 'TrsfrSum',

    
    ODSC.BankName,
    'T' AS 'LineType',

    OSLP.U_Name_Foreign AS 'Name',

    OCPR.Cellolar AS 'Tel1',

    OCPR.E_MailL,

    QPJ.Project,

    ISNULL(NULLIF(OUOM.U_SLD_Uomforeign,''), DPI1.UomCode) AS UgpCode

,
    COALESCE(DPI1.VisOrder, -1) AS 'Sort_VisOrder',
    1 AS 'Sort_IsText',
    DPI10.LineSeq AS 'Sort_Seq'

FROM ODPI
INNER JOIN DPI10 ON ODPI.DocEntry = DPI10.DocEntry
LEFT JOIN DPI1 ON DPI10.DocEntry = DPI1.DocEntry AND DPI10.AftLineNum = DPI1.LineNum
-- ใช้ OUTER APPLY ดึง Project แรกที่เจอใน Line มาใช้งาน
OUTER APPLY (
    SELECT TOP 1 P.Project 
    FROM DPI1 P 
    WHERE P.DocEntry = ODPI.DocEntry 
      AND P.Project IS NOT NULL 
      AND P.Project <> ''
) QPJ
LEFT JOIN DPI12 ON ODPI.DocEntry = DPI12.DocEntry
LEFT JOIN NNM1 ON ODPI.Series = NNM1.Series 
LEFT JOIN OCRD ON ODPI.CardCode = OCRD.CardCode 
LEFT JOIN OCPR ON ODPI.CntctCode = OCPR.CntctCode
LEFT JOIN CRD1 ON (OCRD.CardCode = CRD1.CardCode AND ODPI.PayToCode = CRD1.[Address] AND CRD1.AdresType ='B')
LEFT JOIN OCRY ON CRD1.Country = OCRY.Code
LEFT JOIN OSLP ON ODPI.SlpCode = OSLP.SlpCode 
LEFT JOIN OCTG ON ODPI.GroupNum = OCTG.GroupNum 
LEFT JOIN OHEM ON ODPI.OwnerCode = OHEM.empID
LEFT JOIN OUSR ON ODPI.UserSign = OUSR.USERID
LEFT JOIN OPRJ ON QPJ.Project = OPRJ.PrjCode 
LEFT JOIN ORCT ON ODPI.ReceiptNum = ORCT.DocEntry
LEFT JOIN RCT1 ON ORCT.DocEntry = RCT1.DocNum
LEFT JOIN RCT2 ON ORCT.DocNum = RCT2.DocEntry
LEFT JOIN ODSC ON RCT1.BankCode = ODSC.BankCode

LEFT JOIN OUOM ON DPI1.UomCode = OUOM.UomCode
LEFT JOIN OITT ON DPI1.ItemCode = OITT.Code AND OITT.TreeType = 'S'
LEFT JOIN [dbo].[@SLDT_SET_BRANCH] BRANCH ON ODPI.U_SLD_LVatBranch = BRANCH.Code
CROSS JOIN OADM

WHERE ODPI.DocEntry = {?DocKey@}
  AND {?ObjectId@} = '203'



UNION ALL
-- ========================================================
-- 2.1 item rows of the draft document
-- ========================================================
SELECT DISTINCT

    CRD1.Street     AS '1Bill',
    CRD1.State        AS StateB,
    OCRY.Name         AS 'CountryName',

    CRD1.StreetNo   AS '2Bill',

    CRD1.Block      AS '3Bill',

    CRD1.City       AS '4Bill',

    CRD1.County     AS '5Bill',

    CRD1.ZipCode    AS '6Bill',

    DPI12.StreetS     AS '1Ship',

    DPI12.StreetNoS   AS '2Ship',

    DPI12.BlockS      AS '3Ship',

    DPI12.CityS       AS '4Ship',

    DPI12.CountyS     AS '5Ship',

    DPI12.ZipCodeS    AS '6Ship',

    
    CASE 
        WHEN OCRD.Phone2 IS NULL THEN ''
        WHEN OCRD.Phone2 IS NOT NULL THEN ', ' + OCRD.Phone2
    END AS 'Phone2',

    OCPR.Name AS 'Coontact',

    
    CASE 
        WHEN BRANCH.Code = '00000' AND ODPI.DocCur = OADM.MainCurncy THEN N'สำนักงานใหญ่'
        WHEN BRANCH.Code = '00000' AND ODPI.DocCur <> OADM.MainCurncy THEN 'Head office'
        WHEN BRANCH.Code <> '00000' AND ODPI.DocCur = OADM.MainCurncy THEN concat(N'สาขาที่' ,' ',BRANCH.Code)
        WHEN BRANCH.Code <> '00000' AND ODPI.DocCur <> OADM.MainCurncy THEN concat('Branch' ,' ',BRANCH.Code)
    END AS 'GLN_H',

    
    CASE 
        WHEN CRD1.GlblLocNum = '00000' AND ODPI.DocCur = OADM.MainCurncy THEN N'(สำนักงานใหญ่)'
        WHEN CRD1.GlblLocNum = '00000' AND ODPI.DocCur <> OADM.MainCurncy THEN '(Head office)'
        WHEN CRD1.GlblLocNum <> '00000' AND ODPI.DocCur = OADM.MainCurncy THEN concat(N'(สาขาที่' ,' ',CRD1.GlblLocNum,')')
        WHEN CRD1.GlblLocNum <> '00000' AND ODPI.DocCur <> OADM.MainCurncy THEN concat('(Branch' ,' ',CRD1.GlblLocNum,')')
        WHEN CRD1.GlblLocNum = '' OR CRD1.GlblLocNum IS NULL THEN ''
    END AS 'GLN_BP',

    
    CASE
        WHEN ODPI.Printed = 'N' AND ODPI.DocCur <> OADM.MainCurncy THEN 'Original'
        WHEN ODPI.Printed = 'N' AND ODPI.DocCur = OADM.MainCurncy THEN N'ต้นฉบับ'
        WHEN ODPI.Printed = 'Y' AND ODPI.DocCur <> OADM.MainCurncy THEN 'Copy'
        WHEN ODPI.Printed = 'Y' AND ODPI.DocCur = OADM.MainCurncy THEN N'สำเนา'
    END AS 'Print Status',

    
    NNM1.BeginStr,

    ODPI.DocEntry,

    ODPI.DocNum,

    ODPI.DocDate,

    ODPI.CardCode,

    DPI1.unitmsr,

    ODPI.NumAtCard,

    DENSE_RANK() OVER (ORDER BY DPI1.VisOrder ASC) AS 'No.',

    DPI1.LineNum AS 'Line No.',
 
    ODPI.[Address],

    OCRD.U_SLD_Title,

    OCRD.U_SLD_FullName,

    CRD1.GlblLocNum,

    OCRD.Phone1,

    ISNULL(OCRD.Phone2,'') AS 'Phone2_2',

    OCRD.Fax,

    ODPI.LicTradNum,

    
    CASE 
         WHEN OCTG.PymntGroup = N'เงินสด' THEN 'Cash'
         WHEN OCTG.PymntGroup = N'120 วัน' THEN '120 Days'
         WHEN OCTG.PymntGroup = N'90 วัน' THEN '90 Days'
         WHEN OCTG.PymntGroup = N'60 วัน' THEN '60 Days'
         WHEN OCTG.PymntGroup = N'45 วัน' THEN '45 Days'
         WHEN OCTG.PymntGroup = N'30 วัน' THEN '30 Days'
         WHEN OCTG.PymntGroup = N'15 วัน' THEN '15 Days'
         WHEN OCTG.PymntGroup = N'7 วัน' THEN '7 Days'
         WHEN OCTG.PymntGroup = N'3 วัน' THEN '3 Days'
    END AS 'PaymentEng',

    
    ODPI.DocDueDate,

    DPI1.ItemCode,

    DPI1.Dscription AS 'Dscription',

    DPI1.Quantity,

    ODPI.Comments,

    ODPI.DocCur,

    
    -- ดึงราคา PriceBefDi
    CASE
        WHEN ISNULL(GPS.Sum_PriceBefDi, 0) = 0 THEN DPI1.PriceBefDi 
        ELSE GPS.Sum_PriceBefDi
    END AS 'PriceBefDi',

    
    -- ดึงยอด LineTotal
    CASE 
        WHEN DPI1.LineTotal = 0 THEN ISNULL(GPS.Sum_LineTotal, 0)
        WHEN ODPI.DocCur = 'THB' THEN DPI1.LineTotal 
        ELSE DPI1.TotalFrgn 
    END AS 'LineTotal',

    
    CASE WHEN ODPI.DocCur = 'THB' THEN ODPI.VatSum ELSE ODPI.VatSumFC END AS 'VatSum',

    CASE WHEN ODPI.DocCur = 'THB' THEN ODPI.DocTotal ELSE ODPI.DocTotalFC END AS 'DocTotal',

    CASE WHEN ODPI.DocCur = 'THB' THEN ODPI.DpmAmnt ELSE ODPI.DpmAmntFC END AS 'DpmAmnt',
    
    (SELECT CASE WHEN ODPI.DocCur = 'THB' THEN SUM(L.LineTotal) ELSE SUM(L.TotalFrgn) END
        FROM DRF1 L WHERE L.DocEntry = ODPI.DocEntry
        AND L.TreeType NOT IN ('I', 'i')
        AND NOT (ISNULL(L.TreeType, 'N') = 'N' AND EXISTS (SELECT 1 FROM ITT1 WHERE Code = L.ItemCode AND Father = (SELECT TOP 1 P.ItemCode FROM DRF1 P WHERE P.DocEntry = L.DocEntry AND P.VisOrder < L.VisOrder AND (P.TreeType IN ('S', 'A', 'T') OR EXISTS (SELECT 1 FROM OITT WHERE Code = P.ItemCode)) ORDER BY P.VisOrder DESC)))
    ) AS 'Sum_LineTotal_All',

    
    ODPI.dpmprcnt,

    RCT1.CheckNum,

    RCT1.[CheckSum],

    RCT1.DueDate AS 'Check Date',
    CAST(NULL AS NUMERIC(19,6)) AS 'CashSum',

    CAST(NULL AS NUMERIC(19,6)) AS 'TrsfrSum',

    
    ODSC.BankName,

    DPI1.LineType,

    OSLP.U_Name_Foreign AS 'Name',

    OCPR.Cellolar AS 'Tel1',

    OCPR.E_MailL,

    QPJ.Project,

    ISNULL(NULLIF(OUOM.U_SLD_Uomforeign,''), DPI1.UomCode) AS UgpCode

,
    DPI1.VisOrder AS 'Sort_VisOrder',
    0 AS 'Sort_IsText',
    0 AS 'Sort_Seq'

FROM ODRF ODPI
INNER JOIN DRF1 DPI1 ON ODPI.DocEntry = DPI1.DocEntry
-- ใช้ OUTER APPLY ดึง Project แรกที่เจอใน Line มาใช้งาน
OUTER APPLY (
    SELECT TOP 1 P.Project 
    FROM DRF1 P 
    WHERE P.DocEntry = ODPI.DocEntry 
      AND P.Project IS NOT NULL 
      AND P.Project <> ''
) QPJ
LEFT JOIN DRF12 DPI12 ON ODPI.DocEntry = DPI12.DocEntry
LEFT JOIN NNM1 ON ODPI.Series = NNM1.Series 
LEFT JOIN OCRD ON ODPI.CardCode = OCRD.CardCode 
LEFT JOIN OCPR ON ODPI.CntctCode = OCPR.CntctCode
LEFT JOIN CRD1 ON (OCRD.CardCode = CRD1.CardCode AND ODPI.PayToCode = CRD1.[Address] AND CRD1.AdresType ='B')
LEFT JOIN OCRY ON CRD1.Country = OCRY.Code
LEFT JOIN OSLP ON ODPI.SlpCode = OSLP.SlpCode 
LEFT JOIN OCTG ON ODPI.GroupNum = OCTG.GroupNum 
LEFT JOIN OHEM ON ODPI.OwnerCode = OHEM.empID
LEFT JOIN OUSR ON ODPI.UserSign = OUSR.USERID
LEFT JOIN OPRJ ON QPJ.Project = OPRJ.PrjCode 
LEFT JOIN ORCT ON ODPI.ReceiptNum = ORCT.DocEntry
LEFT JOIN RCT1 ON ORCT.DocEntry = RCT1.DocNum
LEFT JOIN RCT2 ON ORCT.DocNum = RCT2.DocEntry
LEFT JOIN ODSC ON RCT1.BankCode = ODSC.BankCode
LEFT JOIN OITM ON DPI1.ItemCode = OITM.ItemCode
LEFT JOIN OUOM ON DPI1.UomCode = OUOM.UomCode
LEFT JOIN OITT ON DPI1.ItemCode = OITT.Code AND OITT.TreeType = 'S'
LEFT JOIN [dbo].[@SLDT_SET_BRANCH] BRANCH ON ODPI.U_SLD_LVatBranch = BRANCH.Code
-- Join ยอด Sum กลับเข้ามา
LEFT JOIN GroupedParent_D GPS ON DPI1.DocEntry = GPS.DocEntry AND DPI1.VisOrder = GPS.Parent_VisOrder
CROSS JOIN OADM

WHERE ODPI.DocEntry = {?DocKey@}
  AND DPI1.TreeType NOT IN ('I', 'i')
  AND NOT (
      ISNULL(DPI1.TreeType, 'N') = 'N'
      AND EXISTS (
          SELECT 1 FROM ITT1
          WHERE Code = DPI1.ItemCode
            AND Father = (SELECT TOP 1 P.ItemCode FROM DRF1 P WHERE P.DocEntry = DPI1.DocEntry AND P.VisOrder < DPI1.VisOrder AND (P.TreeType IN ('S', 'A', 'T') OR EXISTS (SELECT 1 FROM OITT WHERE Code = P.ItemCode)) ORDER BY P.VisOrder DESC)
      )
  )
  AND {?ObjectId@} = '112' AND ODPI.ObjType = '203'


UNION ALL
-- ========================================================
-- 2.2 text rows (remarks) of the draft document
-- ========================================================
SELECT DISTINCT

    CRD1.Street     AS '1Bill',
    CRD1.State        AS StateB,
    OCRY.Name         AS 'CountryName',

    CRD1.StreetNo   AS '2Bill',

    CRD1.Block      AS '3Bill',

    CRD1.City       AS '4Bill',

    CRD1.County     AS '5Bill',

    CRD1.ZipCode    AS '6Bill',

    DPI12.StreetS     AS '1Ship',

    DPI12.StreetNoS   AS '2Ship',

    DPI12.BlockS      AS '3Ship',

    DPI12.CityS       AS '4Ship',

    DPI12.CountyS     AS '5Ship',

    DPI12.ZipCodeS    AS '6Ship',

    
    CASE 
        WHEN OCRD.Phone2 IS NULL THEN ''
        WHEN OCRD.Phone2 IS NOT NULL THEN ', ' + OCRD.Phone2
    END AS 'Phone2',

    OCPR.Name AS 'Coontact',

    
    CASE 
        WHEN BRANCH.Code = '00000' AND ODPI.DocCur = OADM.MainCurncy THEN N'สำนักงานใหญ่'
        WHEN BRANCH.Code = '00000' AND ODPI.DocCur <> OADM.MainCurncy THEN 'Head office'
        WHEN BRANCH.Code <> '00000' AND ODPI.DocCur = OADM.MainCurncy THEN concat(N'สาขาที่' ,' ',BRANCH.Code)
        WHEN BRANCH.Code <> '00000' AND ODPI.DocCur <> OADM.MainCurncy THEN concat('Branch' ,' ',BRANCH.Code)
    END AS 'GLN_H',

    
    CASE 
        WHEN CRD1.GlblLocNum = '00000' AND ODPI.DocCur = OADM.MainCurncy THEN N'(สำนักงานใหญ่)'
        WHEN CRD1.GlblLocNum = '00000' AND ODPI.DocCur <> OADM.MainCurncy THEN '(Head office)'
        WHEN CRD1.GlblLocNum <> '00000' AND ODPI.DocCur = OADM.MainCurncy THEN concat(N'(สาขาที่' ,' ',CRD1.GlblLocNum,')')
        WHEN CRD1.GlblLocNum <> '00000' AND ODPI.DocCur <> OADM.MainCurncy THEN concat('(Branch' ,' ',CRD1.GlblLocNum,')')
        WHEN CRD1.GlblLocNum = '' OR CRD1.GlblLocNum IS NULL THEN ''
    END AS 'GLN_BP',

    
    CASE
        WHEN ODPI.Printed = 'N' AND ODPI.DocCur <> OADM.MainCurncy THEN 'Original'
        WHEN ODPI.Printed = 'N' AND ODPI.DocCur = OADM.MainCurncy THEN N'ต้นฉบับ'
        WHEN ODPI.Printed = 'Y' AND ODPI.DocCur <> OADM.MainCurncy THEN 'Copy'
        WHEN ODPI.Printed = 'Y' AND ODPI.DocCur = OADM.MainCurncy THEN N'สำเนา'
    END AS 'Print Status',

    
    NNM1.BeginStr,

    ODPI.DocEntry,

    ODPI.DocNum,

    ODPI.DocDate,

    ODPI.CardCode,
    NULL AS 'unitmsr',

    ODPI.NumAtCard,
    CAST(NULL AS INT) AS 'No.',
    DPI1.LineNum AS 'Line No.',
 
    ODPI.[Address],

    OCRD.U_SLD_Title,

    OCRD.U_SLD_FullName,

    CRD1.GlblLocNum,

    OCRD.Phone1,

    ISNULL(OCRD.Phone2,'') AS 'Phone2_2',

    OCRD.Fax,

    ODPI.LicTradNum,

    
    CASE 
         WHEN OCTG.PymntGroup = N'เงินสด' THEN 'Cash'
         WHEN OCTG.PymntGroup = N'120 วัน' THEN '120 Days'
         WHEN OCTG.PymntGroup = N'90 วัน' THEN '90 Days'
         WHEN OCTG.PymntGroup = N'60 วัน' THEN '60 Days'
         WHEN OCTG.PymntGroup = N'45 วัน' THEN '45 Days'
         WHEN OCTG.PymntGroup = N'30 วัน' THEN '30 Days'
         WHEN OCTG.PymntGroup = N'15 วัน' THEN '15 Days'
         WHEN OCTG.PymntGroup = N'7 วัน' THEN '7 Days'
         WHEN OCTG.PymntGroup = N'3 วัน' THEN '3 Days'
    END AS 'PaymentEng',

    
    ODPI.DocDueDate,
    NULL AS 'ItemCode',
    CAST(DPI10.LineText AS NVARCHAR(4000)) AS 'Dscription',
    NULL AS 'Quantity',

    ODPI.Comments,

    ODPI.DocCur,
    NULL AS 'PriceBefDi',
    NULL AS 'LineTotal',

    
    CASE WHEN ODPI.DocCur = 'THB' THEN ODPI.VatSum ELSE ODPI.VatSumFC END AS 'VatSum',

    CASE WHEN ODPI.DocCur = 'THB' THEN ODPI.DocTotal ELSE ODPI.DocTotalFC END AS 'DocTotal',

    CASE WHEN ODPI.DocCur = 'THB' THEN ODPI.DpmAmnt ELSE ODPI.DpmAmntFC END AS 'DpmAmnt',
    
    (SELECT CASE WHEN ODPI.DocCur = 'THB' THEN SUM(L.LineTotal) ELSE SUM(L.TotalFrgn) END
        FROM DRF1 L WHERE L.DocEntry = ODPI.DocEntry
        AND L.TreeType NOT IN ('I', 'i')
        AND NOT (ISNULL(L.TreeType, 'N') = 'N' AND EXISTS (SELECT 1 FROM ITT1 WHERE Code = L.ItemCode AND Father = (SELECT TOP 1 P.ItemCode FROM DRF1 P WHERE P.DocEntry = L.DocEntry AND P.VisOrder < L.VisOrder AND (P.TreeType IN ('S', 'A', 'T') OR EXISTS (SELECT 1 FROM OITT WHERE Code = P.ItemCode)) ORDER BY P.VisOrder DESC)))
    ) AS 'Sum_LineTotal_All',

    
    ODPI.dpmprcnt,

    RCT1.CheckNum,

    RCT1.[CheckSum],

    RCT1.DueDate AS 'Check Date',

    
    -- ใช้ SUM() OVER() แทน GROUP BY สำหรับยอด Cash และ Transfer
    CAST(NULL AS NUMERIC(19,6)) AS 'CashSum',

    CAST(NULL AS NUMERIC(19,6)) AS 'TrsfrSum',

    
    ODSC.BankName,
    'T' AS 'LineType',

    OSLP.U_Name_Foreign AS 'Name',

    OCPR.Cellolar AS 'Tel1',

    OCPR.E_MailL,

    QPJ.Project,

    ISNULL(NULLIF(OUOM.U_SLD_Uomforeign,''), DPI1.UomCode) AS UgpCode

,
    COALESCE(DPI1.VisOrder, -1) AS 'Sort_VisOrder',
    1 AS 'Sort_IsText',
    DPI10.LineSeq AS 'Sort_Seq'

FROM ODRF ODPI
INNER JOIN DRF10 DPI10 ON ODPI.DocEntry = DPI10.DocEntry
LEFT JOIN DRF1 DPI1 ON DPI10.DocEntry = DPI1.DocEntry AND DPI10.AftLineNum = DPI1.LineNum
-- ใช้ OUTER APPLY ดึง Project แรกที่เจอใน Line มาใช้งาน
OUTER APPLY (
    SELECT TOP 1 P.Project 
    FROM DRF1 P 
    WHERE P.DocEntry = ODPI.DocEntry 
      AND P.Project IS NOT NULL 
      AND P.Project <> ''
) QPJ
LEFT JOIN DRF12 DPI12 ON ODPI.DocEntry = DPI12.DocEntry
LEFT JOIN NNM1 ON ODPI.Series = NNM1.Series 
LEFT JOIN OCRD ON ODPI.CardCode = OCRD.CardCode 
LEFT JOIN OCPR ON ODPI.CntctCode = OCPR.CntctCode
LEFT JOIN CRD1 ON (OCRD.CardCode = CRD1.CardCode AND ODPI.PayToCode = CRD1.[Address] AND CRD1.AdresType ='B')
LEFT JOIN OCRY ON CRD1.Country = OCRY.Code
LEFT JOIN OSLP ON ODPI.SlpCode = OSLP.SlpCode 
LEFT JOIN OCTG ON ODPI.GroupNum = OCTG.GroupNum 
LEFT JOIN OHEM ON ODPI.OwnerCode = OHEM.empID
LEFT JOIN OUSR ON ODPI.UserSign = OUSR.USERID
LEFT JOIN OPRJ ON QPJ.Project = OPRJ.PrjCode 
LEFT JOIN ORCT ON ODPI.ReceiptNum = ORCT.DocEntry
LEFT JOIN RCT1 ON ORCT.DocEntry = RCT1.DocNum
LEFT JOIN RCT2 ON ORCT.DocNum = RCT2.DocEntry
LEFT JOIN ODSC ON RCT1.BankCode = ODSC.BankCode

LEFT JOIN OUOM ON DPI1.UomCode = OUOM.UomCode
LEFT JOIN OITT ON DPI1.ItemCode = OITT.Code AND OITT.TreeType = 'S'
LEFT JOIN [dbo].[@SLDT_SET_BRANCH] BRANCH ON ODPI.U_SLD_LVatBranch = BRANCH.Code
CROSS JOIN OADM

WHERE ODPI.DocEntry = {?DocKey@}
  AND {?ObjectId@} = '112' AND ODPI.ObjType = '203'

) T0
ORDER BY T0.[Sort_VisOrder] ASC, T0.[Sort_IsText] ASC, T0.[Sort_Seq] ASC
[2026-09-09 17:19:05][INFO] Alias filter: AR_DownPayment
[2026-09-09 17:19:05][INFO] Matched 1 report file(s).
[2026-09-09 17:19:05][INFO] --> C:\GitHub\SDA\Form-Layout_SDA\2. Sales - AR\5. AR Down Payment Invoice\1. AR Down Payment Invoice_BOM\3.AR Down Payment Invoice_ใบแจ้งหนี้เงินค่ามัดจำใบกำกับภาษี\3.AR Down PaymentTax Invoice_BOM_ENG ใบแจ้งหนี้เงินค่ามัดจำใบกำกับภาษี.rpt
[2026-09-09 17:19:06][HIT]     [main] AR_DownPayment: 1 match(es)  (sqlLen=30780, fields=65)
[2026-09-09 17:19:06][OK]         User ID forced to 'sa'
[2026-09-09 17:19:06][OK]         [main] Address: User ID stamped 'sa' (SQL unchanged)
[2026-09-09 17:19:06][OK]         [main] Create: User ID stamped 'sa' (SQL unchanged)
[2026-09-09 17:19:06][OK]         [main] Command: User ID stamped 'sa' (SQL unchanged)
[2026-09-09 17:19:06][OK]     saved (1 replacement(s) in 1 table(s))
[2026-09-09 17:19:07][OK]     verified on disk: 4 command table(s)
[2026-09-09 17:19:08][INFO] ==============================================================
[2026-09-09 17:19:08][INFO] SUMMARY mode=APPLY  filesScanned=1  filesTouched=1  tablesTouched=1  replacements=1  fieldDiff=0  connDiff=0  userLost=0  errCount=0
[2026-09-09 17:19:08][INFO] USER ID ROUTES  keepuser=0  forced=4  fallback=0  noUserToStart=0
[2026-09-09 17:19:08][INFO] ==============================================================
[2026-09-09 17:19:13][INFO] === Edit-CommandSQL start  mode=APPLY ===
[2026-09-09 17:19:13][INFO] Root=C:\GitHub\SDA\Form-Layout_SDA\2. Sales - AR\5. AR Down Payment Invoice\2. AR Down Payment Invoice_DIS\1.AR Down Payment_ใบเสร็จรับเงินมัดจำ\1.AR Down Payment_Dis ใบเสร็จรับเงินมัดจำ.rpt
[2026-09-09 17:19:13][INFO] Pattern=(?s)\A.*\z
[2026-09-09 17:19:13][INFO] Replacement=-- RPT: 2. Sales - AR\5. AR Down Payment Invoice\1.AR Down Payment_ใบเสร็จรับเงินมัดจำ\1.AR Down Payment_ปกติ ใบเสร็จรับเงินมัดจำ.rpt
-- SCOPE: main
-- ALIAS: AR_DownPayment
-- FIELDS: 63
-- ---------------------------------------------------------------
SELECT T0.*
FROM (
-- ========================================================
-- 1.1 item rows of the real document (ODPI)
-- ========================================================
SELECT DISTINCT
    CRD1.Street     AS '1Bill',
    CRD1.State        AS StateB,
    CRD1.StreetNo   AS '2Bill',
    CRD1.Block      AS '3Bill',
    CRD1.City       AS '4Bill',
    CRD1.County     AS '5Bill',
    CRD1.ZipCode    AS '6Bill',
    DPI12.StreetS     AS '1Ship',
    DPI12.StreetNoS   AS '2Ship',
    DPI12.BlockS      AS '3Ship',
    DPI12.CityS       AS '4Ship',
    DPI12.CountyS     AS '5Ship',
    DPI12.ZipCodeS    AS '6Ship',
    
    OCPR.Cellolar AS 'Phone2_Format',
    OCPR.E_MailL,
    OCPR.Name AS 'Coontact',
    
    CASE 
        WHEN BRANCH.Code = '00000' AND ODPI.DocCur = OADM.MainCurncy THEN N'สำนักงานใหญ่'
        WHEN BRANCH.Code = '00000' AND ODPI.DocCur <> OADM.MainCurncy THEN 'Head office'
        WHEN BRANCH.Code <> '00000' AND ODPI.DocCur = OADM.MainCurncy THEN concat(N'สาขาที่' ,' ',BRANCH.Code)
        WHEN BRANCH.Code <> '00000' AND ODPI.DocCur <> OADM.MainCurncy THEN concat('Branch' ,' ',BRANCH.Code)
    END AS 'GLN_H',
    
    CASE 
        WHEN CRD1.GlblLocNum = '00000' AND ODPI.DocCur = OADM.MainCurncy THEN N'(สำนักงานใหญ่)'
        WHEN CRD1.GlblLocNum = '00000' AND ODPI.DocCur <> OADM.MainCurncy THEN '(Head office)'
        WHEN CRD1.GlblLocNum <> '00000' AND ODPI.DocCur = OADM.MainCurncy THEN concat(N'(สาขาที่' ,' ',CRD1.GlblLocNum,')')
        WHEN CRD1.GlblLocNum <> '00000' AND ODPI.DocCur <> OADM.MainCurncy THEN concat('(Branch' ,' ',CRD1.GlblLocNum,')')
        WHEN CRD1.GlblLocNum = '' OR CRD1.GlblLocNum IS NULL THEN ''
    END AS 'GLN_BP',
    
    CASE
        WHEN ODPI.Printed = 'N' AND ODPI.DocCur <> OADM.MainCurncy THEN 'Original'
        WHEN ODPI.Printed = 'N' AND ODPI.DocCur = OADM.MainCurncy THEN N'ต้นฉบับ'
        WHEN ODPI.Printed = 'Y' AND ODPI.DocCur <> OADM.MainCurncy THEN 'Copy'
        WHEN ODPI.Printed = 'Y' AND ODPI.DocCur = OADM.MainCurncy THEN N'สำเนา'
    END AS 'Print Status',
    
    NNM1.BeginStr,
    ODPI.DocEntry,
    ODPI.DocNum,
    ODPI.DocDate,
    ODPI.CardCode,
    DPI1.unitmsr,
    ODPI.NumAtCard,
    
    (DPI1.VisOrder + 1) AS 'No.',
    DPI1.LineNum AS 'Line No.',
    
    ODPI.[Address],
    OCRD.U_SLD_Title,
    OCRD.U_SLD_FullName,
    CRD1.GlblLocNum,
    OCRD.Phone1,
    ISNULL(OCRD.Phone2,'') AS 'Phone2',
    OCRD.Fax,
    ODPI.LicTradNum,
    OCTG.PymntGroup,
    ODPI.DocDueDate,
    DPI1.ItemCode,
    DPI1.Dscription AS 'Dscription',
    DPI1.Quantity,
    ODPI.Comments,
    ODPI.DocCur,

    DPI1.PriceBefDi AS 'PriceBefDi',
    
    CASE 
        WHEN ODPI.DocCur = 'THB' THEN DPI1.LineTotal 
        ELSE DPI1.TotalFrgn 
    END AS 'LineTotal',
    
    CASE WHEN ODPI.DocCur = 'THB' THEN ODPI.VatSum ELSE ODPI.VatSumFC END AS 'VatSum',
    CASE WHEN ODPI.DocCur = 'THB' THEN ODPI.DocTotal ELSE ODPI.DocTotalFC END AS 'DocTotal',
    CASE WHEN ODPI.DocCur = 'THB' THEN ODPI.DpmAmnt ELSE ODPI.DpmAmntFC END AS 'DpmAmnt',
    
    (SELECT CASE WHEN ODPI.DocCur = 'THB' THEN SUM(L.LineTotal) ELSE SUM(L.TotalFrgn) END
        FROM DPI1 L WHERE L.DocEntry = ODPI.DocEntry
    ) AS 'Sum_LineTotal_All',
    
    ODPI.dpmprcnt,
    RCT1.CheckNum,
    RCT1.[CheckSum],
    RCT1.DueDate AS 'Check Date',
    (SELECT CASE WHEN ODPI.DocCur = 'THB' THEN SUM(L.LineTotal) ELSE SUM(L.TotalFrgn) END FROM DPI1 L WHERE L.DocEntry = ODPI.DocEntry) AS 'CashSum',
    (SELECT CASE WHEN ODPI.DocCur = 'THB' THEN SUM(L.LineTotal) ELSE SUM(L.TotalFrgn) END FROM DPI1 L WHERE L.DocEntry = ODPI.DocEntry) AS 'TrsfrSum',
    ODSC.BankName,
    DPI1.LineType,
    OCPR.Name,
    OCPR.Cellolar AS 'Tel1',
    OCPR.E_MailL AS 'E_MailL_2',
    QPJ.Project,
    DPI1.VisOrder AS 'Sort_VisOrder',
    0 AS 'Sort_IsText',
    0 AS 'Sort_Seq'

FROM ODPI
INNER JOIN DPI1 ON ODPI.DocEntry = DPI1.DocEntry
OUTER APPLY (
    SELECT TOP 1 P.Project 
    FROM DPI1 P 
    WHERE P.DocEntry = ODPI.DocEntry 
      AND P.Project IS NOT NULL 
      AND P.Project <> ''
) QPJ
LEFT JOIN DPI12 ON ODPI.DocEntry = DPI12.DocEntry
LEFT JOIN NNM1 ON ODPI.Series = NNM1.Series 
LEFT JOIN OCRD ON ODPI.CardCode = OCRD.CardCode 
LEFT JOIN OCPR ON ODPI.CntctCode = OCPR.CntctCode
LEFT JOIN CRD1 ON (OCRD.CardCode = CRD1.CardCode AND ODPI.PayToCode = CRD1.[Address] AND CRD1.AdresType ='B')
LEFT JOIN OSLP ON ODPI.SlpCode = OSLP.SlpCode 
LEFT JOIN OCTG ON ODPI.GroupNum = OCTG.GroupNum 
LEFT JOIN OHEM ON ODPI.OwnerCode = OHEM.empID
LEFT JOIN OUSR ON ODPI.UserSign = OUSR.USERID
LEFT JOIN OPRJ ON QPJ.Project = OPRJ.PrjCode 
LEFT JOIN ORCT ON ODPI.ReceiptNum = ORCT.DocEntry
LEFT JOIN RCT1 ON ORCT.DocEntry = RCT1.DocNum
LEFT JOIN RCT2 ON ORCT.DocNum = RCT2.DocEntry
LEFT JOIN ODSC ON RCT1.BankCode = ODSC.BankCode
LEFT JOIN [dbo].[@SLDT_SET_BRANCH] BRANCH ON ODPI.U_SLD_LVatBranch = BRANCH.Code 
CROSS JOIN OADM

WHERE ODPI.DocEntry  = {?DocKey@}
  AND {?ObjectId@} = '203'

UNION ALL
-- ========================================================
-- 1.2 text rows (remarks) of the real document
-- ========================================================
SELECT DISTINCT
    CRD1.Street     AS '1Bill',
    CRD1.State        AS StateB,
    CRD1.StreetNo   AS '2Bill',
    CRD1.Block      AS '3Bill',
    CRD1.City       AS '4Bill',
    CRD1.County     AS '5Bill',
    CRD1.ZipCode    AS '6Bill',
    DPI12.StreetS     AS '1Ship',
    DPI12.StreetNoS   AS '2Ship',
    DPI12.BlockS      AS '3Ship',
    DPI12.CityS       AS '4Ship',
    DPI12.CountyS     AS '5Ship',
    DPI12.ZipCodeS    AS '6Ship',
    OCPR.Cellolar AS 'Phone2_Format',
    OCPR.E_MailL,
    OCPR.Name AS 'Coontact',
    
    CASE 
        WHEN BRANCH.Code = '00000' AND ODPI.DocCur = OADM.MainCurncy THEN N'สำนักงานใหญ่'
        WHEN BRANCH.Code = '00000' AND ODPI.DocCur <> OADM.MainCurncy THEN 'Head office'
        WHEN BRANCH.Code <> '00000' AND ODPI.DocCur = OADM.MainCurncy THEN concat(N'สาขาที่' ,' ',BRANCH.Code)
        WHEN BRANCH.Code <> '00000' AND ODPI.DocCur <> OADM.MainCurncy THEN concat('Branch' ,' ',BRANCH.Code)
    END AS 'GLN_H',
    
    CASE 
        WHEN CRD1.GlblLocNum = '00000' AND ODPI.DocCur = OADM.MainCurncy THEN N'(สำนักงานใหญ่)'
        WHEN CRD1.GlblLocNum = '00000' AND ODPI.DocCur <> OADM.MainCurncy THEN '(Head office)'
        WHEN CRD1.GlblLocNum <> '00000' AND ODPI.DocCur = OADM.MainCurncy THEN concat(N'(สาขาที่' ,' ',CRD1.GlblLocNum,')')
        WHEN CRD1.GlblLocNum <> '00000' AND ODPI.DocCur <> OADM.MainCurncy THEN concat('(Branch' ,' ',CRD1.GlblLocNum,')')
        WHEN CRD1.GlblLocNum = '' OR CRD1.GlblLocNum IS NULL THEN ''
    END AS 'GLN_BP',
    
    CASE
        WHEN ODPI.Printed = 'N' AND ODPI.DocCur <> OADM.MainCurncy THEN 'Original'
        WHEN ODPI.Printed = 'N' AND ODPI.DocCur = OADM.MainCurncy THEN N'ต้นฉบับ'
        WHEN ODPI.Printed = 'Y' AND ODPI.DocCur <> OADM.MainCurncy THEN 'Copy'
        WHEN ODPI.Printed = 'Y' AND ODPI.DocCur = OADM.MainCurncy THEN N'สำเนา'
    END AS 'Print Status',
    
    NNM1.BeginStr,
    ODPI.DocEntry,
    ODPI.DocNum,
    ODPI.DocDate,
    ODPI.CardCode,
    NULL AS 'unitmsr',
    ODPI.NumAtCard,
    CAST(NULL AS INT) AS 'No.',
    DPI1.LineNum AS 'Line No.',
    ODPI.[Address],
    OCRD.U_SLD_Title,
    OCRD.U_SLD_FullName,
    CRD1.GlblLocNum,
    OCRD.Phone1,
    ISNULL(OCRD.Phone2,'') AS 'Phone2',
    OCRD.Fax,
    ODPI.LicTradNum,
    OCTG.PymntGroup,
    ODPI.DocDueDate,
    NULL AS 'ItemCode',
    CAST(DPI10.LineText AS NVARCHAR(4000)) AS 'Dscription',
    NULL AS 'Quantity',
    ODPI.Comments,
    ODPI.DocCur,
    NULL AS 'PriceBefDi',
    NULL AS 'LineTotal',
    
    CASE WHEN ODPI.DocCur = 'THB' THEN ODPI.VatSum ELSE ODPI.VatSumFC END AS 'VatSum',
    CASE WHEN ODPI.DocCur = 'THB' THEN ODPI.DocTotal ELSE ODPI.DocTotalFC END AS 'DocTotal',
    CASE WHEN ODPI.DocCur = 'THB' THEN ODPI.DpmAmnt ELSE ODPI.DpmAmntFC END AS 'DpmAmnt',
    
    (SELECT CASE WHEN ODPI.DocCur = 'THB' THEN SUM(L.LineTotal) ELSE SUM(L.TotalFrgn) END
        FROM DPI1 L WHERE L.DocEntry = ODPI.DocEntry
    ) AS 'Sum_LineTotal_All',
    
    ODPI.dpmprcnt,
    RCT1.CheckNum,
    RCT1.[CheckSum],
    RCT1.DueDate AS 'Check Date',
    SUM(ORCT.CashSum) OVER() AS 'CashSum',
    SUM(ORCT.TrsfrSum) OVER() AS 'TrsfrSum',
    ODSC.BankName,
    'T' AS 'LineType',
    OCPR.Name,
    OCPR.Cellolar AS 'Tel1',
    OCPR.E_MailL AS 'E_MailL_2',
    QPJ.Project,
    
    COALESCE(DPI1.VisOrder, -1) AS 'Sort_VisOrder',
    1 AS 'Sort_IsText',
    DPI10.LineSeq AS 'Sort_Seq'

FROM ODPI
INNER JOIN DPI10 ON ODPI.DocEntry = DPI10.DocEntry
LEFT JOIN DPI1 ON DPI10.DocEntry = DPI1.DocEntry AND DPI10.AftLineNum = DPI1.LineNum
OUTER APPLY (
    SELECT TOP 1 P.Project 
    FROM DPI1 P 
    WHERE P.DocEntry = ODPI.DocEntry 
      AND P.Project IS NOT NULL 
      AND P.Project <> ''
) QPJ
LEFT JOIN DPI12 ON ODPI.DocEntry = DPI12.DocEntry
LEFT JOIN NNM1 ON ODPI.Series = NNM1.Series 
LEFT JOIN OCRD ON ODPI.CardCode = OCRD.CardCode 
LEFT JOIN OCPR ON ODPI.CntctCode = OCPR.CntctCode
LEFT JOIN CRD1 ON (OCRD.CardCode = CRD1.CardCode AND ODPI.PayToCode = CRD1.[Address] AND CRD1.AdresType ='B')
LEFT JOIN OSLP ON ODPI.SlpCode = OSLP.SlpCode 
LEFT JOIN OCTG ON ODPI.GroupNum = OCTG.GroupNum 
LEFT JOIN OHEM ON ODPI.OwnerCode = OHEM.empID
LEFT JOIN OUSR ON ODPI.UserSign = OUSR.USERID
LEFT JOIN OPRJ ON QPJ.Project = OPRJ.PrjCode 
LEFT JOIN ORCT ON ODPI.ReceiptNum = ORCT.DocEntry
LEFT JOIN RCT1 ON ORCT.DocEntry = RCT1.DocNum
LEFT JOIN RCT2 ON ORCT.DocNum = RCT2.DocEntry
LEFT JOIN ODSC ON RCT1.BankCode = ODSC.BankCode
LEFT JOIN [dbo].[@SLDT_SET_BRANCH] BRANCH ON ODPI.U_SLD_LVatBranch = BRANCH.Code 
CROSS JOIN OADM

WHERE ODPI.DocEntry  = {?DocKey@}
  AND {?ObjectId@} = '203'

UNION ALL
-- ========================================================
-- 2.1 item rows of the draft document (ODRF)
-- ========================================================
SELECT DISTINCT
    CRD1.Street     AS '1Bill',
    CRD1.State        AS StateB,
    CRD1.StreetNo   AS '2Bill',
    CRD1.Block      AS '3Bill',
    CRD1.City       AS '4Bill',
    CRD1.County     AS '5Bill',
    CRD1.ZipCode    AS '6Bill',
    DPI12.StreetS     AS '1Ship',
    DPI12.StreetNoS   AS '2Ship',
    DPI12.BlockS      AS '3Ship',
    DPI12.CityS       AS '4Ship',
    DPI12.CountyS     AS '5Ship',
    DPI12.ZipCodeS    AS '6Ship',
    
    OCPR.Cellolar AS 'Phone2_Format',
    OCPR.E_MailL,
    OCPR.Name AS 'Coontact',
    
    CASE 
        WHEN BRANCH.Code = '00000' AND ODPI.DocCur = OADM.MainCurncy THEN N'สำนักงานใหญ่'
        WHEN BRANCH.Code = '00000' AND ODPI.DocCur <> OADM.MainCurncy THEN 'Head office'
        WHEN BRANCH.Code <> '00000' AND ODPI.DocCur = OADM.MainCurncy THEN concat(N'สาขาที่' ,' ',BRANCH.Code)
        WHEN BRANCH.Code <> '00000' AND ODPI.DocCur <> OADM.MainCurncy THEN concat('Branch' ,' ',BRANCH.Code)
    END AS 'GLN_H',
    
    CASE 
        WHEN CRD1.GlblLocNum = '00000' AND ODPI.DocCur = OADM.MainCurncy THEN N'(สำนักงานใหญ่)'
        WHEN CRD1.GlblLocNum = '00000' AND ODPI.DocCur <> OADM.MainCurncy THEN '(Head office)'
        WHEN CRD1.GlblLocNum <> '00000' AND ODPI.DocCur = OADM.MainCurncy THEN concat(N'(สาขาที่' ,' ',CRD1.GlblLocNum,')')
        WHEN CRD1.GlblLocNum <> '00000' AND ODPI.DocCur <> OADM.MainCurncy THEN concat('(Branch' ,' ',CRD1.GlblLocNum,')')
        WHEN CRD1.GlblLocNum = '' OR CRD1.GlblLocNum IS NULL THEN ''
    END AS 'GLN_BP',
    
    CASE
        WHEN ODPI.Printed = 'N' AND ODPI.DocCur <> OADM.MainCurncy THEN 'Original'
        WHEN ODPI.Printed = 'N' AND ODPI.DocCur = OADM.MainCurncy THEN N'ต้นฉบับ'
        WHEN ODPI.Printed = 'Y' AND ODPI.DocCur <> OADM.MainCurncy THEN 'Copy'
        WHEN ODPI.Printed = 'Y' AND ODPI.DocCur = OADM.MainCurncy THEN N'สำเนา'
    END AS 'Print Status',
    
    NNM1.BeginStr,
    ODPI.DocEntry,
    ODPI.DocNum,
    ODPI.DocDate,
    ODPI.CardCode,
    DPI1.unitmsr,
    ODPI.NumAtCard,
    
    (DPI1.VisOrder + 1) AS 'No.',
    DPI1.LineNum AS 'Line No.',
    
    ODPI.[Address],
    OCRD.U_SLD_Title,
    OCRD.U_SLD_FullName,
    CRD1.GlblLocNum,
    OCRD.Phone1,
    ISNULL(OCRD.Phone2,'') AS 'Phone2',
    OCRD.Fax,
    ODPI.LicTradNum,
    OCTG.PymntGroup,
    ODPI.DocDueDate,
    DPI1.ItemCode,
    DPI1.Dscription AS 'Dscription',
    DPI1.Quantity,
    ODPI.Comments,
    ODPI.DocCur,
    
    DPI1.PriceBefDi AS 'PriceBefDi',
    CASE 
        WHEN ODPI.DocCur = 'THB' THEN DPI1.LineTotal 
        ELSE DPI1.TotalFrgn 
    END AS 'LineTotal',
    
    CASE WHEN ODPI.DocCur = 'THB' THEN ODPI.VatSum ELSE ODPI.VatSumFC END AS 'VatSum',
    CASE WHEN ODPI.DocCur = 'THB' THEN ODPI.DocTotal ELSE ODPI.DocTotalFC END AS 'DocTotal',
    CASE WHEN ODPI.DocCur = 'THB' THEN ODPI.DpmAmnt ELSE ODPI.DpmAmntFC END AS 'DpmAmnt',
    
    (SELECT CASE WHEN ODPI.DocCur = 'THB' THEN SUM(L.LineTotal) ELSE SUM(L.TotalFrgn) END
        FROM DRF1 L WHERE L.DocEntry = ODPI.DocEntry
    ) AS 'Sum_LineTotal_All',
    
    ODPI.dpmprcnt,
    RCT1.CheckNum,
    RCT1.[CheckSum],
    RCT1.DueDate AS 'Check Date',
    CAST(NULL AS NUMERIC(19,6)) AS 'CashSum',
    CAST(NULL AS NUMERIC(19,6)) AS 'TrsfrSum',
    ODSC.BankName,
    DPI1.LineType,
    OCPR.Name,
    OCPR.Cellolar AS 'Tel1',
    OCPR.E_MailL AS 'E_MailL_2',
    QPJ.Project,
    DPI1.VisOrder AS 'Sort_VisOrder',
    0 AS 'Sort_IsText',
    0 AS 'Sort_Seq'

FROM ODRF ODPI
INNER JOIN DRF1 DPI1 ON ODPI.DocEntry = DPI1.DocEntry
OUTER APPLY (
    SELECT TOP 1 P.Project 
    FROM DRF1 P 
    WHERE P.DocEntry = ODPI.DocEntry 
      AND P.Project IS NOT NULL 
      AND P.Project <> ''
) QPJ
LEFT JOIN DRF12 DPI12 ON ODPI.DocEntry = DPI12.DocEntry
LEFT JOIN NNM1 ON ODPI.Series = NNM1.Series 
LEFT JOIN OCRD ON ODPI.CardCode = OCRD.CardCode 
LEFT JOIN OCPR ON ODPI.CntctCode = OCPR.CntctCode
LEFT JOIN CRD1 ON (OCRD.CardCode = CRD1.CardCode AND ODPI.PayToCode = CRD1.[Address] AND CRD1.AdresType ='B')
LEFT JOIN OSLP ON ODPI.SlpCode = OSLP.SlpCode 
LEFT JOIN OCTG ON ODPI.GroupNum = OCTG.GroupNum 
LEFT JOIN OHEM ON ODPI.OwnerCode = OHEM.empID
LEFT JOIN OUSR ON ODPI.UserSign = OUSR.USERID
LEFT JOIN OPRJ ON QPJ.Project = OPRJ.PrjCode 
LEFT JOIN ORCT ON ODPI.ReceiptNum = ORCT.DocEntry
LEFT JOIN RCT1 ON ORCT.DocEntry = RCT1.DocNum
LEFT JOIN RCT2 ON ORCT.DocNum = RCT2.DocEntry
LEFT JOIN ODSC ON RCT1.BankCode = ODSC.BankCode
LEFT JOIN [dbo].[@SLDT_SET_BRANCH] BRANCH ON ODPI.U_SLD_LVatBranch = BRANCH.Code 
CROSS JOIN OADM

WHERE ODPI.DocEntry  = {?DocKey@}
  AND {?ObjectId@} = '112' AND ODPI.ObjType = '203'

UNION ALL
-- ========================================================
-- 2.2 text rows (remarks) of the draft document
-- ========================================================
SELECT DISTINCT
    CRD1.Street     AS '1Bill',
    CRD1.State        AS StateB,
    CRD1.StreetNo   AS '2Bill',
    CRD1.Block      AS '3Bill',
    CRD1.City       AS '4Bill',
    CRD1.County     AS '5Bill',
    CRD1.ZipCode    AS '6Bill',
    DPI12.StreetS     AS '1Ship',
    DPI12.StreetNoS   AS '2Ship',
    DPI12.BlockS      AS '3Ship',
    DPI12.CityS       AS '4Ship',
    DPI12.CountyS     AS '5Ship',
    DPI12.ZipCodeS    AS '6Ship',
    OCPR.Cellolar AS 'Phone2_Format',
    OCPR.E_MailL,
    OCPR.Name AS 'Coontact',
    
    CASE 
        WHEN BRANCH.Code = '00000' AND ODPI.DocCur = OADM.MainCurncy THEN N'สำนักงานใหญ่'
        WHEN BRANCH.Code = '00000' AND ODPI.DocCur <> OADM.MainCurncy THEN 'Head office'
        WHEN BRANCH.Code <> '00000' AND ODPI.DocCur = OADM.MainCurncy THEN concat(N'สาขาที่' ,' ',BRANCH.Code)
        WHEN BRANCH.Code <> '00000' AND ODPI.DocCur <> OADM.MainCurncy THEN concat('Branch' ,' ',BRANCH.Code)
    END AS 'GLN_H',
    
    CASE 
        WHEN CRD1.GlblLocNum = '00000' AND ODPI.DocCur = OADM.MainCurncy THEN N'(สำนักงานใหญ่)'
        WHEN CRD1.GlblLocNum = '00000' AND ODPI.DocCur <> OADM.MainCurncy THEN '(Head office)'
        WHEN CRD1.GlblLocNum <> '00000' AND ODPI.DocCur = OADM.MainCurncy THEN concat(N'(สาขาที่' ,' ',CRD1.GlblLocNum,')')
        WHEN CRD1.GlblLocNum <> '00000' AND ODPI.DocCur <> OADM.MainCurncy THEN concat('(Branch' ,' ',CRD1.GlblLocNum,')')
        WHEN CRD1.GlblLocNum = '' OR CRD1.GlblLocNum IS NULL THEN ''
    END AS 'GLN_BP',
    
    CASE
        WHEN ODPI.Printed = 'N' AND ODPI.DocCur <> OADM.MainCurncy THEN 'Original'
        WHEN ODPI.Printed = 'N' AND ODPI.DocCur = OADM.MainCurncy THEN N'ต้นฉบับ'
        WHEN ODPI.Printed = 'Y' AND ODPI.DocCur <> OADM.MainCurncy THEN 'Copy'
        WHEN ODPI.Printed = 'Y' AND ODPI.DocCur = OADM.MainCurncy THEN N'สำเนา'
    END AS 'Print Status',
    
    NNM1.BeginStr,
    ODPI.DocEntry,
    ODPI.DocNum,
    ODPI.DocDate,
    ODPI.CardCode,
    NULL AS 'unitmsr',
    ODPI.NumAtCard,
    CAST(NULL AS INT) AS 'No.',
    DPI1.LineNum AS 'Line No.',
    ODPI.[Address],
    OCRD.U_SLD_Title,
    OCRD.U_SLD_FullName,
    CRD1.GlblLocNum,
    OCRD.Phone1,
    ISNULL(OCRD.Phone2,'') AS 'Phone2',
    OCRD.Fax,
    ODPI.LicTradNum,
    OCTG.PymntGroup,
    ODPI.DocDueDate,
    NULL AS 'ItemCode',
    CAST(DPI10.LineText AS NVARCHAR(4000)) AS 'Dscription',
    NULL AS 'Quantity',
    ODPI.Comments,
    ODPI.DocCur,
    NULL AS 'PriceBefDi',
    NULL AS 'LineTotal',
    
    CASE WHEN ODPI.DocCur = 'THB' THEN ODPI.VatSum ELSE ODPI.VatSumFC END AS 'VatSum',
    CASE WHEN ODPI.DocCur = 'THB' THEN ODPI.DocTotal ELSE ODPI.DocTotalFC END AS 'DocTotal',
    CASE WHEN ODPI.DocCur = 'THB' THEN ODPI.DpmAmnt ELSE ODPI.DpmAmntFC END AS 'DpmAmnt',
    
    (SELECT CASE WHEN ODPI.DocCur = 'THB' THEN SUM(L.LineTotal) ELSE SUM(L.TotalFrgn) END
        FROM DRF1 L WHERE L.DocEntry = ODPI.DocEntry
    ) AS 'Sum_LineTotal_All',
    
    ODPI.dpmprcnt,
    RCT1.CheckNum,
    RCT1.[CheckSum],
    RCT1.DueDate AS 'Check Date',
    CAST(NULL AS NUMERIC(19,6)) AS 'CashSum',
    CAST(NULL AS NUMERIC(19,6)) AS 'TrsfrSum',
    ODSC.BankName,
    'T' AS 'LineType',
    OCPR.Name,
    OCPR.Cellolar AS 'Tel1',
    OCPR.E_MailL AS 'E_MailL_2',
    QPJ.Project,
    
    COALESCE(DPI1.VisOrder, -1) AS 'Sort_VisOrder',
    1 AS 'Sort_IsText',
    DPI10.LineSeq AS 'Sort_Seq'

FROM ODRF ODPI
INNER JOIN DRF10 DPI10 ON ODPI.DocEntry = DPI10.DocEntry
LEFT JOIN DRF1 DPI1 ON DPI10.DocEntry = DPI1.DocEntry AND DPI10.AftLineNum = DPI1.LineNum
OUTER APPLY (
    SELECT TOP 1 P.Project 
    FROM DRF1 P 
    WHERE P.DocEntry = ODPI.DocEntry 
      AND P.Project IS NOT NULL 
      AND P.Project <> ''
) QPJ
LEFT JOIN DRF12 DPI12 ON ODPI.DocEntry = DPI12.DocEntry
LEFT JOIN NNM1 ON ODPI.Series = NNM1.Series 
LEFT JOIN OCRD ON ODPI.CardCode = OCRD.CardCode 
LEFT JOIN OCPR ON ODPI.CntctCode = OCPR.CntctCode
LEFT JOIN CRD1 ON (OCRD.CardCode = CRD1.CardCode AND ODPI.PayToCode = CRD1.[Address] AND CRD1.AdresType ='B')
LEFT JOIN OSLP ON ODPI.SlpCode = OSLP.SlpCode 
LEFT JOIN OCTG ON ODPI.GroupNum = OCTG.GroupNum 
LEFT JOIN OHEM ON ODPI.OwnerCode = OHEM.empID
LEFT JOIN OUSR ON ODPI.UserSign = OUSR.USERID
LEFT JOIN OPRJ ON QPJ.Project = OPRJ.PrjCode 
LEFT JOIN ORCT ON ODPI.ReceiptNum = ORCT.DocEntry
LEFT JOIN RCT1 ON ORCT.DocEntry = RCT1.DocNum
LEFT JOIN RCT2 ON ORCT.DocNum = RCT2.DocEntry
LEFT JOIN ODSC ON RCT1.BankCode = ODSC.BankCode
LEFT JOIN [dbo].[@SLDT_SET_BRANCH] BRANCH ON ODPI.U_SLD_LVatBranch = BRANCH.Code 
CROSS JOIN OADM

WHERE ODPI.DocEntry  = {?DocKey@}
  AND {?ObjectId@} = '112' AND ODPI.ObjType = '203'

) T0
ORDER BY T0.[Sort_VisOrder] ASC, T0.[Sort_IsText] ASC, T0.[Sort_Seq] ASC
[2026-09-09 17:19:13][INFO] Alias filter: AR_DownPayment
[2026-09-09 17:19:13][INFO] Matched 1 report file(s).
[2026-09-09 17:19:13][INFO] --> C:\GitHub\SDA\Form-Layout_SDA\2. Sales - AR\5. AR Down Payment Invoice\2. AR Down Payment Invoice_DIS\1.AR Down Payment_ใบเสร็จรับเงินมัดจำ\1.AR Down Payment_Dis ใบเสร็จรับเงินมัดจำ.rpt
[2026-09-09 17:19:14][HIT]     [main] AR_DownPayment: 1 match(es)  (sqlLen=20336, fields=64)
[2026-09-09 17:19:14][OK]         User ID forced to 'sa'
[2026-09-09 17:19:15][OK]         [main] Address: User ID stamped 'sa' (SQL unchanged)
[2026-09-09 17:19:15][OK]         [main] Create: User ID stamped 'sa' (SQL unchanged)
[2026-09-09 17:19:15][OK]         [main] Command: User ID stamped 'sa' (SQL unchanged)
[2026-09-09 17:19:15][OK]     saved (1 replacement(s) in 1 table(s))
[2026-09-09 17:19:16][OK]     verified on disk: 4 command table(s)
[2026-09-09 17:19:16][INFO] ==============================================================
[2026-09-09 17:19:16][INFO] SUMMARY mode=APPLY  filesScanned=1  filesTouched=1  tablesTouched=1  replacements=1  fieldDiff=0  connDiff=0  userLost=0  errCount=0
[2026-09-09 17:19:16][INFO] USER ID ROUTES  keepuser=0  forced=4  fallback=0  noUserToStart=0
[2026-09-09 17:19:16][INFO] ==============================================================
[2026-09-09 17:19:24][INFO] === Edit-CommandSQL start  mode=APPLY ===
[2026-09-09 17:19:24][INFO] Root=C:\GitHub\SDA\Form-Layout_SDA\2. Sales - AR\5. AR Down Payment Invoice\2. AR Down Payment Invoice_DIS\1.AR Down Payment_ใบเสร็จรับเงินมัดจำ\1.AR Down Payment_Dis_ENG ใบเสร็จรับเงินมัดจำ.rpt
[2026-09-09 17:19:24][INFO] Pattern=(?s)\A.*\z
[2026-09-09 17:19:24][INFO] Replacement=-- RPT: 2. Sales - AR\5. AR Down Payment Invoice\1.AR Down Payment_ใบเสร็จรับเงินมัดจำ\1.AR Down Payment_ENG_ปกติ ใบเสร็จรับเงินมัดจำ.rpt
-- SCOPE: main
-- ALIAS: AR_DownPayment
-- FIELDS: 63
-- ---------------------------------------------------------------
SELECT T0.*
FROM (
-- ========================================================
-- 1.1 item rows of the real document (ODPI)
-- ========================================================
SELECT DISTINCT
    CRD1.Street     AS '1Bill',
    CRD1.State        AS StateB,
    OCRY.Name         AS 'CountryName',
    CRD1.StreetNo   AS '2Bill',
    CRD1.Block      AS '3Bill',
    CRD1.City       AS '4Bill',
    CRD1.County     AS '5Bill',
    CRD1.ZipCode    AS '6Bill',
    DPI12.StreetS     AS '1Ship',
    DPI12.StreetNoS   AS '2Ship',
    DPI12.BlockS      AS '3Ship',
    DPI12.CityS       AS '4Ship',
    DPI12.CountyS     AS '5Ship',
    DPI12.ZipCodeS    AS '6Ship',
    
    CASE 
        WHEN OCRD.Phone2 IS NULL THEN ''
        WHEN OCRD.Phone2 IS NOT NULL THEN ', ' + OCRD.Phone2
    END AS 'Phone2',
    OCPR.Name AS 'Coontact',
    
    CASE 
        WHEN BRANCH.Code = '00000' AND ODPI.DocCur = OADM.MainCurncy THEN N'สำนักงานใหญ่'
        WHEN BRANCH.Code = '00000' AND ODPI.DocCur <> OADM.MainCurncy THEN 'Head office'
        WHEN BRANCH.Code <> '00000' AND ODPI.DocCur = OADM.MainCurncy THEN concat(N'สาขาที่' ,' ',BRANCH.Code)
        WHEN BRANCH.Code <> '00000' AND ODPI.DocCur <> OADM.MainCurncy THEN concat('Branch' ,' ',BRANCH.Code)
    END AS 'GLN_H',
    
    CASE 
        WHEN CRD1.GlblLocNum = '00000' AND ODPI.DocCur = OADM.MainCurncy THEN N'(สำนักงานใหญ่)'
        WHEN CRD1.GlblLocNum = '00000' AND ODPI.DocCur <> OADM.MainCurncy THEN '(Head office)'
        WHEN CRD1.GlblLocNum <> '00000' AND ODPI.DocCur = OADM.MainCurncy THEN concat(N'(สาขาที่' ,' ',CRD1.GlblLocNum,')')
        WHEN CRD1.GlblLocNum <> '00000' AND ODPI.DocCur <> OADM.MainCurncy THEN concat('(Branch' ,' ',CRD1.GlblLocNum,')')
        WHEN CRD1.GlblLocNum = '' OR CRD1.GlblLocNum IS NULL THEN ''
    END AS 'GLN_BP',
    
    CASE
        WHEN ODPI.Printed = 'N' AND ODPI.DocCur <> OADM.MainCurncy THEN 'Original'
        WHEN ODPI.Printed = 'N' AND ODPI.DocCur = OADM.MainCurncy THEN N'ต้นฉบับ'
        WHEN ODPI.Printed = 'Y' AND ODPI.DocCur <> OADM.MainCurncy THEN 'Copy'
        WHEN ODPI.Printed = 'Y' AND ODPI.DocCur = OADM.MainCurncy THEN N'สำเนา'
    END AS 'Print Status',
    
    NNM1.BeginStr,
    ODPI.DocEntry,
    ODPI.DocNum,
    ODPI.DocDate,
    ODPI.CardCode,
    DPI1.unitmsr,
    ODPI.NumAtCard,
    
    (DPI1.VisOrder + 1) AS 'No.',
    DPI1.LineNum AS 'Line No.',
    
    ODPI.[Address],
    OCRD.U_SLD_Title,
    OCRD.U_SLD_FullName,
    CRD1.GlblLocNum,
    OCRD.Phone1,
    ISNULL(OCRD.Phone2,'') AS 'Phone2_2',
    OCRD.Fax,
    ODPI.LicTradNum,
    
    CASE 
         WHEN OCTG.PymntGroup = N'เงินสด' THEN 'Cash'
         WHEN OCTG.PymntGroup = N'120 วัน' THEN '120 Days'
         WHEN OCTG.PymntGroup = N'90 วัน' THEN '90 Days'
         WHEN OCTG.PymntGroup = N'60 วัน' THEN '60 Days'
         WHEN OCTG.PymntGroup = N'45 วัน' THEN '45 Days'
         WHEN OCTG.PymntGroup = N'30 วัน' THEN '30 Days'
         WHEN OCTG.PymntGroup = N'15 วัน' THEN '15 Days'
         WHEN OCTG.PymntGroup = N'7 วัน' THEN '7 Days'
         WHEN OCTG.PymntGroup = N'3 วัน' THEN '3 Days'
    END AS 'PaymentEng',
    
    ODPI.DocDueDate,
    DPI1.ItemCode,
    DPI1.Dscription AS 'Dscription',
    DPI1.Quantity,
    ODPI.Comments,
    ODPI.DocCur,

    DPI1.PriceBefDi AS 'PriceBefDi',
    
    CASE 
        WHEN ODPI.DocCur = 'THB' THEN DPI1.LineTotal 
        ELSE DPI1.TotalFrgn 
    END AS 'LineTotal',
    
    CASE WHEN ODPI.DocCur = 'THB' THEN ODPI.VatSum ELSE ODPI.VatSumFC END AS 'VatSum',
    CASE WHEN ODPI.DocCur = 'THB' THEN ODPI.DocTotal ELSE ODPI.DocTotalFC END AS 'DocTotal',
    CASE WHEN ODPI.DocCur = 'THB' THEN ODPI.DpmAmnt ELSE ODPI.DpmAmntFC END AS 'DpmAmnt',
    
    (SELECT CASE WHEN ODPI.DocCur = 'THB' THEN SUM(L.LineTotal) ELSE SUM(L.TotalFrgn) END
        FROM DPI1 L WHERE L.DocEntry = ODPI.DocEntry
    ) AS 'Sum_LineTotal_All',
    
    ODPI.dpmprcnt,
    RCT1.CheckNum,
    RCT1.[CheckSum],
    RCT1.DueDate AS 'Check Date',
    (SELECT CASE WHEN ODPI.DocCur = 'THB' THEN SUM(L.LineTotal) ELSE SUM(L.TotalFrgn) END FROM DPI1 L WHERE L.DocEntry = ODPI.DocEntry) AS 'CashSum',
    SUM(ORCT.TrsfrSum) OVER(PARTITION BY ODPI.DocEntry) AS 'TrsfrSum',
    ODSC.BankName,
    DPI1.LineType,
    OSLP.U_Name_Foreign AS 'Name',
    OCPR.Cellolar AS 'Tel1',
    OCPR.E_MailL,
    QPJ.Project,
    ISNULL(NULLIF(OUOM.U_SLD_Uomforeign,''), DPI1.UomCode) AS UgpCode,
    DPI1.VisOrder AS 'Sort_VisOrder',
    0 AS 'Sort_IsText',
    0 AS 'Sort_Seq'

FROM ODPI
INNER JOIN DPI1 ON ODPI.DocEntry = DPI1.DocEntry
OUTER APPLY (
    SELECT TOP 1 P.Project 
    FROM DPI1 P 
    WHERE P.DocEntry = ODPI.DocEntry 
      AND P.Project IS NOT NULL 
      AND P.Project <> ''
) QPJ
LEFT JOIN DPI12 ON ODPI.DocEntry = DPI12.DocEntry
LEFT JOIN NNM1 ON ODPI.Series = NNM1.Series 
LEFT JOIN OCRD ON ODPI.CardCode = OCRD.CardCode 
LEFT JOIN OCPR ON ODPI.CntctCode = OCPR.CntctCode
LEFT JOIN CRD1 ON (OCRD.CardCode = CRD1.CardCode AND ODPI.PayToCode = CRD1.[Address] AND CRD1.AdresType ='B')
LEFT JOIN OCRY ON CRD1.Country = OCRY.Code
LEFT JOIN OSLP ON ODPI.SlpCode = OSLP.SlpCode 
LEFT JOIN OCTG ON ODPI.GroupNum = OCTG.GroupNum 
LEFT JOIN OHEM ON ODPI.OwnerCode = OHEM.empID
LEFT JOIN OUSR ON ODPI.UserSign = OUSR.USERID
LEFT JOIN OPRJ ON QPJ.Project = OPRJ.PrjCode 
LEFT JOIN ORCT ON ODPI.ReceiptNum = ORCT.DocEntry
LEFT JOIN RCT1 ON ORCT.DocEntry = RCT1.DocNum
LEFT JOIN RCT2 ON ORCT.DocNum = RCT2.DocEntry
LEFT JOIN ODSC ON RCT1.BankCode = ODSC.BankCode
LEFT JOIN OITM ON DPI1.ItemCode = OITM.ItemCode
LEFT JOIN OUOM ON DPI1.UomCode = OUOM.UomCode
LEFT JOIN [dbo].[@SLDT_SET_BRANCH] BRANCH ON ODPI.U_SLD_LVatBranch = BRANCH.Code
CROSS JOIN OADM

WHERE ODPI.DocEntry = {?DocKey@}
  AND {?ObjectId@} = '203'

UNION ALL
-- ========================================================
-- 1.2 text rows (remarks) of the real document
-- ========================================================
SELECT DISTINCT
    CRD1.Street     AS '1Bill',
    CRD1.State        AS StateB,
    OCRY.Name         AS 'CountryName',
    CRD1.StreetNo   AS '2Bill',
    CRD1.Block      AS '3Bill',
    CRD1.City       AS '4Bill',
    CRD1.County     AS '5Bill',
    CRD1.ZipCode    AS '6Bill',
    DPI12.StreetS     AS '1Ship',
    DPI12.StreetNoS   AS '2Ship',
    DPI12.BlockS      AS '3Ship',
    DPI12.CityS       AS '4Ship',
    DPI12.CountyS     AS '5Ship',
    DPI12.ZipCodeS    AS '6Ship',
    
    CASE 
        WHEN OCRD.Phone2 IS NULL THEN ''
        WHEN OCRD.Phone2 IS NOT NULL THEN ', ' + OCRD.Phone2
    END AS 'Phone2',
    OCPR.Name AS 'Coontact',
    
    CASE 
        WHEN BRANCH.Code = '00000' AND ODPI.DocCur = OADM.MainCurncy THEN N'สำนักงานใหญ่'
        WHEN BRANCH.Code = '00000' AND ODPI.DocCur <> OADM.MainCurncy THEN 'Head office'
        WHEN BRANCH.Code <> '00000' AND ODPI.DocCur = OADM.MainCurncy THEN concat(N'สาขาที่' ,' ',BRANCH.Code)
        WHEN BRANCH.Code <> '00000' AND ODPI.DocCur <> OADM.MainCurncy THEN concat('Branch' ,' ',BRANCH.Code)
    END AS 'GLN_H',
    
    CASE 
        WHEN CRD1.GlblLocNum = '00000' AND ODPI.DocCur = OADM.MainCurncy THEN N'(สำนักงานใหญ่)'
        WHEN CRD1.GlblLocNum = '00000' AND ODPI.DocCur <> OADM.MainCurncy THEN '(Head office)'
        WHEN CRD1.GlblLocNum <> '00000' AND ODPI.DocCur = OADM.MainCurncy THEN concat(N'(สาขาที่' ,' ',CRD1.GlblLocNum,')')
        WHEN CRD1.GlblLocNum <> '00000' AND ODPI.DocCur <> OADM.MainCurncy THEN concat('(Branch' ,' ',CRD1.GlblLocNum,')')
        WHEN CRD1.GlblLocNum = '' OR CRD1.GlblLocNum IS NULL THEN ''
    END AS 'GLN_BP',
    
    CASE
        WHEN ODPI.Printed = 'N' AND ODPI.DocCur <> OADM.MainCurncy THEN 'Original'
        WHEN ODPI.Printed = 'N' AND ODPI.DocCur = OADM.MainCurncy THEN N'ต้นฉบับ'
        WHEN ODPI.Printed = 'Y' AND ODPI.DocCur <> OADM.MainCurncy THEN 'Copy'
        WHEN ODPI.Printed = 'Y' AND ODPI.DocCur = OADM.MainCurncy THEN N'สำเนา'
    END AS 'Print Status',
    
    NNM1.BeginStr,
    ODPI.DocEntry,
    ODPI.DocNum,
    ODPI.DocDate,
    ODPI.CardCode,
    NULL AS 'unitmsr',
    ODPI.NumAtCard,
    CAST(NULL AS INT) AS 'No.',
    DPI1.LineNum AS 'Line No.',
    ODPI.[Address],
    OCRD.U_SLD_Title,
    OCRD.U_SLD_FullName,
    CRD1.GlblLocNum,
    OCRD.Phone1,
    ISNULL(OCRD.Phone2,'') AS 'Phone2_2',
    OCRD.Fax,
    ODPI.LicTradNum,
    
    CASE 
         WHEN OCTG.PymntGroup = N'เงินสด' THEN 'Cash'
         WHEN OCTG.PymntGroup = N'120 วัน' THEN '120 Days'
         WHEN OCTG.PymntGroup = N'90 วัน' THEN '90 Days'
         WHEN OCTG.PymntGroup = N'60 วัน' THEN '60 Days'
         WHEN OCTG.PymntGroup = N'45 วัน' THEN '45 Days'
         WHEN OCTG.PymntGroup = N'30 วัน' THEN '30 Days'
         WHEN OCTG.PymntGroup = N'15 วัน' THEN '15 Days'
         WHEN OCTG.PymntGroup = N'7 วัน' THEN '7 Days'
         WHEN OCTG.PymntGroup = N'3 วัน' THEN '3 Days'
    END AS 'PaymentEng',
    
    ODPI.DocDueDate,
    NULL AS 'ItemCode',
    CAST(DPI10.LineText AS NVARCHAR(4000)) AS 'Dscription',
    NULL AS 'Quantity',
    ODPI.Comments,
    ODPI.DocCur,
    NULL AS 'PriceBefDi',
    NULL AS 'LineTotal',
    
    CASE WHEN ODPI.DocCur = 'THB' THEN ODPI.VatSum ELSE ODPI.VatSumFC END AS 'VatSum',
    CASE WHEN ODPI.DocCur = 'THB' THEN ODPI.DocTotal ELSE ODPI.DocTotalFC END AS 'DocTotal',
    CASE WHEN ODPI.DocCur = 'THB' THEN ODPI.DpmAmnt ELSE ODPI.DpmAmntFC END AS 'DpmAmnt',
    
    (SELECT CASE WHEN ODPI.DocCur = 'THB' THEN SUM(L.LineTotal) ELSE SUM(L.TotalFrgn) END
        FROM DPI1 L WHERE L.DocEntry = ODPI.DocEntry
    ) AS 'Sum_LineTotal_All',
    
    ODPI.dpmprcnt,
    RCT1.CheckNum,
    RCT1.[CheckSum],
    RCT1.DueDate AS 'Check Date',
    SUM(ORCT.CashSum) OVER(PARTITION BY ODPI.DocEntry) AS 'CashSum',
    SUM(ORCT.TrsfrSum) OVER(PARTITION BY ODPI.DocEntry) AS 'TrsfrSum',
    ODSC.BankName,
    'T' AS 'LineType',
    OSLP.U_Name_Foreign AS 'Name',
    OCPR.Cellolar AS 'Tel1',
    OCPR.E_MailL,
    QPJ.Project,
    NULL AS UgpCode,
    COALESCE(DPI1.VisOrder, -1) AS 'Sort_VisOrder',
    1 AS 'Sort_IsText',
    DPI10.LineSeq AS 'Sort_Seq'

FROM ODPI
INNER JOIN DPI10 ON ODPI.DocEntry = DPI10.DocEntry
LEFT JOIN DPI1 ON DPI10.DocEntry = DPI1.DocEntry AND DPI10.AftLineNum = DPI1.LineNum
OUTER APPLY (
    SELECT TOP 1 P.Project 
    FROM DPI1 P 
    WHERE P.DocEntry = ODPI.DocEntry 
      AND P.Project IS NOT NULL 
      AND P.Project <> ''
) QPJ
LEFT JOIN DPI12 ON ODPI.DocEntry = DPI12.DocEntry
LEFT JOIN NNM1 ON ODPI.Series = NNM1.Series 
LEFT JOIN OCRD ON ODPI.CardCode = OCRD.CardCode 
LEFT JOIN OCPR ON ODPI.CntctCode = OCPR.CntctCode
LEFT JOIN CRD1 ON (OCRD.CardCode = CRD1.CardCode AND ODPI.PayToCode = CRD1.[Address] AND CRD1.AdresType ='B')
LEFT JOIN OCRY ON CRD1.Country = OCRY.Code
LEFT JOIN OSLP ON ODPI.SlpCode = OSLP.SlpCode 
LEFT JOIN OCTG ON ODPI.GroupNum = OCTG.GroupNum 
LEFT JOIN OHEM ON ODPI.OwnerCode = OHEM.empID
LEFT JOIN OUSR ON ODPI.UserSign = OUSR.USERID
LEFT JOIN OPRJ ON QPJ.Project = OPRJ.PrjCode 
LEFT JOIN ORCT ON ODPI.ReceiptNum = ORCT.DocEntry
LEFT JOIN RCT1 ON ORCT.DocEntry = RCT1.DocNum
LEFT JOIN RCT2 ON ORCT.DocNum = RCT2.DocEntry
LEFT JOIN ODSC ON RCT1.BankCode = ODSC.BankCode
LEFT JOIN [dbo].[@SLDT_SET_BRANCH] BRANCH ON ODPI.U_SLD_LVatBranch = BRANCH.Code
CROSS JOIN OADM

WHERE ODPI.DocEntry = {?DocKey@}
  AND {?ObjectId@} = '203'

UNION ALL
-- ========================================================
-- 2.1 item rows of the draft document (ODRF)
-- ========================================================
SELECT DISTINCT
    CRD1.Street     AS '1Bill',
    CRD1.State        AS StateB,
    OCRY.Name         AS 'CountryName',
    CRD1.StreetNo   AS '2Bill',
    CRD1.Block      AS '3Bill',
    CRD1.City       AS '4Bill',
    CRD1.County     AS '5Bill',
    CRD1.ZipCode    AS '6Bill',
    DPI12.StreetS     AS '1Ship',
    DPI12.StreetNoS   AS '2Ship',
    DPI12.BlockS      AS '3Ship',
    DPI12.CityS       AS '4Ship',
    DPI12.CountyS     AS '5Ship',
    DPI12.ZipCodeS    AS '6Ship',
    
    CASE 
        WHEN OCRD.Phone2 IS NULL THEN ''
        WHEN OCRD.Phone2 IS NOT NULL THEN ', ' + OCRD.Phone2
    END AS 'Phone2',
    OCPR.Name AS 'Coontact',
    
    CASE 
        WHEN BRANCH.Code = '00000' AND ODPI.DocCur = OADM.MainCurncy THEN N'สำนักงานใหญ่'
        WHEN BRANCH.Code = '00000' AND ODPI.DocCur <> OADM.MainCurncy THEN 'Head office'
        WHEN BRANCH.Code <> '00000' AND ODPI.DocCur = OADM.MainCurncy THEN concat(N'สาขาที่' ,' ',BRANCH.Code)
        WHEN BRANCH.Code <> '00000' AND ODPI.DocCur <> OADM.MainCurncy THEN concat('Branch' ,' ',BRANCH.Code)
    END AS 'GLN_H',
    
    CASE 
        WHEN CRD1.GlblLocNum = '00000' AND ODPI.DocCur = OADM.MainCurncy THEN N'(สำนักงานใหญ่)'
        WHEN CRD1.GlblLocNum = '00000' AND ODPI.DocCur <> OADM.MainCurncy THEN '(Head office)'
        WHEN CRD1.GlblLocNum <> '00000' AND ODPI.DocCur = OADM.MainCurncy THEN concat(N'(สาขาที่' ,' ',CRD1.GlblLocNum,')')
        WHEN CRD1.GlblLocNum <> '00000' AND ODPI.DocCur <> OADM.MainCurncy THEN concat('(Branch' ,' ',CRD1.GlblLocNum,')')
        WHEN CRD1.GlblLocNum = '' OR CRD1.GlblLocNum IS NULL THEN ''
    END AS 'GLN_BP',
    
    CASE
        WHEN ODPI.Printed = 'N' AND ODPI.DocCur <> OADM.MainCurncy THEN 'Original'
        WHEN ODPI.Printed = 'N' AND ODPI.DocCur = OADM.MainCurncy THEN N'ต้นฉบับ'
        WHEN ODPI.Printed = 'Y' AND ODPI.DocCur <> OADM.MainCurncy THEN 'Copy'
        WHEN ODPI.Printed = 'Y' AND ODPI.DocCur = OADM.MainCurncy THEN N'สำเนา'
    END AS 'Print Status',
    
    NNM1.BeginStr,
    ODPI.DocEntry,
    ODPI.DocNum,
    ODPI.DocDate,
    ODPI.CardCode,
    DPI1.unitmsr,
    ODPI.NumAtCard,
    
    (DPI1.VisOrder + 1) AS 'No.',
    DPI1.LineNum AS 'Line No.',
    
    ODPI.[Address],
    OCRD.U_SLD_Title,
    OCRD.U_SLD_FullName,
    CRD1.GlblLocNum,
    OCRD.Phone1,
    ISNULL(OCRD.Phone2,'') AS 'Phone2_2',
    OCRD.Fax,
    ODPI.LicTradNum,
    
    CASE 
         WHEN OCTG.PymntGroup = N'เงินสด' THEN 'Cash'
         WHEN OCTG.PymntGroup = N'120 วัน' THEN '120 Days'
         WHEN OCTG.PymntGroup = N'90 วัน' THEN '90 Days'
         WHEN OCTG.PymntGroup = N'60 วัน' THEN '60 Days'
         WHEN OCTG.PymntGroup = N'45 วัน' THEN '45 Days'
         WHEN OCTG.PymntGroup = N'30 วัน' THEN '30 Days'
         WHEN OCTG.PymntGroup = N'15 วัน' THEN '15 Days'
         WHEN OCTG.PymntGroup = N'7 วัน' THEN '7 Days'
         WHEN OCTG.PymntGroup = N'3 วัน' THEN '3 Days'
    END AS 'PaymentEng',
    
    ODPI.DocDueDate,
    DPI1.ItemCode,
    DPI1.Dscription AS 'Dscription',
    DPI1.Quantity,
    ODPI.Comments,
    ODPI.DocCur,
    
    DPI1.PriceBefDi AS 'PriceBefDi',
    CASE 
        WHEN ODPI.DocCur = 'THB' THEN DPI1.LineTotal 
        ELSE DPI1.TotalFrgn 
    END AS 'LineTotal',
    
    CASE WHEN ODPI.DocCur = 'THB' THEN ODPI.VatSum ELSE ODPI.VatSumFC END AS 'VatSum',
    CASE WHEN ODPI.DocCur = 'THB' THEN ODPI.DocTotal ELSE ODPI.DocTotalFC END AS 'DocTotal',
    CASE WHEN ODPI.DocCur = 'THB' THEN ODPI.DpmAmnt ELSE ODPI.DpmAmntFC END AS 'DpmAmnt',
    
    (SELECT CASE WHEN ODPI.DocCur = 'THB' THEN SUM(L.LineTotal) ELSE SUM(L.TotalFrgn) END
        FROM DRF1 L WHERE L.DocEntry = ODPI.DocEntry
    ) AS 'Sum_LineTotal_All',
    
    ODPI.dpmprcnt,
    RCT1.CheckNum,
    RCT1.[CheckSum],
    RCT1.DueDate AS 'Check Date',
    CAST(NULL AS NUMERIC(19,6)) AS 'CashSum',
    CAST(NULL AS NUMERIC(19,6)) AS 'TrsfrSum',
    ODSC.BankName,
    DPI1.LineType,
    OSLP.U_Name_Foreign AS 'Name',
    OCPR.Cellolar AS 'Tel1',
    OCPR.E_MailL,
    QPJ.Project,
    ISNULL(NULLIF(OUOM.U_SLD_Uomforeign,''), DPI1.UomCode) AS UgpCode,
    DPI1.VisOrder AS 'Sort_VisOrder',
    0 AS 'Sort_IsText',
    0 AS 'Sort_Seq'

FROM ODRF ODPI
INNER JOIN DRF1 DPI1 ON ODPI.DocEntry = DPI1.DocEntry
OUTER APPLY (
    SELECT TOP 1 P.Project 
    FROM DRF1 P 
    WHERE P.DocEntry = ODPI.DocEntry 
      AND P.Project IS NOT NULL 
      AND P.Project <> ''
) QPJ
LEFT JOIN DRF12 DPI12 ON ODPI.DocEntry = DPI12.DocEntry
LEFT JOIN NNM1 ON ODPI.Series = NNM1.Series 
LEFT JOIN OCRD ON ODPI.CardCode = OCRD.CardCode 
LEFT JOIN OCPR ON ODPI.CntctCode = OCPR.CntctCode
LEFT JOIN CRD1 ON (OCRD.CardCode = CRD1.CardCode AND ODPI.PayToCode = CRD1.[Address] AND CRD1.AdresType ='B')
LEFT JOIN OCRY ON CRD1.Country = OCRY.Code
LEFT JOIN OSLP ON ODPI.SlpCode = OSLP.SlpCode 
LEFT JOIN OCTG ON ODPI.GroupNum = OCTG.GroupNum 
LEFT JOIN OHEM ON ODPI.OwnerCode = OHEM.empID
LEFT JOIN OUSR ON ODPI.UserSign = OUSR.USERID
LEFT JOIN OPRJ ON QPJ.Project = OPRJ.PrjCode 
LEFT JOIN ORCT ON ODPI.ReceiptNum = ORCT.DocEntry
LEFT JOIN RCT1 ON ORCT.DocEntry = RCT1.DocNum
LEFT JOIN RCT2 ON ORCT.DocNum = RCT2.DocEntry
LEFT JOIN ODSC ON RCT1.BankCode = ODSC.BankCode
LEFT JOIN OITM ON DPI1.ItemCode = OITM.ItemCode
LEFT JOIN OUOM ON DPI1.UomCode = OUOM.UomCode
LEFT JOIN [dbo].[@SLDT_SET_BRANCH] BRANCH ON ODPI.U_SLD_LVatBranch = BRANCH.Code
CROSS JOIN OADM

WHERE ODPI.DocEntry = {?DocKey@}
  AND {?ObjectId@} = '112' AND ODPI.ObjType = '203'

UNION ALL
-- ========================================================
-- 2.2 text rows (remarks) of the draft document
-- ========================================================
SELECT DISTINCT
    CRD1.Street     AS '1Bill',
    CRD1.State        AS StateB,
    OCRY.Name         AS 'CountryName',
    CRD1.StreetNo   AS '2Bill',
    CRD1.Block      AS '3Bill',
    CRD1.City       AS '4Bill',
    CRD1.County     AS '5Bill',
    CRD1.ZipCode    AS '6Bill',
    DPI12.StreetS     AS '1Ship',
    DPI12.StreetNoS   AS '2Ship',
    DPI12.BlockS      AS '3Ship',
    DPI12.CityS       AS '4Ship',
    DPI12.CountyS     AS '5Ship',
    DPI12.ZipCodeS    AS '6Ship',
    
    CASE 
        WHEN OCRD.Phone2 IS NULL THEN ''
        WHEN OCRD.Phone2 IS NOT NULL THEN ', ' + OCRD.Phone2
    END AS 'Phone2',
    OCPR.Name AS 'Coontact',
    
    CASE 
        WHEN BRANCH.Code = '00000' AND ODPI.DocCur = OADM.MainCurncy THEN N'สำนักงานใหญ่'
        WHEN BRANCH.Code = '00000' AND ODPI.DocCur <> OADM.MainCurncy THEN 'Head office'
        WHEN BRANCH.Code <> '00000' AND ODPI.DocCur = OADM.MainCurncy THEN concat(N'สาขาที่' ,' ',BRANCH.Code)
        WHEN BRANCH.Code <> '00000' AND ODPI.DocCur <> OADM.MainCurncy THEN concat('Branch' ,' ',BRANCH.Code)
    END AS 'GLN_H',
    
    CASE 
        WHEN CRD1.GlblLocNum = '00000' AND ODPI.DocCur = OADM.MainCurncy THEN N'(สำนักงานใหญ่)'
        WHEN CRD1.GlblLocNum = '00000' AND ODPI.DocCur <> OADM.MainCurncy THEN '(Head office)'
        WHEN CRD1.GlblLocNum <> '00000' AND ODPI.DocCur = OADM.MainCurncy THEN concat(N'(สาขาที่' ,' ',CRD1.GlblLocNum,')')
        WHEN CRD1.GlblLocNum <> '00000' AND ODPI.DocCur <> OADM.MainCurncy THEN concat('(Branch' ,' ',CRD1.GlblLocNum,')')
        WHEN CRD1.GlblLocNum = '' OR CRD1.GlblLocNum IS NULL THEN ''
    END AS 'GLN_BP',
    
    CASE
        WHEN ODPI.Printed = 'N' AND ODPI.DocCur <> OADM.MainCurncy THEN 'Original'
        WHEN ODPI.Printed = 'N' AND ODPI.DocCur = OADM.MainCurncy THEN N'ต้นฉบับ'
        WHEN ODPI.Printed = 'Y' AND ODPI.DocCur <> OADM.MainCurncy THEN 'Copy'
        WHEN ODPI.Printed = 'Y' AND ODPI.DocCur = OADM.MainCurncy THEN N'สำเนา'
    END AS 'Print Status',
    
    NNM1.BeginStr,
    ODPI.DocEntry,
    ODPI.DocNum,
    ODPI.DocDate,
    ODPI.CardCode,
    NULL AS 'unitmsr',
    ODPI.NumAtCard,
    CAST(NULL AS INT) AS 'No.',
    DPI1.LineNum AS 'Line No.',
    ODPI.[Address],
    OCRD.U_SLD_Title,
    OCRD.U_SLD_FullName,
    CRD1.GlblLocNum,
    OCRD.Phone1,
    ISNULL(OCRD.Phone2,'') AS 'Phone2_2',
    OCRD.Fax,
    ODPI.LicTradNum,
    
    CASE 
         WHEN OCTG.PymntGroup = N'เงินสด' THEN 'Cash'
         WHEN OCTG.PymntGroup = N'120 วัน' THEN '120 Days'
         WHEN OCTG.PymntGroup = N'90 วัน' THEN '90 Days'
         WHEN OCTG.PymntGroup = N'60 วัน' THEN '60 Days'
         WHEN OCTG.PymntGroup = N'45 วัน' THEN '45 Days'
         WHEN OCTG.PymntGroup = N'30 วัน' THEN '30 Days'
         WHEN OCTG.PymntGroup = N'15 วัน' THEN '15 Days'
         WHEN OCTG.PymntGroup = N'7 วัน' THEN '7 Days'
         WHEN OCTG.PymntGroup = N'3 วัน' THEN '3 Days'
    END AS 'PaymentEng',
    
    ODPI.DocDueDate,
    NULL AS 'ItemCode',
    CAST(DPI10.LineText AS NVARCHAR(4000)) AS 'Dscription',
    NULL AS 'Quantity',
    ODPI.Comments,
    ODPI.DocCur,
    NULL AS 'PriceBefDi',
    NULL AS 'LineTotal',
    
    CASE WHEN ODPI.DocCur = 'THB' THEN ODPI.VatSum ELSE ODPI.VatSumFC END AS 'VatSum',
    CASE WHEN ODPI.DocCur = 'THB' THEN ODPI.DocTotal ELSE ODPI.DocTotalFC END AS 'DocTotal',
    CASE WHEN ODPI.DocCur = 'THB' THEN ODPI.DpmAmnt ELSE ODPI.DpmAmntFC END AS 'DpmAmnt',
    
    (SELECT CASE WHEN ODPI.DocCur = 'THB' THEN SUM(L.LineTotal) ELSE SUM(L.TotalFrgn) END
        FROM DRF1 L WHERE L.DocEntry = ODPI.DocEntry
    ) AS 'Sum_LineTotal_All',
    
    ODPI.dpmprcnt,
    RCT1.CheckNum,
    RCT1.[CheckSum],
    RCT1.DueDate AS 'Check Date',
    CAST(NULL AS NUMERIC(19,6)) AS 'CashSum',
    CAST(NULL AS NUMERIC(19,6)) AS 'TrsfrSum',
    ODSC.BankName,
    'T' AS 'LineType',
    OSLP.U_Name_Foreign AS 'Name',
    OCPR.Cellolar AS 'Tel1',
    OCPR.E_MailL,
    QPJ.Project,
    NULL AS UgpCode,
    COALESCE(DPI1.VisOrder, -1) AS 'Sort_VisOrder',
    1 AS 'Sort_IsText',
    DPI10.LineSeq AS 'Sort_Seq'

FROM ODRF ODPI
INNER JOIN DRF10 DPI10 ON ODPI.DocEntry = DPI10.DocEntry
LEFT JOIN DRF1 DPI1 ON DPI10.DocEntry = DPI1.DocEntry AND DPI10.AftLineNum = DPI1.LineNum
OUTER APPLY (
    SELECT TOP 1 P.Project 
    FROM DRF1 P 
    WHERE P.DocEntry = ODPI.DocEntry 
      AND P.Project IS NOT NULL 
      AND P.Project <> ''
) QPJ
LEFT JOIN DRF12 DPI12 ON ODPI.DocEntry = DPI12.DocEntry
LEFT JOIN NNM1 ON ODPI.Series = NNM1.Series 
LEFT JOIN OCRD ON ODPI.CardCode = OCRD.CardCode 
LEFT JOIN OCPR ON ODPI.CntctCode = OCPR.CntctCode
LEFT JOIN CRD1 ON (OCRD.CardCode = CRD1.CardCode AND ODPI.PayToCode = CRD1.[Address] AND CRD1.AdresType ='B')
LEFT JOIN OCRY ON CRD1.Country = OCRY.Code
LEFT JOIN OSLP ON ODPI.SlpCode = OSLP.SlpCode 
LEFT JOIN OCTG ON ODPI.GroupNum = OCTG.GroupNum 
LEFT JOIN OHEM ON ODPI.OwnerCode = OHEM.empID
LEFT JOIN OUSR ON ODPI.UserSign = OUSR.USERID
LEFT JOIN OPRJ ON QPJ.Project = OPRJ.PrjCode 
LEFT JOIN ORCT ON ODPI.ReceiptNum = ORCT.DocEntry
LEFT JOIN RCT1 ON ORCT.DocEntry = RCT1.DocNum
LEFT JOIN RCT2 ON ORCT.DocNum = RCT2.DocEntry
LEFT JOIN ODSC ON RCT1.BankCode = ODSC.BankCode
LEFT JOIN [dbo].[@SLDT_SET_BRANCH] BRANCH ON ODPI.U_SLD_LVatBranch = BRANCH.Code 
CROSS JOIN OADM

WHERE ODPI.DocEntry = {?DocKey@}
  AND {?ObjectId@} = '112' AND ODPI.ObjType = '203'

) T0
ORDER BY T0.[Sort_VisOrder] ASC, T0.[Sort_IsText] ASC, T0.[Sort_Seq] ASC
[2026-09-09 17:19:24][INFO] Alias filter: AR_DownPayment
[2026-09-09 17:19:24][INFO] Matched 1 report file(s).
[2026-09-09 17:19:24][INFO] --> C:\GitHub\SDA\Form-Layout_SDA\2. Sales - AR\5. AR Down Payment Invoice\2. AR Down Payment Invoice_DIS\1.AR Down Payment_ใบเสร็จรับเงินมัดจำ\1.AR Down Payment_Dis_ENG ใบเสร็จรับเงินมัดจำ.rpt
[2026-09-09 17:19:25][HIT]     [main] AR_DownPayment: 1 match(es)  (sqlLen=23517, fields=65)
[2026-09-09 17:19:25][OK]         User ID forced to 'sa'
[2026-09-09 17:19:25][OK]         [main] Address: User ID stamped 'sa' (SQL unchanged)
[2026-09-09 17:19:25][OK]         [main] Create: User ID stamped 'sa' (SQL unchanged)
[2026-09-09 17:19:25][OK]         [main] Command: User ID stamped 'sa' (SQL unchanged)
[2026-09-09 17:19:25][OK]     saved (1 replacement(s) in 1 table(s))
[2026-09-09 17:19:25][OK]     verified on disk: 4 command table(s)
[2026-09-09 17:19:25][INFO] ==============================================================
[2026-09-09 17:19:25][INFO] SUMMARY mode=APPLY  filesScanned=1  filesTouched=1  tablesTouched=1  replacements=1  fieldDiff=0  connDiff=0  userLost=0  errCount=0
[2026-09-09 17:19:25][INFO] USER ID ROUTES  keepuser=0  forced=4  fallback=0  noUserToStart=0
[2026-09-09 17:19:25][INFO] ==============================================================
[2026-09-09 17:19:32][INFO] === Edit-CommandSQL start  mode=APPLY ===
[2026-09-09 17:19:32][INFO] Root=C:\GitHub\SDA\Form-Layout_SDA\2. Sales - AR\5. AR Down Payment Invoice\2. AR Down Payment Invoice_DIS\2.AR Down PaymentTax Invoice_ใบเสร็จรับเงินมัดจำใบกำกับภาษี\2.AR Down PaymentTax Invoice_Dis ใบเสร็จรับเงินมัดจำใบกำกับภาษี.rpt
[2026-09-09 17:19:32][INFO] Pattern=(?s)\A.*\z
[2026-09-09 17:19:32][INFO] Replacement=-- RPT: 2. Sales - AR\5. AR Down Payment Invoice\1.AR Down Payment_ใบเสร็จรับเงินมัดจำ\1.AR Down Payment_ปกติ ใบเสร็จรับเงินมัดจำ.rpt
-- SCOPE: main
-- ALIAS: AR_DownPayment
-- FIELDS: 63
-- ---------------------------------------------------------------
SELECT T0.*
FROM (
-- ========================================================
-- 1.1 item rows of the real document (ODPI)
-- ========================================================
SELECT DISTINCT
    CRD1.Street     AS '1Bill',
    CRD1.State        AS StateB,
    CRD1.StreetNo   AS '2Bill',
    CRD1.Block      AS '3Bill',
    CRD1.City       AS '4Bill',
    CRD1.County     AS '5Bill',
    CRD1.ZipCode    AS '6Bill',
    DPI12.StreetS     AS '1Ship',
    DPI12.StreetNoS   AS '2Ship',
    DPI12.BlockS      AS '3Ship',
    DPI12.CityS       AS '4Ship',
    DPI12.CountyS     AS '5Ship',
    DPI12.ZipCodeS    AS '6Ship',
    
    OCPR.Cellolar AS 'Phone2_Format',
    OCPR.E_MailL,
    OCPR.Name AS 'Coontact',
    
    CASE 
        WHEN BRANCH.Code = '00000' AND ODPI.DocCur = OADM.MainCurncy THEN N'สำนักงานใหญ่'
        WHEN BRANCH.Code = '00000' AND ODPI.DocCur <> OADM.MainCurncy THEN 'Head office'
        WHEN BRANCH.Code <> '00000' AND ODPI.DocCur = OADM.MainCurncy THEN concat(N'สาขาที่' ,' ',BRANCH.Code)
        WHEN BRANCH.Code <> '00000' AND ODPI.DocCur <> OADM.MainCurncy THEN concat('Branch' ,' ',BRANCH.Code)
    END AS 'GLN_H',
    
    CASE 
        WHEN CRD1.GlblLocNum = '00000' AND ODPI.DocCur = OADM.MainCurncy THEN N'(สำนักงานใหญ่)'
        WHEN CRD1.GlblLocNum = '00000' AND ODPI.DocCur <> OADM.MainCurncy THEN '(Head office)'
        WHEN CRD1.GlblLocNum <> '00000' AND ODPI.DocCur = OADM.MainCurncy THEN concat(N'(สาขาที่' ,' ',CRD1.GlblLocNum,')')
        WHEN CRD1.GlblLocNum <> '00000' AND ODPI.DocCur <> OADM.MainCurncy THEN concat('(Branch' ,' ',CRD1.GlblLocNum,')')
        WHEN CRD1.GlblLocNum = '' OR CRD1.GlblLocNum IS NULL THEN ''
    END AS 'GLN_BP',
    
    CASE
        WHEN ODPI.Printed = 'N' AND ODPI.DocCur <> OADM.MainCurncy THEN 'Original'
        WHEN ODPI.Printed = 'N' AND ODPI.DocCur = OADM.MainCurncy THEN N'ต้นฉบับ'
        WHEN ODPI.Printed = 'Y' AND ODPI.DocCur <> OADM.MainCurncy THEN 'Copy'
        WHEN ODPI.Printed = 'Y' AND ODPI.DocCur = OADM.MainCurncy THEN N'สำเนา'
    END AS 'Print Status',
    
    NNM1.BeginStr,
    ODPI.DocEntry,
    ODPI.DocNum,
    ODPI.DocDate,
    ODPI.CardCode,
    DPI1.unitmsr,
    ODPI.NumAtCard,
    
    (DPI1.VisOrder + 1) AS 'No.',
    DPI1.LineNum AS 'Line No.',
    
    ODPI.[Address],
    OCRD.U_SLD_Title,
    OCRD.U_SLD_FullName,
    CRD1.GlblLocNum,
    OCRD.Phone1,
    ISNULL(OCRD.Phone2,'') AS 'Phone2',
    OCRD.Fax,
    ODPI.LicTradNum,
    OCTG.PymntGroup,
    ODPI.DocDueDate,
    DPI1.ItemCode,
    DPI1.Dscription AS 'Dscription',
    DPI1.Quantity,
    ODPI.Comments,
    ODPI.DocCur,

    DPI1.PriceBefDi AS 'PriceBefDi',
    
    CASE 
        WHEN ODPI.DocCur = 'THB' THEN DPI1.LineTotal 
        ELSE DPI1.TotalFrgn 
    END AS 'LineTotal',
    
    CASE WHEN ODPI.DocCur = 'THB' THEN ODPI.VatSum ELSE ODPI.VatSumFC END AS 'VatSum',
    CASE WHEN ODPI.DocCur = 'THB' THEN ODPI.DocTotal ELSE ODPI.DocTotalFC END AS 'DocTotal',
    CASE WHEN ODPI.DocCur = 'THB' THEN ODPI.DpmAmnt ELSE ODPI.DpmAmntFC END AS 'DpmAmnt',
    
    (SELECT CASE WHEN ODPI.DocCur = 'THB' THEN SUM(L.LineTotal) ELSE SUM(L.TotalFrgn) END
        FROM DPI1 L WHERE L.DocEntry = ODPI.DocEntry
    ) AS 'Sum_LineTotal_All',
    
    ODPI.dpmprcnt,
    RCT1.CheckNum,
    RCT1.[CheckSum],
    RCT1.DueDate AS 'Check Date',
    (SELECT CASE WHEN ODPI.DocCur = 'THB' THEN SUM(L.LineTotal) ELSE SUM(L.TotalFrgn) END FROM DPI1 L WHERE L.DocEntry = ODPI.DocEntry) AS 'CashSum',
    (SELECT CASE WHEN ODPI.DocCur = 'THB' THEN SUM(L.LineTotal) ELSE SUM(L.TotalFrgn) END FROM DPI1 L WHERE L.DocEntry = ODPI.DocEntry) AS 'TrsfrSum',
    ODSC.BankName,
    DPI1.LineType,
    OCPR.Name,
    OCPR.Cellolar AS 'Tel1',
    OCPR.E_MailL AS 'E_MailL_2',
    QPJ.Project,
    DPI1.VisOrder AS 'Sort_VisOrder',
    0 AS 'Sort_IsText',
    0 AS 'Sort_Seq'

FROM ODPI
INNER JOIN DPI1 ON ODPI.DocEntry = DPI1.DocEntry
OUTER APPLY (
    SELECT TOP 1 P.Project 
    FROM DPI1 P 
    WHERE P.DocEntry = ODPI.DocEntry 
      AND P.Project IS NOT NULL 
      AND P.Project <> ''
) QPJ
LEFT JOIN DPI12 ON ODPI.DocEntry = DPI12.DocEntry
LEFT JOIN NNM1 ON ODPI.Series = NNM1.Series 
LEFT JOIN OCRD ON ODPI.CardCode = OCRD.CardCode 
LEFT JOIN OCPR ON ODPI.CntctCode = OCPR.CntctCode
LEFT JOIN CRD1 ON (OCRD.CardCode = CRD1.CardCode AND ODPI.PayToCode = CRD1.[Address] AND CRD1.AdresType ='B')
LEFT JOIN OSLP ON ODPI.SlpCode = OSLP.SlpCode 
LEFT JOIN OCTG ON ODPI.GroupNum = OCTG.GroupNum 
LEFT JOIN OHEM ON ODPI.OwnerCode = OHEM.empID
LEFT JOIN OUSR ON ODPI.UserSign = OUSR.USERID
LEFT JOIN OPRJ ON QPJ.Project = OPRJ.PrjCode 
LEFT JOIN ORCT ON ODPI.ReceiptNum = ORCT.DocEntry
LEFT JOIN RCT1 ON ORCT.DocEntry = RCT1.DocNum
LEFT JOIN RCT2 ON ORCT.DocNum = RCT2.DocEntry
LEFT JOIN ODSC ON RCT1.BankCode = ODSC.BankCode
LEFT JOIN [dbo].[@SLDT_SET_BRANCH] BRANCH ON ODPI.U_SLD_LVatBranch = BRANCH.Code 
CROSS JOIN OADM

WHERE ODPI.DocEntry  = {?DocKey@}
  AND {?ObjectId@} = '203'

UNION ALL
-- ========================================================
-- 1.2 text rows (remarks) of the real document
-- ========================================================
SELECT DISTINCT
    CRD1.Street     AS '1Bill',
    CRD1.State        AS StateB,
    CRD1.StreetNo   AS '2Bill',
    CRD1.Block      AS '3Bill',
    CRD1.City       AS '4Bill',
    CRD1.County     AS '5Bill',
    CRD1.ZipCode    AS '6Bill',
    DPI12.StreetS     AS '1Ship',
    DPI12.StreetNoS   AS '2Ship',
    DPI12.BlockS      AS '3Ship',
    DPI12.CityS       AS '4Ship',
    DPI12.CountyS     AS '5Ship',
    DPI12.ZipCodeS    AS '6Ship',
    OCPR.Cellolar AS 'Phone2_Format',
    OCPR.E_MailL,
    OCPR.Name AS 'Coontact',
    
    CASE 
        WHEN BRANCH.Code = '00000' AND ODPI.DocCur = OADM.MainCurncy THEN N'สำนักงานใหญ่'
        WHEN BRANCH.Code = '00000' AND ODPI.DocCur <> OADM.MainCurncy THEN 'Head office'
        WHEN BRANCH.Code <> '00000' AND ODPI.DocCur = OADM.MainCurncy THEN concat(N'สาขาที่' ,' ',BRANCH.Code)
        WHEN BRANCH.Code <> '00000' AND ODPI.DocCur <> OADM.MainCurncy THEN concat('Branch' ,' ',BRANCH.Code)
    END AS 'GLN_H',
    
    CASE 
        WHEN CRD1.GlblLocNum = '00000' AND ODPI.DocCur = OADM.MainCurncy THEN N'(สำนักงานใหญ่)'
        WHEN CRD1.GlblLocNum = '00000' AND ODPI.DocCur <> OADM.MainCurncy THEN '(Head office)'
        WHEN CRD1.GlblLocNum <> '00000' AND ODPI.DocCur = OADM.MainCurncy THEN concat(N'(สาขาที่' ,' ',CRD1.GlblLocNum,')')
        WHEN CRD1.GlblLocNum <> '00000' AND ODPI.DocCur <> OADM.MainCurncy THEN concat('(Branch' ,' ',CRD1.GlblLocNum,')')
        WHEN CRD1.GlblLocNum = '' OR CRD1.GlblLocNum IS NULL THEN ''
    END AS 'GLN_BP',
    
    CASE
        WHEN ODPI.Printed = 'N' AND ODPI.DocCur <> OADM.MainCurncy THEN 'Original'
        WHEN ODPI.Printed = 'N' AND ODPI.DocCur = OADM.MainCurncy THEN N'ต้นฉบับ'
        WHEN ODPI.Printed = 'Y' AND ODPI.DocCur <> OADM.MainCurncy THEN 'Copy'
        WHEN ODPI.Printed = 'Y' AND ODPI.DocCur = OADM.MainCurncy THEN N'สำเนา'
    END AS 'Print Status',
    
    NNM1.BeginStr,
    ODPI.DocEntry,
    ODPI.DocNum,
    ODPI.DocDate,
    ODPI.CardCode,
    NULL AS 'unitmsr',
    ODPI.NumAtCard,
    CAST(NULL AS INT) AS 'No.',
    DPI1.LineNum AS 'Line No.',
    ODPI.[Address],
    OCRD.U_SLD_Title,
    OCRD.U_SLD_FullName,
    CRD1.GlblLocNum,
    OCRD.Phone1,
    ISNULL(OCRD.Phone2,'') AS 'Phone2',
    OCRD.Fax,
    ODPI.LicTradNum,
    OCTG.PymntGroup,
    ODPI.DocDueDate,
    NULL AS 'ItemCode',
    CAST(DPI10.LineText AS NVARCHAR(4000)) AS 'Dscription',
    NULL AS 'Quantity',
    ODPI.Comments,
    ODPI.DocCur,
    NULL AS 'PriceBefDi',
    NULL AS 'LineTotal',
    
    CASE WHEN ODPI.DocCur = 'THB' THEN ODPI.VatSum ELSE ODPI.VatSumFC END AS 'VatSum',
    CASE WHEN ODPI.DocCur = 'THB' THEN ODPI.DocTotal ELSE ODPI.DocTotalFC END AS 'DocTotal',
    CASE WHEN ODPI.DocCur = 'THB' THEN ODPI.DpmAmnt ELSE ODPI.DpmAmntFC END AS 'DpmAmnt',
    
    (SELECT CASE WHEN ODPI.DocCur = 'THB' THEN SUM(L.LineTotal) ELSE SUM(L.TotalFrgn) END
        FROM DPI1 L WHERE L.DocEntry = ODPI.DocEntry
    ) AS 'Sum_LineTotal_All',
    
    ODPI.dpmprcnt,
    RCT1.CheckNum,
    RCT1.[CheckSum],
    RCT1.DueDate AS 'Check Date',
    SUM(ORCT.CashSum) OVER() AS 'CashSum',
    SUM(ORCT.TrsfrSum) OVER() AS 'TrsfrSum',
    ODSC.BankName,
    'T' AS 'LineType',
    OCPR.Name,
    OCPR.Cellolar AS 'Tel1',
    OCPR.E_MailL AS 'E_MailL_2',
    QPJ.Project,
    
    COALESCE(DPI1.VisOrder, -1) AS 'Sort_VisOrder',
    1 AS 'Sort_IsText',
    DPI10.LineSeq AS 'Sort_Seq'

FROM ODPI
INNER JOIN DPI10 ON ODPI.DocEntry = DPI10.DocEntry
LEFT JOIN DPI1 ON DPI10.DocEntry = DPI1.DocEntry AND DPI10.AftLineNum = DPI1.LineNum
OUTER APPLY (
    SELECT TOP 1 P.Project 
    FROM DPI1 P 
    WHERE P.DocEntry = ODPI.DocEntry 
      AND P.Project IS NOT NULL 
      AND P.Project <> ''
) QPJ
LEFT JOIN DPI12 ON ODPI.DocEntry = DPI12.DocEntry
LEFT JOIN NNM1 ON ODPI.Series = NNM1.Series 
LEFT JOIN OCRD ON ODPI.CardCode = OCRD.CardCode 
LEFT JOIN OCPR ON ODPI.CntctCode = OCPR.CntctCode
LEFT JOIN CRD1 ON (OCRD.CardCode = CRD1.CardCode AND ODPI.PayToCode = CRD1.[Address] AND CRD1.AdresType ='B')
LEFT JOIN OSLP ON ODPI.SlpCode = OSLP.SlpCode 
LEFT JOIN OCTG ON ODPI.GroupNum = OCTG.GroupNum 
LEFT JOIN OHEM ON ODPI.OwnerCode = OHEM.empID
LEFT JOIN OUSR ON ODPI.UserSign = OUSR.USERID
LEFT JOIN OPRJ ON QPJ.Project = OPRJ.PrjCode 
LEFT JOIN ORCT ON ODPI.ReceiptNum = ORCT.DocEntry
LEFT JOIN RCT1 ON ORCT.DocEntry = RCT1.DocNum
LEFT JOIN RCT2 ON ORCT.DocNum = RCT2.DocEntry
LEFT JOIN ODSC ON RCT1.BankCode = ODSC.BankCode
LEFT JOIN [dbo].[@SLDT_SET_BRANCH] BRANCH ON ODPI.U_SLD_LVatBranch = BRANCH.Code 
CROSS JOIN OADM

WHERE ODPI.DocEntry  = {?DocKey@}
  AND {?ObjectId@} = '203'

UNION ALL
-- ========================================================
-- 2.1 item rows of the draft document (ODRF)
-- ========================================================
SELECT DISTINCT
    CRD1.Street     AS '1Bill',
    CRD1.State        AS StateB,
    CRD1.StreetNo   AS '2Bill',
    CRD1.Block      AS '3Bill',
    CRD1.City       AS '4Bill',
    CRD1.County     AS '5Bill',
    CRD1.ZipCode    AS '6Bill',
    DPI12.StreetS     AS '1Ship',
    DPI12.StreetNoS   AS '2Ship',
    DPI12.BlockS      AS '3Ship',
    DPI12.CityS       AS '4Ship',
    DPI12.CountyS     AS '5Ship',
    DPI12.ZipCodeS    AS '6Ship',
    
    OCPR.Cellolar AS 'Phone2_Format',
    OCPR.E_MailL,
    OCPR.Name AS 'Coontact',
    
    CASE 
        WHEN BRANCH.Code = '00000' AND ODPI.DocCur = OADM.MainCurncy THEN N'สำนักงานใหญ่'
        WHEN BRANCH.Code = '00000' AND ODPI.DocCur <> OADM.MainCurncy THEN 'Head office'
        WHEN BRANCH.Code <> '00000' AND ODPI.DocCur = OADM.MainCurncy THEN concat(N'สาขาที่' ,' ',BRANCH.Code)
        WHEN BRANCH.Code <> '00000' AND ODPI.DocCur <> OADM.MainCurncy THEN concat('Branch' ,' ',BRANCH.Code)
    END AS 'GLN_H',
    
    CASE 
        WHEN CRD1.GlblLocNum = '00000' AND ODPI.DocCur = OADM.MainCurncy THEN N'(สำนักงานใหญ่)'
        WHEN CRD1.GlblLocNum = '00000' AND ODPI.DocCur <> OADM.MainCurncy THEN '(Head office)'
        WHEN CRD1.GlblLocNum <> '00000' AND ODPI.DocCur = OADM.MainCurncy THEN concat(N'(สาขาที่' ,' ',CRD1.GlblLocNum,')')
        WHEN CRD1.GlblLocNum <> '00000' AND ODPI.DocCur <> OADM.MainCurncy THEN concat('(Branch' ,' ',CRD1.GlblLocNum,')')
        WHEN CRD1.GlblLocNum = '' OR CRD1.GlblLocNum IS NULL THEN ''
    END AS 'GLN_BP',
    
    CASE
        WHEN ODPI.Printed = 'N' AND ODPI.DocCur <> OADM.MainCurncy THEN 'Original'
        WHEN ODPI.Printed = 'N' AND ODPI.DocCur = OADM.MainCurncy THEN N'ต้นฉบับ'
        WHEN ODPI.Printed = 'Y' AND ODPI.DocCur <> OADM.MainCurncy THEN 'Copy'
        WHEN ODPI.Printed = 'Y' AND ODPI.DocCur = OADM.MainCurncy THEN N'สำเนา'
    END AS 'Print Status',
    
    NNM1.BeginStr,
    ODPI.DocEntry,
    ODPI.DocNum,
    ODPI.DocDate,
    ODPI.CardCode,
    DPI1.unitmsr,
    ODPI.NumAtCard,
    
    (DPI1.VisOrder + 1) AS 'No.',
    DPI1.LineNum AS 'Line No.',
    
    ODPI.[Address],
    OCRD.U_SLD_Title,
    OCRD.U_SLD_FullName,
    CRD1.GlblLocNum,
    OCRD.Phone1,
    ISNULL(OCRD.Phone2,'') AS 'Phone2',
    OCRD.Fax,
    ODPI.LicTradNum,
    OCTG.PymntGroup,
    ODPI.DocDueDate,
    DPI1.ItemCode,
    DPI1.Dscription AS 'Dscription',
    DPI1.Quantity,
    ODPI.Comments,
    ODPI.DocCur,
    
    DPI1.PriceBefDi AS 'PriceBefDi',
    CASE 
        WHEN ODPI.DocCur = 'THB' THEN DPI1.LineTotal 
        ELSE DPI1.TotalFrgn 
    END AS 'LineTotal',
    
    CASE WHEN ODPI.DocCur = 'THB' THEN ODPI.VatSum ELSE ODPI.VatSumFC END AS 'VatSum',
    CASE WHEN ODPI.DocCur = 'THB' THEN ODPI.DocTotal ELSE ODPI.DocTotalFC END AS 'DocTotal',
    CASE WHEN ODPI.DocCur = 'THB' THEN ODPI.DpmAmnt ELSE ODPI.DpmAmntFC END AS 'DpmAmnt',
    
    (SELECT CASE WHEN ODPI.DocCur = 'THB' THEN SUM(L.LineTotal) ELSE SUM(L.TotalFrgn) END
        FROM DRF1 L WHERE L.DocEntry = ODPI.DocEntry
    ) AS 'Sum_LineTotal_All',
    
    ODPI.dpmprcnt,
    RCT1.CheckNum,
    RCT1.[CheckSum],
    RCT1.DueDate AS 'Check Date',
    CAST(NULL AS NUMERIC(19,6)) AS 'CashSum',
    CAST(NULL AS NUMERIC(19,6)) AS 'TrsfrSum',
    ODSC.BankName,
    DPI1.LineType,
    OCPR.Name,
    OCPR.Cellolar AS 'Tel1',
    OCPR.E_MailL AS 'E_MailL_2',
    QPJ.Project,
    DPI1.VisOrder AS 'Sort_VisOrder',
    0 AS 'Sort_IsText',
    0 AS 'Sort_Seq'

FROM ODRF ODPI
INNER JOIN DRF1 DPI1 ON ODPI.DocEntry = DPI1.DocEntry
OUTER APPLY (
    SELECT TOP 1 P.Project 
    FROM DRF1 P 
    WHERE P.DocEntry = ODPI.DocEntry 
      AND P.Project IS NOT NULL 
      AND P.Project <> ''
) QPJ
LEFT JOIN DRF12 DPI12 ON ODPI.DocEntry = DPI12.DocEntry
LEFT JOIN NNM1 ON ODPI.Series = NNM1.Series 
LEFT JOIN OCRD ON ODPI.CardCode = OCRD.CardCode 
LEFT JOIN OCPR ON ODPI.CntctCode = OCPR.CntctCode
LEFT JOIN CRD1 ON (OCRD.CardCode = CRD1.CardCode AND ODPI.PayToCode = CRD1.[Address] AND CRD1.AdresType ='B')
LEFT JOIN OSLP ON ODPI.SlpCode = OSLP.SlpCode 
LEFT JOIN OCTG ON ODPI.GroupNum = OCTG.GroupNum 
LEFT JOIN OHEM ON ODPI.OwnerCode = OHEM.empID
LEFT JOIN OUSR ON ODPI.UserSign = OUSR.USERID
LEFT JOIN OPRJ ON QPJ.Project = OPRJ.PrjCode 
LEFT JOIN ORCT ON ODPI.ReceiptNum = ORCT.DocEntry
LEFT JOIN RCT1 ON ORCT.DocEntry = RCT1.DocNum
LEFT JOIN RCT2 ON ORCT.DocNum = RCT2.DocEntry
LEFT JOIN ODSC ON RCT1.BankCode = ODSC.BankCode
LEFT JOIN [dbo].[@SLDT_SET_BRANCH] BRANCH ON ODPI.U_SLD_LVatBranch = BRANCH.Code 
CROSS JOIN OADM

WHERE ODPI.DocEntry  = {?DocKey@}
  AND {?ObjectId@} = '112' AND ODPI.ObjType = '203'

UNION ALL
-- ========================================================
-- 2.2 text rows (remarks) of the draft document
-- ========================================================
SELECT DISTINCT
    CRD1.Street     AS '1Bill',
    CRD1.State        AS StateB,
    CRD1.StreetNo   AS '2Bill',
    CRD1.Block      AS '3Bill',
    CRD1.City       AS '4Bill',
    CRD1.County     AS '5Bill',
    CRD1.ZipCode    AS '6Bill',
    DPI12.StreetS     AS '1Ship',
    DPI12.StreetNoS   AS '2Ship',
    DPI12.BlockS      AS '3Ship',
    DPI12.CityS       AS '4Ship',
    DPI12.CountyS     AS '5Ship',
    DPI12.ZipCodeS    AS '6Ship',
    OCPR.Cellolar AS 'Phone2_Format',
    OCPR.E_MailL,
    OCPR.Name AS 'Coontact',
    
    CASE 
        WHEN BRANCH.Code = '00000' AND ODPI.DocCur = OADM.MainCurncy THEN N'สำนักงานใหญ่'
        WHEN BRANCH.Code = '00000' AND ODPI.DocCur <> OADM.MainCurncy THEN 'Head office'
        WHEN BRANCH.Code <> '00000' AND ODPI.DocCur = OADM.MainCurncy THEN concat(N'สาขาที่' ,' ',BRANCH.Code)
        WHEN BRANCH.Code <> '00000' AND ODPI.DocCur <> OADM.MainCurncy THEN concat('Branch' ,' ',BRANCH.Code)
    END AS 'GLN_H',
    
    CASE 
        WHEN CRD1.GlblLocNum = '00000' AND ODPI.DocCur = OADM.MainCurncy THEN N'(สำนักงานใหญ่)'
        WHEN CRD1.GlblLocNum = '00000' AND ODPI.DocCur <> OADM.MainCurncy THEN '(Head office)'
        WHEN CRD1.GlblLocNum <> '00000' AND ODPI.DocCur = OADM.MainCurncy THEN concat(N'(สาขาที่' ,' ',CRD1.GlblLocNum,')')
        WHEN CRD1.GlblLocNum <> '00000' AND ODPI.DocCur <> OADM.MainCurncy THEN concat('(Branch' ,' ',CRD1.GlblLocNum,')')
        WHEN CRD1.GlblLocNum = '' OR CRD1.GlblLocNum IS NULL THEN ''
    END AS 'GLN_BP',
    
    CASE
        WHEN ODPI.Printed = 'N' AND ODPI.DocCur <> OADM.MainCurncy THEN 'Original'
        WHEN ODPI.Printed = 'N' AND ODPI.DocCur = OADM.MainCurncy THEN N'ต้นฉบับ'
        WHEN ODPI.Printed = 'Y' AND ODPI.DocCur <> OADM.MainCurncy THEN 'Copy'
        WHEN ODPI.Printed = 'Y' AND ODPI.DocCur = OADM.MainCurncy THEN N'สำเนา'
    END AS 'Print Status',
    
    NNM1.BeginStr,
    ODPI.DocEntry,
    ODPI.DocNum,
    ODPI.DocDate,
    ODPI.CardCode,
    NULL AS 'unitmsr',
    ODPI.NumAtCard,
    CAST(NULL AS INT) AS 'No.',
    DPI1.LineNum AS 'Line No.',
    ODPI.[Address],
    OCRD.U_SLD_Title,
    OCRD.U_SLD_FullName,
    CRD1.GlblLocNum,
    OCRD.Phone1,
    ISNULL(OCRD.Phone2,'') AS 'Phone2',
    OCRD.Fax,
    ODPI.LicTradNum,
    OCTG.PymntGroup,
    ODPI.DocDueDate,
    NULL AS 'ItemCode',
    CAST(DPI10.LineText AS NVARCHAR(4000)) AS 'Dscription',
    NULL AS 'Quantity',
    ODPI.Comments,
    ODPI.DocCur,
    NULL AS 'PriceBefDi',
    NULL AS 'LineTotal',
    
    CASE WHEN ODPI.DocCur = 'THB' THEN ODPI.VatSum ELSE ODPI.VatSumFC END AS 'VatSum',
    CASE WHEN ODPI.DocCur = 'THB' THEN ODPI.DocTotal ELSE ODPI.DocTotalFC END AS 'DocTotal',
    CASE WHEN ODPI.DocCur = 'THB' THEN ODPI.DpmAmnt ELSE ODPI.DpmAmntFC END AS 'DpmAmnt',
    
    (SELECT CASE WHEN ODPI.DocCur = 'THB' THEN SUM(L.LineTotal) ELSE SUM(L.TotalFrgn) END
        FROM DRF1 L WHERE L.DocEntry = ODPI.DocEntry
    ) AS 'Sum_LineTotal_All',
    
    ODPI.dpmprcnt,
    RCT1.CheckNum,
    RCT1.[CheckSum],
    RCT1.DueDate AS 'Check Date',
    CAST(NULL AS NUMERIC(19,6)) AS 'CashSum',
    CAST(NULL AS NUMERIC(19,6)) AS 'TrsfrSum',
    ODSC.BankName,
    'T' AS 'LineType',
    OCPR.Name,
    OCPR.Cellolar AS 'Tel1',
    OCPR.E_MailL AS 'E_MailL_2',
    QPJ.Project,
    
    COALESCE(DPI1.VisOrder, -1) AS 'Sort_VisOrder',
    1 AS 'Sort_IsText',
    DPI10.LineSeq AS 'Sort_Seq'

FROM ODRF ODPI
INNER JOIN DRF10 DPI10 ON ODPI.DocEntry = DPI10.DocEntry
LEFT JOIN DRF1 DPI1 ON DPI10.DocEntry = DPI1.DocEntry AND DPI10.AftLineNum = DPI1.LineNum
OUTER APPLY (
    SELECT TOP 1 P.Project 
    FROM DRF1 P 
    WHERE P.DocEntry = ODPI.DocEntry 
      AND P.Project IS NOT NULL 
      AND P.Project <> ''
) QPJ
LEFT JOIN DRF12 DPI12 ON ODPI.DocEntry = DPI12.DocEntry
LEFT JOIN NNM1 ON ODPI.Series = NNM1.Series 
LEFT JOIN OCRD ON ODPI.CardCode = OCRD.CardCode 
LEFT JOIN OCPR ON ODPI.CntctCode = OCPR.CntctCode
LEFT JOIN CRD1 ON (OCRD.CardCode = CRD1.CardCode AND ODPI.PayToCode = CRD1.[Address] AND CRD1.AdresType ='B')
LEFT JOIN OSLP ON ODPI.SlpCode = OSLP.SlpCode 
LEFT JOIN OCTG ON ODPI.GroupNum = OCTG.GroupNum 
LEFT JOIN OHEM ON ODPI.OwnerCode = OHEM.empID
LEFT JOIN OUSR ON ODPI.UserSign = OUSR.USERID
LEFT JOIN OPRJ ON QPJ.Project = OPRJ.PrjCode 
LEFT JOIN ORCT ON ODPI.ReceiptNum = ORCT.DocEntry
LEFT JOIN RCT1 ON ORCT.DocEntry = RCT1.DocNum
LEFT JOIN RCT2 ON ORCT.DocNum = RCT2.DocEntry
LEFT JOIN ODSC ON RCT1.BankCode = ODSC.BankCode
LEFT JOIN [dbo].[@SLDT_SET_BRANCH] BRANCH ON ODPI.U_SLD_LVatBranch = BRANCH.Code 
CROSS JOIN OADM

WHERE ODPI.DocEntry  = {?DocKey@}
  AND {?ObjectId@} = '112' AND ODPI.ObjType = '203'

) T0
ORDER BY T0.[Sort_VisOrder] ASC, T0.[Sort_IsText] ASC, T0.[Sort_Seq] ASC
[2026-09-09 17:19:32][INFO] Alias filter: AR_DownPayment
[2026-09-09 17:19:32][INFO] Matched 1 report file(s).
[2026-09-09 17:19:32][INFO] --> C:\GitHub\SDA\Form-Layout_SDA\2. Sales - AR\5. AR Down Payment Invoice\2. AR Down Payment Invoice_DIS\2.AR Down PaymentTax Invoice_ใบเสร็จรับเงินมัดจำใบกำกับภาษี\2.AR Down PaymentTax Invoice_Dis ใบเสร็จรับเงินมัดจำใบกำกับภาษี.rpt
[2026-09-09 17:19:33][HIT]     [main] AR_DownPayment: 1 match(es)  (sqlLen=20336, fields=64)
[2026-09-09 17:19:33][OK]         User ID forced to 'sa'
[2026-09-09 17:19:33][OK]         [main] Address: User ID stamped 'sa' (SQL unchanged)
[2026-09-09 17:19:33][OK]         [main] Create: User ID stamped 'sa' (SQL unchanged)
[2026-09-09 17:19:33][OK]         [main] Command: User ID stamped 'sa' (SQL unchanged)
[2026-09-09 17:19:54][OK]     saved (1 replacement(s) in 1 table(s))
[2026-09-09 17:19:55][OK]     verified on disk: 4 command table(s)
[2026-09-09 17:19:55][INFO] ==============================================================
[2026-09-09 17:19:55][INFO] SUMMARY mode=APPLY  filesScanned=1  filesTouched=1  tablesTouched=1  replacements=1  fieldDiff=0  connDiff=0  userLost=0  errCount=0
[2026-09-09 17:19:55][INFO] USER ID ROUTES  keepuser=0  forced=4  fallback=0  noUserToStart=0
[2026-09-09 17:19:55][INFO] ==============================================================
[2026-09-09 17:20:03][INFO] === Edit-CommandSQL start  mode=APPLY ===
[2026-09-09 17:20:03][INFO] Root=C:\GitHub\SDA\Form-Layout_SDA\2. Sales - AR\5. AR Down Payment Invoice\2. AR Down Payment Invoice_DIS\2.AR Down PaymentTax Invoice_ใบเสร็จรับเงินมัดจำใบกำกับภาษี\2.AR Down PaymentTax Invoice_Dis_ENG ใบเสร็จรับเงินมัดจำใบกำกับภาษี.rpt
[2026-09-09 17:20:03][INFO] Pattern=(?s)\A.*\z
[2026-09-09 17:20:03][INFO] Replacement=-- RPT: 2. Sales - AR\5. AR Down Payment Invoice\1.AR Down Payment_ใบเสร็จรับเงินมัดจำ\1.AR Down Payment_ENG_ปกติ ใบเสร็จรับเงินมัดจำ.rpt
-- SCOPE: main
-- ALIAS: AR_DownPayment
-- FIELDS: 63
-- ---------------------------------------------------------------
SELECT T0.*
FROM (
-- ========================================================
-- 1.1 item rows of the real document (ODPI)
-- ========================================================
SELECT DISTINCT
    CRD1.Street     AS '1Bill',
    CRD1.State        AS StateB,
    OCRY.Name         AS 'CountryName',
    CRD1.StreetNo   AS '2Bill',
    CRD1.Block      AS '3Bill',
    CRD1.City       AS '4Bill',
    CRD1.County     AS '5Bill',
    CRD1.ZipCode    AS '6Bill',
    DPI12.StreetS     AS '1Ship',
    DPI12.StreetNoS   AS '2Ship',
    DPI12.BlockS      AS '3Ship',
    DPI12.CityS       AS '4Ship',
    DPI12.CountyS     AS '5Ship',
    DPI12.ZipCodeS    AS '6Ship',
    
    CASE 
        WHEN OCRD.Phone2 IS NULL THEN ''
        WHEN OCRD.Phone2 IS NOT NULL THEN ', ' + OCRD.Phone2
    END AS 'Phone2',
    OCPR.Name AS 'Coontact',
    
    CASE 
        WHEN BRANCH.Code = '00000' AND ODPI.DocCur = OADM.MainCurncy THEN N'สำนักงานใหญ่'
        WHEN BRANCH.Code = '00000' AND ODPI.DocCur <> OADM.MainCurncy THEN 'Head office'
        WHEN BRANCH.Code <> '00000' AND ODPI.DocCur = OADM.MainCurncy THEN concat(N'สาขาที่' ,' ',BRANCH.Code)
        WHEN BRANCH.Code <> '00000' AND ODPI.DocCur <> OADM.MainCurncy THEN concat('Branch' ,' ',BRANCH.Code)
    END AS 'GLN_H',
    
    CASE 
        WHEN CRD1.GlblLocNum = '00000' AND ODPI.DocCur = OADM.MainCurncy THEN N'(สำนักงานใหญ่)'
        WHEN CRD1.GlblLocNum = '00000' AND ODPI.DocCur <> OADM.MainCurncy THEN '(Head office)'
        WHEN CRD1.GlblLocNum <> '00000' AND ODPI.DocCur = OADM.MainCurncy THEN concat(N'(สาขาที่' ,' ',CRD1.GlblLocNum,')')
        WHEN CRD1.GlblLocNum <> '00000' AND ODPI.DocCur <> OADM.MainCurncy THEN concat('(Branch' ,' ',CRD1.GlblLocNum,')')
        WHEN CRD1.GlblLocNum = '' OR CRD1.GlblLocNum IS NULL THEN ''
    END AS 'GLN_BP',
    
    CASE
        WHEN ODPI.Printed = 'N' AND ODPI.DocCur <> OADM.MainCurncy THEN 'Original'
        WHEN ODPI.Printed = 'N' AND ODPI.DocCur = OADM.MainCurncy THEN N'ต้นฉบับ'
        WHEN ODPI.Printed = 'Y' AND ODPI.DocCur <> OADM.MainCurncy THEN 'Copy'
        WHEN ODPI.Printed = 'Y' AND ODPI.DocCur = OADM.MainCurncy THEN N'สำเนา'
    END AS 'Print Status',
    
    NNM1.BeginStr,
    ODPI.DocEntry,
    ODPI.DocNum,
    ODPI.DocDate,
    ODPI.CardCode,
    DPI1.unitmsr,
    ODPI.NumAtCard,
    
    (DPI1.VisOrder + 1) AS 'No.',
    DPI1.LineNum AS 'Line No.',
    
    ODPI.[Address],
    OCRD.U_SLD_Title,
    OCRD.U_SLD_FullName,
    CRD1.GlblLocNum,
    OCRD.Phone1,
    ISNULL(OCRD.Phone2,'') AS 'Phone2_2',
    OCRD.Fax,
    ODPI.LicTradNum,
    
    CASE 
         WHEN OCTG.PymntGroup = N'เงินสด' THEN 'Cash'
         WHEN OCTG.PymntGroup = N'120 วัน' THEN '120 Days'
         WHEN OCTG.PymntGroup = N'90 วัน' THEN '90 Days'
         WHEN OCTG.PymntGroup = N'60 วัน' THEN '60 Days'
         WHEN OCTG.PymntGroup = N'45 วัน' THEN '45 Days'
         WHEN OCTG.PymntGroup = N'30 วัน' THEN '30 Days'
         WHEN OCTG.PymntGroup = N'15 วัน' THEN '15 Days'
         WHEN OCTG.PymntGroup = N'7 วัน' THEN '7 Days'
         WHEN OCTG.PymntGroup = N'3 วัน' THEN '3 Days'
    END AS 'PaymentEng',
    
    ODPI.DocDueDate,
    DPI1.ItemCode,
    DPI1.Dscription AS 'Dscription',
    DPI1.Quantity,
    ODPI.Comments,
    ODPI.DocCur,

    DPI1.PriceBefDi AS 'PriceBefDi',
    
    CASE 
        WHEN ODPI.DocCur = 'THB' THEN DPI1.LineTotal 
        ELSE DPI1.TotalFrgn 
    END AS 'LineTotal',
    
    CASE WHEN ODPI.DocCur = 'THB' THEN ODPI.VatSum ELSE ODPI.VatSumFC END AS 'VatSum',
    CASE WHEN ODPI.DocCur = 'THB' THEN ODPI.DocTotal ELSE ODPI.DocTotalFC END AS 'DocTotal',
    CASE WHEN ODPI.DocCur = 'THB' THEN ODPI.DpmAmnt ELSE ODPI.DpmAmntFC END AS 'DpmAmnt',
    
    (SELECT CASE WHEN ODPI.DocCur = 'THB' THEN SUM(L.LineTotal) ELSE SUM(L.TotalFrgn) END
        FROM DPI1 L WHERE L.DocEntry = ODPI.DocEntry
    ) AS 'Sum_LineTotal_All',
    
    ODPI.dpmprcnt,
    RCT1.CheckNum,
    RCT1.[CheckSum],
    RCT1.DueDate AS 'Check Date',
    (SELECT CASE WHEN ODPI.DocCur = 'THB' THEN SUM(L.LineTotal) ELSE SUM(L.TotalFrgn) END FROM DPI1 L WHERE L.DocEntry = ODPI.DocEntry) AS 'CashSum',
    SUM(ORCT.TrsfrSum) OVER(PARTITION BY ODPI.DocEntry) AS 'TrsfrSum',
    ODSC.BankName,
    DPI1.LineType,
    OSLP.U_Name_Foreign AS 'Name',
    OCPR.Cellolar AS 'Tel1',
    OCPR.E_MailL,
    QPJ.Project,
    ISNULL(NULLIF(OUOM.U_SLD_Uomforeign,''), DPI1.UomCode) AS UgpCode,
    DPI1.VisOrder AS 'Sort_VisOrder',
    0 AS 'Sort_IsText',
    0 AS 'Sort_Seq'

FROM ODPI
INNER JOIN DPI1 ON ODPI.DocEntry = DPI1.DocEntry
OUTER APPLY (
    SELECT TOP 1 P.Project 
    FROM DPI1 P 
    WHERE P.DocEntry = ODPI.DocEntry 
      AND P.Project IS NOT NULL 
      AND P.Project <> ''
) QPJ
LEFT JOIN DPI12 ON ODPI.DocEntry = DPI12.DocEntry
LEFT JOIN NNM1 ON ODPI.Series = NNM1.Series 
LEFT JOIN OCRD ON ODPI.CardCode = OCRD.CardCode 
LEFT JOIN OCPR ON ODPI.CntctCode = OCPR.CntctCode
LEFT JOIN CRD1 ON (OCRD.CardCode = CRD1.CardCode AND ODPI.PayToCode = CRD1.[Address] AND CRD1.AdresType ='B')
LEFT JOIN OCRY ON CRD1.Country = OCRY.Code
LEFT JOIN OSLP ON ODPI.SlpCode = OSLP.SlpCode 
LEFT JOIN OCTG ON ODPI.GroupNum = OCTG.GroupNum 
LEFT JOIN OHEM ON ODPI.OwnerCode = OHEM.empID
LEFT JOIN OUSR ON ODPI.UserSign = OUSR.USERID
LEFT JOIN OPRJ ON QPJ.Project = OPRJ.PrjCode 
LEFT JOIN ORCT ON ODPI.ReceiptNum = ORCT.DocEntry
LEFT JOIN RCT1 ON ORCT.DocEntry = RCT1.DocNum
LEFT JOIN RCT2 ON ORCT.DocNum = RCT2.DocEntry
LEFT JOIN ODSC ON RCT1.BankCode = ODSC.BankCode
LEFT JOIN OITM ON DPI1.ItemCode = OITM.ItemCode
LEFT JOIN OUOM ON DPI1.UomCode = OUOM.UomCode
LEFT JOIN [dbo].[@SLDT_SET_BRANCH] BRANCH ON ODPI.U_SLD_LVatBranch = BRANCH.Code
CROSS JOIN OADM

WHERE ODPI.DocEntry = {?DocKey@}
  AND {?ObjectId@} = '203'

UNION ALL
-- ========================================================
-- 1.2 text rows (remarks) of the real document
-- ========================================================
SELECT DISTINCT
    CRD1.Street     AS '1Bill',
    CRD1.State        AS StateB,
    OCRY.Name         AS 'CountryName',
    CRD1.StreetNo   AS '2Bill',
    CRD1.Block      AS '3Bill',
    CRD1.City       AS '4Bill',
    CRD1.County     AS '5Bill',
    CRD1.ZipCode    AS '6Bill',
    DPI12.StreetS     AS '1Ship',
    DPI12.StreetNoS   AS '2Ship',
    DPI12.BlockS      AS '3Ship',
    DPI12.CityS       AS '4Ship',
    DPI12.CountyS     AS '5Ship',
    DPI12.ZipCodeS    AS '6Ship',
    
    CASE 
        WHEN OCRD.Phone2 IS NULL THEN ''
        WHEN OCRD.Phone2 IS NOT NULL THEN ', ' + OCRD.Phone2
    END AS 'Phone2',
    OCPR.Name AS 'Coontact',
    
    CASE 
        WHEN BRANCH.Code = '00000' AND ODPI.DocCur = OADM.MainCurncy THEN N'สำนักงานใหญ่'
        WHEN BRANCH.Code = '00000' AND ODPI.DocCur <> OADM.MainCurncy THEN 'Head office'
        WHEN BRANCH.Code <> '00000' AND ODPI.DocCur = OADM.MainCurncy THEN concat(N'สาขาที่' ,' ',BRANCH.Code)
        WHEN BRANCH.Code <> '00000' AND ODPI.DocCur <> OADM.MainCurncy THEN concat('Branch' ,' ',BRANCH.Code)
    END AS 'GLN_H',
    
    CASE 
        WHEN CRD1.GlblLocNum = '00000' AND ODPI.DocCur = OADM.MainCurncy THEN N'(สำนักงานใหญ่)'
        WHEN CRD1.GlblLocNum = '00000' AND ODPI.DocCur <> OADM.MainCurncy THEN '(Head office)'
        WHEN CRD1.GlblLocNum <> '00000' AND ODPI.DocCur = OADM.MainCurncy THEN concat(N'(สาขาที่' ,' ',CRD1.GlblLocNum,')')
        WHEN CRD1.GlblLocNum <> '00000' AND ODPI.DocCur <> OADM.MainCurncy THEN concat('(Branch' ,' ',CRD1.GlblLocNum,')')
        WHEN CRD1.GlblLocNum = '' OR CRD1.GlblLocNum IS NULL THEN ''
    END AS 'GLN_BP',
    
    CASE
        WHEN ODPI.Printed = 'N' AND ODPI.DocCur <> OADM.MainCurncy THEN 'Original'
        WHEN ODPI.Printed = 'N' AND ODPI.DocCur = OADM.MainCurncy THEN N'ต้นฉบับ'
        WHEN ODPI.Printed = 'Y' AND ODPI.DocCur <> OADM.MainCurncy THEN 'Copy'
        WHEN ODPI.Printed = 'Y' AND ODPI.DocCur = OADM.MainCurncy THEN N'สำเนา'
    END AS 'Print Status',
    
    NNM1.BeginStr,
    ODPI.DocEntry,
    ODPI.DocNum,
    ODPI.DocDate,
    ODPI.CardCode,
    NULL AS 'unitmsr',
    ODPI.NumAtCard,
    CAST(NULL AS INT) AS 'No.',
    DPI1.LineNum AS 'Line No.',
    ODPI.[Address],
    OCRD.U_SLD_Title,
    OCRD.U_SLD_FullName,
    CRD1.GlblLocNum,
    OCRD.Phone1,
    ISNULL(OCRD.Phone2,'') AS 'Phone2_2',
    OCRD.Fax,
    ODPI.LicTradNum,
    
    CASE 
         WHEN OCTG.PymntGroup = N'เงินสด' THEN 'Cash'
         WHEN OCTG.PymntGroup = N'120 วัน' THEN '120 Days'
         WHEN OCTG.PymntGroup = N'90 วัน' THEN '90 Days'
         WHEN OCTG.PymntGroup = N'60 วัน' THEN '60 Days'
         WHEN OCTG.PymntGroup = N'45 วัน' THEN '45 Days'
         WHEN OCTG.PymntGroup = N'30 วัน' THEN '30 Days'
         WHEN OCTG.PymntGroup = N'15 วัน' THEN '15 Days'
         WHEN OCTG.PymntGroup = N'7 วัน' THEN '7 Days'
         WHEN OCTG.PymntGroup = N'3 วัน' THEN '3 Days'
    END AS 'PaymentEng',
    
    ODPI.DocDueDate,
    NULL AS 'ItemCode',
    CAST(DPI10.LineText AS NVARCHAR(4000)) AS 'Dscription',
    NULL AS 'Quantity',
    ODPI.Comments,
    ODPI.DocCur,
    NULL AS 'PriceBefDi',
    NULL AS 'LineTotal',
    
    CASE WHEN ODPI.DocCur = 'THB' THEN ODPI.VatSum ELSE ODPI.VatSumFC END AS 'VatSum',
    CASE WHEN ODPI.DocCur = 'THB' THEN ODPI.DocTotal ELSE ODPI.DocTotalFC END AS 'DocTotal',
    CASE WHEN ODPI.DocCur = 'THB' THEN ODPI.DpmAmnt ELSE ODPI.DpmAmntFC END AS 'DpmAmnt',
    
    (SELECT CASE WHEN ODPI.DocCur = 'THB' THEN SUM(L.LineTotal) ELSE SUM(L.TotalFrgn) END
        FROM DPI1 L WHERE L.DocEntry = ODPI.DocEntry
    ) AS 'Sum_LineTotal_All',
    
    ODPI.dpmprcnt,
    RCT1.CheckNum,
    RCT1.[CheckSum],
    RCT1.DueDate AS 'Check Date',
    SUM(ORCT.CashSum) OVER(PARTITION BY ODPI.DocEntry) AS 'CashSum',
    SUM(ORCT.TrsfrSum) OVER(PARTITION BY ODPI.DocEntry) AS 'TrsfrSum',
    ODSC.BankName,
    'T' AS 'LineType',
    OSLP.U_Name_Foreign AS 'Name',
    OCPR.Cellolar AS 'Tel1',
    OCPR.E_MailL,
    QPJ.Project,
    NULL AS UgpCode,
    COALESCE(DPI1.VisOrder, -1) AS 'Sort_VisOrder',
    1 AS 'Sort_IsText',
    DPI10.LineSeq AS 'Sort_Seq'

FROM ODPI
INNER JOIN DPI10 ON ODPI.DocEntry = DPI10.DocEntry
LEFT JOIN DPI1 ON DPI10.DocEntry = DPI1.DocEntry AND DPI10.AftLineNum = DPI1.LineNum
OUTER APPLY (
    SELECT TOP 1 P.Project 
    FROM DPI1 P 
    WHERE P.DocEntry = ODPI.DocEntry 
      AND P.Project IS NOT NULL 
      AND P.Project <> ''
) QPJ
LEFT JOIN DPI12 ON ODPI.DocEntry = DPI12.DocEntry
LEFT JOIN NNM1 ON ODPI.Series = NNM1.Series 
LEFT JOIN OCRD ON ODPI.CardCode = OCRD.CardCode 
LEFT JOIN OCPR ON ODPI.CntctCode = OCPR.CntctCode
LEFT JOIN CRD1 ON (OCRD.CardCode = CRD1.CardCode AND ODPI.PayToCode = CRD1.[Address] AND CRD1.AdresType ='B')
LEFT JOIN OCRY ON CRD1.Country = OCRY.Code
LEFT JOIN OSLP ON ODPI.SlpCode = OSLP.SlpCode 
LEFT JOIN OCTG ON ODPI.GroupNum = OCTG.GroupNum 
LEFT JOIN OHEM ON ODPI.OwnerCode = OHEM.empID
LEFT JOIN OUSR ON ODPI.UserSign = OUSR.USERID
LEFT JOIN OPRJ ON QPJ.Project = OPRJ.PrjCode 
LEFT JOIN ORCT ON ODPI.ReceiptNum = ORCT.DocEntry
LEFT JOIN RCT1 ON ORCT.DocEntry = RCT1.DocNum
LEFT JOIN RCT2 ON ORCT.DocNum = RCT2.DocEntry
LEFT JOIN ODSC ON RCT1.BankCode = ODSC.BankCode
LEFT JOIN [dbo].[@SLDT_SET_BRANCH] BRANCH ON ODPI.U_SLD_LVatBranch = BRANCH.Code
CROSS JOIN OADM

WHERE ODPI.DocEntry = {?DocKey@}
  AND {?ObjectId@} = '203'

UNION ALL
-- ========================================================
-- 2.1 item rows of the draft document (ODRF)
-- ========================================================
SELECT DISTINCT
    CRD1.Street     AS '1Bill',
    CRD1.State        AS StateB,
    OCRY.Name         AS 'CountryName',
    CRD1.StreetNo   AS '2Bill',
    CRD1.Block      AS '3Bill',
    CRD1.City       AS '4Bill',
    CRD1.County     AS '5Bill',
    CRD1.ZipCode    AS '6Bill',
    DPI12.StreetS     AS '1Ship',
    DPI12.StreetNoS   AS '2Ship',
    DPI12.BlockS      AS '3Ship',
    DPI12.CityS       AS '4Ship',
    DPI12.CountyS     AS '5Ship',
    DPI12.ZipCodeS    AS '6Ship',
    
    CASE 
        WHEN OCRD.Phone2 IS NULL THEN ''
        WHEN OCRD.Phone2 IS NOT NULL THEN ', ' + OCRD.Phone2
    END AS 'Phone2',
    OCPR.Name AS 'Coontact',
    
    CASE 
        WHEN BRANCH.Code = '00000' AND ODPI.DocCur = OADM.MainCurncy THEN N'สำนักงานใหญ่'
        WHEN BRANCH.Code = '00000' AND ODPI.DocCur <> OADM.MainCurncy THEN 'Head office'
        WHEN BRANCH.Code <> '00000' AND ODPI.DocCur = OADM.MainCurncy THEN concat(N'สาขาที่' ,' ',BRANCH.Code)
        WHEN BRANCH.Code <> '00000' AND ODPI.DocCur <> OADM.MainCurncy THEN concat('Branch' ,' ',BRANCH.Code)
    END AS 'GLN_H',
    
    CASE 
        WHEN CRD1.GlblLocNum = '00000' AND ODPI.DocCur = OADM.MainCurncy THEN N'(สำนักงานใหญ่)'
        WHEN CRD1.GlblLocNum = '00000' AND ODPI.DocCur <> OADM.MainCurncy THEN '(Head office)'
        WHEN CRD1.GlblLocNum <> '00000' AND ODPI.DocCur = OADM.MainCurncy THEN concat(N'(สาขาที่' ,' ',CRD1.GlblLocNum,')')
        WHEN CRD1.GlblLocNum <> '00000' AND ODPI.DocCur <> OADM.MainCurncy THEN concat('(Branch' ,' ',CRD1.GlblLocNum,')')
        WHEN CRD1.GlblLocNum = '' OR CRD1.GlblLocNum IS NULL THEN ''
    END AS 'GLN_BP',
    
    CASE
        WHEN ODPI.Printed = 'N' AND ODPI.DocCur <> OADM.MainCurncy THEN 'Original'
        WHEN ODPI.Printed = 'N' AND ODPI.DocCur = OADM.MainCurncy THEN N'ต้นฉบับ'
        WHEN ODPI.Printed = 'Y' AND ODPI.DocCur <> OADM.MainCurncy THEN 'Copy'
        WHEN ODPI.Printed = 'Y' AND ODPI.DocCur = OADM.MainCurncy THEN N'สำเนา'
    END AS 'Print Status',
    
    NNM1.BeginStr,
    ODPI.DocEntry,
    ODPI.DocNum,
    ODPI.DocDate,
    ODPI.CardCode,
    DPI1.unitmsr,
    ODPI.NumAtCard,
    
    (DPI1.VisOrder + 1) AS 'No.',
    DPI1.LineNum AS 'Line No.',
    
    ODPI.[Address],
    OCRD.U_SLD_Title,
    OCRD.U_SLD_FullName,
    CRD1.GlblLocNum,
    OCRD.Phone1,
    ISNULL(OCRD.Phone2,'') AS 'Phone2_2',
    OCRD.Fax,
    ODPI.LicTradNum,
    
    CASE 
         WHEN OCTG.PymntGroup = N'เงินสด' THEN 'Cash'
         WHEN OCTG.PymntGroup = N'120 วัน' THEN '120 Days'
         WHEN OCTG.PymntGroup = N'90 วัน' THEN '90 Days'
         WHEN OCTG.PymntGroup = N'60 วัน' THEN '60 Days'
         WHEN OCTG.PymntGroup = N'45 วัน' THEN '45 Days'
         WHEN OCTG.PymntGroup = N'30 วัน' THEN '30 Days'
         WHEN OCTG.PymntGroup = N'15 วัน' THEN '15 Days'
         WHEN OCTG.PymntGroup = N'7 วัน' THEN '7 Days'
         WHEN OCTG.PymntGroup = N'3 วัน' THEN '3 Days'
    END AS 'PaymentEng',
    
    ODPI.DocDueDate,
    DPI1.ItemCode,
    DPI1.Dscription AS 'Dscription',
    DPI1.Quantity,
    ODPI.Comments,
    ODPI.DocCur,
    
    DPI1.PriceBefDi AS 'PriceBefDi',
    CASE 
        WHEN ODPI.DocCur = 'THB' THEN DPI1.LineTotal 
        ELSE DPI1.TotalFrgn 
    END AS 'LineTotal',
    
    CASE WHEN ODPI.DocCur = 'THB' THEN ODPI.VatSum ELSE ODPI.VatSumFC END AS 'VatSum',
    CASE WHEN ODPI.DocCur = 'THB' THEN ODPI.DocTotal ELSE ODPI.DocTotalFC END AS 'DocTotal',
    CASE WHEN ODPI.DocCur = 'THB' THEN ODPI.DpmAmnt ELSE ODPI.DpmAmntFC END AS 'DpmAmnt',
    
    (SELECT CASE WHEN ODPI.DocCur = 'THB' THEN SUM(L.LineTotal) ELSE SUM(L.TotalFrgn) END
        FROM DRF1 L WHERE L.DocEntry = ODPI.DocEntry
    ) AS 'Sum_LineTotal_All',
    
    ODPI.dpmprcnt,
    RCT1.CheckNum,
    RCT1.[CheckSum],
    RCT1.DueDate AS 'Check Date',
    CAST(NULL AS NUMERIC(19,6)) AS 'CashSum',
    CAST(NULL AS NUMERIC(19,6)) AS 'TrsfrSum',
    ODSC.BankName,
    DPI1.LineType,
    OSLP.U_Name_Foreign AS 'Name',
    OCPR.Cellolar AS 'Tel1',
    OCPR.E_MailL,
    QPJ.Project,
    ISNULL(NULLIF(OUOM.U_SLD_Uomforeign,''), DPI1.UomCode) AS UgpCode,
    DPI1.VisOrder AS 'Sort_VisOrder',
    0 AS 'Sort_IsText',
    0 AS 'Sort_Seq'

FROM ODRF ODPI
INNER JOIN DRF1 DPI1 ON ODPI.DocEntry = DPI1.DocEntry
OUTER APPLY (
    SELECT TOP 1 P.Project 
    FROM DRF1 P 
    WHERE P.DocEntry = ODPI.DocEntry 
      AND P.Project IS NOT NULL 
      AND P.Project <> ''
) QPJ
LEFT JOIN DRF12 DPI12 ON ODPI.DocEntry = DPI12.DocEntry
LEFT JOIN NNM1 ON ODPI.Series = NNM1.Series 
LEFT JOIN OCRD ON ODPI.CardCode = OCRD.CardCode 
LEFT JOIN OCPR ON ODPI.CntctCode = OCPR.CntctCode
LEFT JOIN CRD1 ON (OCRD.CardCode = CRD1.CardCode AND ODPI.PayToCode = CRD1.[Address] AND CRD1.AdresType ='B')
LEFT JOIN OCRY ON CRD1.Country = OCRY.Code
LEFT JOIN OSLP ON ODPI.SlpCode = OSLP.SlpCode 
LEFT JOIN OCTG ON ODPI.GroupNum = OCTG.GroupNum 
LEFT JOIN OHEM ON ODPI.OwnerCode = OHEM.empID
LEFT JOIN OUSR ON ODPI.UserSign = OUSR.USERID
LEFT JOIN OPRJ ON QPJ.Project = OPRJ.PrjCode 
LEFT JOIN ORCT ON ODPI.ReceiptNum = ORCT.DocEntry
LEFT JOIN RCT1 ON ORCT.DocEntry = RCT1.DocNum
LEFT JOIN RCT2 ON ORCT.DocNum = RCT2.DocEntry
LEFT JOIN ODSC ON RCT1.BankCode = ODSC.BankCode
LEFT JOIN OITM ON DPI1.ItemCode = OITM.ItemCode
LEFT JOIN OUOM ON DPI1.UomCode = OUOM.UomCode
LEFT JOIN [dbo].[@SLDT_SET_BRANCH] BRANCH ON ODPI.U_SLD_LVatBranch = BRANCH.Code
CROSS JOIN OADM

WHERE ODPI.DocEntry = {?DocKey@}
  AND {?ObjectId@} = '112' AND ODPI.ObjType = '203'

UNION ALL
-- ========================================================
-- 2.2 text rows (remarks) of the draft document
-- ========================================================
SELECT DISTINCT
    CRD1.Street     AS '1Bill',
    CRD1.State        AS StateB,
    OCRY.Name         AS 'CountryName',
    CRD1.StreetNo   AS '2Bill',
    CRD1.Block      AS '3Bill',
    CRD1.City       AS '4Bill',
    CRD1.County     AS '5Bill',
    CRD1.ZipCode    AS '6Bill',
    DPI12.StreetS     AS '1Ship',
    DPI12.StreetNoS   AS '2Ship',
    DPI12.BlockS      AS '3Ship',
    DPI12.CityS       AS '4Ship',
    DPI12.CountyS     AS '5Ship',
    DPI12.ZipCodeS    AS '6Ship',
    
    CASE 
        WHEN OCRD.Phone2 IS NULL THEN ''
        WHEN OCRD.Phone2 IS NOT NULL THEN ', ' + OCRD.Phone2
    END AS 'Phone2',
    OCPR.Name AS 'Coontact',
    
    CASE 
        WHEN BRANCH.Code = '00000' AND ODPI.DocCur = OADM.MainCurncy THEN N'สำนักงานใหญ่'
        WHEN BRANCH.Code = '00000' AND ODPI.DocCur <> OADM.MainCurncy THEN 'Head office'
        WHEN BRANCH.Code <> '00000' AND ODPI.DocCur = OADM.MainCurncy THEN concat(N'สาขาที่' ,' ',BRANCH.Code)
        WHEN BRANCH.Code <> '00000' AND ODPI.DocCur <> OADM.MainCurncy THEN concat('Branch' ,' ',BRANCH.Code)
    END AS 'GLN_H',
    
    CASE 
        WHEN CRD1.GlblLocNum = '00000' AND ODPI.DocCur = OADM.MainCurncy THEN N'(สำนักงานใหญ่)'
        WHEN CRD1.GlblLocNum = '00000' AND ODPI.DocCur <> OADM.MainCurncy THEN '(Head office)'
        WHEN CRD1.GlblLocNum <> '00000' AND ODPI.DocCur = OADM.MainCurncy THEN concat(N'(สาขาที่' ,' ',CRD1.GlblLocNum,')')
        WHEN CRD1.GlblLocNum <> '00000' AND ODPI.DocCur <> OADM.MainCurncy THEN concat('(Branch' ,' ',CRD1.GlblLocNum,')')
        WHEN CRD1.GlblLocNum = '' OR CRD1.GlblLocNum IS NULL THEN ''
    END AS 'GLN_BP',
    
    CASE
        WHEN ODPI.Printed = 'N' AND ODPI.DocCur <> OADM.MainCurncy THEN 'Original'
        WHEN ODPI.Printed = 'N' AND ODPI.DocCur = OADM.MainCurncy THEN N'ต้นฉบับ'
        WHEN ODPI.Printed = 'Y' AND ODPI.DocCur <> OADM.MainCurncy THEN 'Copy'
        WHEN ODPI.Printed = 'Y' AND ODPI.DocCur = OADM.MainCurncy THEN N'สำเนา'
    END AS 'Print Status',
    
    NNM1.BeginStr,
    ODPI.DocEntry,
    ODPI.DocNum,
    ODPI.DocDate,
    ODPI.CardCode,
    NULL AS 'unitmsr',
    ODPI.NumAtCard,
    CAST(NULL AS INT) AS 'No.',
    DPI1.LineNum AS 'Line No.',
    ODPI.[Address],
    OCRD.U_SLD_Title,
    OCRD.U_SLD_FullName,
    CRD1.GlblLocNum,
    OCRD.Phone1,
    ISNULL(OCRD.Phone2,'') AS 'Phone2_2',
    OCRD.Fax,
    ODPI.LicTradNum,
    
    CASE 
         WHEN OCTG.PymntGroup = N'เงินสด' THEN 'Cash'
         WHEN OCTG.PymntGroup = N'120 วัน' THEN '120 Days'
         WHEN OCTG.PymntGroup = N'90 วัน' THEN '90 Days'
         WHEN OCTG.PymntGroup = N'60 วัน' THEN '60 Days'
         WHEN OCTG.PymntGroup = N'45 วัน' THEN '45 Days'
         WHEN OCTG.PymntGroup = N'30 วัน' THEN '30 Days'
         WHEN OCTG.PymntGroup = N'15 วัน' THEN '15 Days'
         WHEN OCTG.PymntGroup = N'7 วัน' THEN '7 Days'
         WHEN OCTG.PymntGroup = N'3 วัน' THEN '3 Days'
    END AS 'PaymentEng',
    
    ODPI.DocDueDate,
    NULL AS 'ItemCode',
    CAST(DPI10.LineText AS NVARCHAR(4000)) AS 'Dscription',
    NULL AS 'Quantity',
    ODPI.Comments,
    ODPI.DocCur,
    NULL AS 'PriceBefDi',
    NULL AS 'LineTotal',
    
    CASE WHEN ODPI.DocCur = 'THB' THEN ODPI.VatSum ELSE ODPI.VatSumFC END AS 'VatSum',
    CASE WHEN ODPI.DocCur = 'THB' THEN ODPI.DocTotal ELSE ODPI.DocTotalFC END AS 'DocTotal',
    CASE WHEN ODPI.DocCur = 'THB' THEN ODPI.DpmAmnt ELSE ODPI.DpmAmntFC END AS 'DpmAmnt',
    
    (SELECT CASE WHEN ODPI.DocCur = 'THB' THEN SUM(L.LineTotal) ELSE SUM(L.TotalFrgn) END
        FROM DRF1 L WHERE L.DocEntry = ODPI.DocEntry
    ) AS 'Sum_LineTotal_All',
    
    ODPI.dpmprcnt,
    RCT1.CheckNum,
    RCT1.[CheckSum],
    RCT1.DueDate AS 'Check Date',
    CAST(NULL AS NUMERIC(19,6)) AS 'CashSum',
    CAST(NULL AS NUMERIC(19,6)) AS 'TrsfrSum',
    ODSC.BankName,
    'T' AS 'LineType',
    OSLP.U_Name_Foreign AS 'Name',
    OCPR.Cellolar AS 'Tel1',
    OCPR.E_MailL,
    QPJ.Project,
    NULL AS UgpCode,
    COALESCE(DPI1.VisOrder, -1) AS 'Sort_VisOrder',
    1 AS 'Sort_IsText',
    DPI10.LineSeq AS 'Sort_Seq'

FROM ODRF ODPI
INNER JOIN DRF10 DPI10 ON ODPI.DocEntry = DPI10.DocEntry
LEFT JOIN DRF1 DPI1 ON DPI10.DocEntry = DPI1.DocEntry AND DPI10.AftLineNum = DPI1.LineNum
OUTER APPLY (
    SELECT TOP 1 P.Project 
    FROM DRF1 P 
    WHERE P.DocEntry = ODPI.DocEntry 
      AND P.Project IS NOT NULL 
      AND P.Project <> ''
) QPJ
LEFT JOIN DRF12 DPI12 ON ODPI.DocEntry = DPI12.DocEntry
LEFT JOIN NNM1 ON ODPI.Series = NNM1.Series 
LEFT JOIN OCRD ON ODPI.CardCode = OCRD.CardCode 
LEFT JOIN OCPR ON ODPI.CntctCode = OCPR.CntctCode
LEFT JOIN CRD1 ON (OCRD.CardCode = CRD1.CardCode AND ODPI.PayToCode = CRD1.[Address] AND CRD1.AdresType ='B')
LEFT JOIN OCRY ON CRD1.Country = OCRY.Code
LEFT JOIN OSLP ON ODPI.SlpCode = OSLP.SlpCode 
LEFT JOIN OCTG ON ODPI.GroupNum = OCTG.GroupNum 
LEFT JOIN OHEM ON ODPI.OwnerCode = OHEM.empID
LEFT JOIN OUSR ON ODPI.UserSign = OUSR.USERID
LEFT JOIN OPRJ ON QPJ.Project = OPRJ.PrjCode 
LEFT JOIN ORCT ON ODPI.ReceiptNum = ORCT.DocEntry
LEFT JOIN RCT1 ON ORCT.DocEntry = RCT1.DocNum
LEFT JOIN RCT2 ON ORCT.DocNum = RCT2.DocEntry
LEFT JOIN ODSC ON RCT1.BankCode = ODSC.BankCode
LEFT JOIN [dbo].[@SLDT_SET_BRANCH] BRANCH ON ODPI.U_SLD_LVatBranch = BRANCH.Code 
CROSS JOIN OADM

WHERE ODPI.DocEntry = {?DocKey@}
  AND {?ObjectId@} = '112' AND ODPI.ObjType = '203'

) T0
ORDER BY T0.[Sort_VisOrder] ASC, T0.[Sort_IsText] ASC, T0.[Sort_Seq] ASC
[2026-09-09 17:20:03][INFO] Alias filter: AR_DownPayment
[2026-09-09 17:20:03][INFO] Matched 1 report file(s).
[2026-09-09 17:20:03][INFO] --> C:\GitHub\SDA\Form-Layout_SDA\2. Sales - AR\5. AR Down Payment Invoice\2. AR Down Payment Invoice_DIS\2.AR Down PaymentTax Invoice_ใบเสร็จรับเงินมัดจำใบกำกับภาษี\2.AR Down PaymentTax Invoice_Dis_ENG ใบเสร็จรับเงินมัดจำใบกำกับภาษี.rpt
[2026-09-09 17:20:04][HIT]     [main] AR_DownPayment: 1 match(es)  (sqlLen=23517, fields=65)
[2026-09-09 17:20:04][OK]         User ID forced to 'sa'
[2026-09-09 17:20:04][OK]         [main] Address: User ID stamped 'sa' (SQL unchanged)
[2026-09-09 17:20:04][OK]         [main] Create: User ID stamped 'sa' (SQL unchanged)
[2026-09-09 17:20:04][OK]         [main] Command: User ID stamped 'sa' (SQL unchanged)
[2026-09-09 17:20:04][OK]     saved (1 replacement(s) in 1 table(s))
[2026-09-09 17:20:05][OK]     verified on disk: 4 command table(s)
[2026-09-09 17:20:05][INFO] ==============================================================
[2026-09-09 17:20:05][INFO] SUMMARY mode=APPLY  filesScanned=1  filesTouched=1  tablesTouched=1  replacements=1  fieldDiff=0  connDiff=0  userLost=0  errCount=0
[2026-09-09 17:20:05][INFO] USER ID ROUTES  keepuser=0  forced=4  fallback=0  noUserToStart=0
[2026-09-09 17:20:05][INFO] ==============================================================
[2026-09-09 17:20:11][INFO] === Edit-CommandSQL start  mode=APPLY ===
[2026-09-09 17:20:11][INFO] Root=C:\GitHub\SDA\Form-Layout_SDA\2. Sales - AR\5. AR Down Payment Invoice\2. AR Down Payment Invoice_DIS\3.AR Down Payment Invoice_ใบแจ้งหนี้เงินค่ามัดจำใบกำกับภาษี\3.AR Down Payment Invoice_Dis ใบแจ้งหนี้เงินค่ามัดจำใบกำกับภาษี.rpt
[2026-09-09 17:20:11][INFO] Pattern=(?s)\A.*\z
[2026-09-09 17:20:11][INFO] Replacement=-- RPT: 2. Sales - AR\5. AR Down Payment Invoice\1.AR Down Payment_ใบเสร็จรับเงินมัดจำ\1.AR Down Payment_ปกติ ใบเสร็จรับเงินมัดจำ.rpt
-- SCOPE: main
-- ALIAS: AR_DownPayment
-- FIELDS: 63
-- ---------------------------------------------------------------
SELECT T0.*
FROM (
-- ========================================================
-- 1.1 item rows of the real document (ODPI)
-- ========================================================
SELECT DISTINCT
    CRD1.Street     AS '1Bill',
    CRD1.State        AS StateB,
    CRD1.StreetNo   AS '2Bill',
    CRD1.Block      AS '3Bill',
    CRD1.City       AS '4Bill',
    CRD1.County     AS '5Bill',
    CRD1.ZipCode    AS '6Bill',
    DPI12.StreetS     AS '1Ship',
    DPI12.StreetNoS   AS '2Ship',
    DPI12.BlockS      AS '3Ship',
    DPI12.CityS       AS '4Ship',
    DPI12.CountyS     AS '5Ship',
    DPI12.ZipCodeS    AS '6Ship',
    
    OCPR.Cellolar AS 'Phone2_Format',
    OCPR.E_MailL,
    OCPR.Name AS 'Coontact',
    
    CASE 
        WHEN BRANCH.Code = '00000' AND ODPI.DocCur = OADM.MainCurncy THEN N'สำนักงานใหญ่'
        WHEN BRANCH.Code = '00000' AND ODPI.DocCur <> OADM.MainCurncy THEN 'Head office'
        WHEN BRANCH.Code <> '00000' AND ODPI.DocCur = OADM.MainCurncy THEN concat(N'สาขาที่' ,' ',BRANCH.Code)
        WHEN BRANCH.Code <> '00000' AND ODPI.DocCur <> OADM.MainCurncy THEN concat('Branch' ,' ',BRANCH.Code)
    END AS 'GLN_H',
    
    CASE 
        WHEN CRD1.GlblLocNum = '00000' AND ODPI.DocCur = OADM.MainCurncy THEN N'(สำนักงานใหญ่)'
        WHEN CRD1.GlblLocNum = '00000' AND ODPI.DocCur <> OADM.MainCurncy THEN '(Head office)'
        WHEN CRD1.GlblLocNum <> '00000' AND ODPI.DocCur = OADM.MainCurncy THEN concat(N'(สาขาที่' ,' ',CRD1.GlblLocNum,')')
        WHEN CRD1.GlblLocNum <> '00000' AND ODPI.DocCur <> OADM.MainCurncy THEN concat('(Branch' ,' ',CRD1.GlblLocNum,')')
        WHEN CRD1.GlblLocNum = '' OR CRD1.GlblLocNum IS NULL THEN ''
    END AS 'GLN_BP',
    
    CASE
        WHEN ODPI.Printed = 'N' AND ODPI.DocCur <> OADM.MainCurncy THEN 'Original'
        WHEN ODPI.Printed = 'N' AND ODPI.DocCur = OADM.MainCurncy THEN N'ต้นฉบับ'
        WHEN ODPI.Printed = 'Y' AND ODPI.DocCur <> OADM.MainCurncy THEN 'Copy'
        WHEN ODPI.Printed = 'Y' AND ODPI.DocCur = OADM.MainCurncy THEN N'สำเนา'
    END AS 'Print Status',
    
    NNM1.BeginStr,
    ODPI.DocEntry,
    ODPI.DocNum,
    ODPI.DocDate,
    ODPI.CardCode,
    DPI1.unitmsr,
    ODPI.NumAtCard,
    
    (DPI1.VisOrder + 1) AS 'No.',
    DPI1.LineNum AS 'Line No.',
    
    ODPI.[Address],
    OCRD.U_SLD_Title,
    OCRD.U_SLD_FullName,
    CRD1.GlblLocNum,
    OCRD.Phone1,
    ISNULL(OCRD.Phone2,'') AS 'Phone2',
    OCRD.Fax,
    ODPI.LicTradNum,
    OCTG.PymntGroup,
    ODPI.DocDueDate,
    DPI1.ItemCode,
    DPI1.Dscription AS 'Dscription',
    DPI1.Quantity,
    ODPI.Comments,
    ODPI.DocCur,

    DPI1.PriceBefDi AS 'PriceBefDi',
    
    CASE 
        WHEN ODPI.DocCur = 'THB' THEN DPI1.LineTotal 
        ELSE DPI1.TotalFrgn 
    END AS 'LineTotal',
    
    CASE WHEN ODPI.DocCur = 'THB' THEN ODPI.VatSum ELSE ODPI.VatSumFC END AS 'VatSum',
    CASE WHEN ODPI.DocCur = 'THB' THEN ODPI.DocTotal ELSE ODPI.DocTotalFC END AS 'DocTotal',
    CASE WHEN ODPI.DocCur = 'THB' THEN ODPI.DpmAmnt ELSE ODPI.DpmAmntFC END AS 'DpmAmnt',
    
    (SELECT CASE WHEN ODPI.DocCur = 'THB' THEN SUM(L.LineTotal) ELSE SUM(L.TotalFrgn) END
        FROM DPI1 L WHERE L.DocEntry = ODPI.DocEntry
    ) AS 'Sum_LineTotal_All',
    
    ODPI.dpmprcnt,
    RCT1.CheckNum,
    RCT1.[CheckSum],
    RCT1.DueDate AS 'Check Date',
    (SELECT CASE WHEN ODPI.DocCur = 'THB' THEN SUM(L.LineTotal) ELSE SUM(L.TotalFrgn) END FROM DPI1 L WHERE L.DocEntry = ODPI.DocEntry) AS 'CashSum',
    (SELECT CASE WHEN ODPI.DocCur = 'THB' THEN SUM(L.LineTotal) ELSE SUM(L.TotalFrgn) END FROM DPI1 L WHERE L.DocEntry = ODPI.DocEntry) AS 'TrsfrSum',
    ODSC.BankName,
    DPI1.LineType,
    OCPR.Name,
    OCPR.Cellolar AS 'Tel1',
    OCPR.E_MailL AS 'E_MailL_2',
    QPJ.Project,
    DPI1.VisOrder AS 'Sort_VisOrder',
    0 AS 'Sort_IsText',
    0 AS 'Sort_Seq'

FROM ODPI
INNER JOIN DPI1 ON ODPI.DocEntry = DPI1.DocEntry
OUTER APPLY (
    SELECT TOP 1 P.Project 
    FROM DPI1 P 
    WHERE P.DocEntry = ODPI.DocEntry 
      AND P.Project IS NOT NULL 
      AND P.Project <> ''
) QPJ
LEFT JOIN DPI12 ON ODPI.DocEntry = DPI12.DocEntry
LEFT JOIN NNM1 ON ODPI.Series = NNM1.Series 
LEFT JOIN OCRD ON ODPI.CardCode = OCRD.CardCode 
LEFT JOIN OCPR ON ODPI.CntctCode = OCPR.CntctCode
LEFT JOIN CRD1 ON (OCRD.CardCode = CRD1.CardCode AND ODPI.PayToCode = CRD1.[Address] AND CRD1.AdresType ='B')
LEFT JOIN OSLP ON ODPI.SlpCode = OSLP.SlpCode 
LEFT JOIN OCTG ON ODPI.GroupNum = OCTG.GroupNum 
LEFT JOIN OHEM ON ODPI.OwnerCode = OHEM.empID
LEFT JOIN OUSR ON ODPI.UserSign = OUSR.USERID
LEFT JOIN OPRJ ON QPJ.Project = OPRJ.PrjCode 
LEFT JOIN ORCT ON ODPI.ReceiptNum = ORCT.DocEntry
LEFT JOIN RCT1 ON ORCT.DocEntry = RCT1.DocNum
LEFT JOIN RCT2 ON ORCT.DocNum = RCT2.DocEntry
LEFT JOIN ODSC ON RCT1.BankCode = ODSC.BankCode
LEFT JOIN [dbo].[@SLDT_SET_BRANCH] BRANCH ON ODPI.U_SLD_LVatBranch = BRANCH.Code 
CROSS JOIN OADM

WHERE ODPI.DocEntry  = {?DocKey@}
  AND {?ObjectId@} = '203'

UNION ALL
-- ========================================================
-- 1.2 text rows (remarks) of the real document
-- ========================================================
SELECT DISTINCT
    CRD1.Street     AS '1Bill',
    CRD1.State        AS StateB,
    CRD1.StreetNo   AS '2Bill',
    CRD1.Block      AS '3Bill',
    CRD1.City       AS '4Bill',
    CRD1.County     AS '5Bill',
    CRD1.ZipCode    AS '6Bill',
    DPI12.StreetS     AS '1Ship',
    DPI12.StreetNoS   AS '2Ship',
    DPI12.BlockS      AS '3Ship',
    DPI12.CityS       AS '4Ship',
    DPI12.CountyS     AS '5Ship',
    DPI12.ZipCodeS    AS '6Ship',
    OCPR.Cellolar AS 'Phone2_Format',
    OCPR.E_MailL,
    OCPR.Name AS 'Coontact',
    
    CASE 
        WHEN BRANCH.Code = '00000' AND ODPI.DocCur = OADM.MainCurncy THEN N'สำนักงานใหญ่'
        WHEN BRANCH.Code = '00000' AND ODPI.DocCur <> OADM.MainCurncy THEN 'Head office'
        WHEN BRANCH.Code <> '00000' AND ODPI.DocCur = OADM.MainCurncy THEN concat(N'สาขาที่' ,' ',BRANCH.Code)
        WHEN BRANCH.Code <> '00000' AND ODPI.DocCur <> OADM.MainCurncy THEN concat('Branch' ,' ',BRANCH.Code)
    END AS 'GLN_H',
    
    CASE 
        WHEN CRD1.GlblLocNum = '00000' AND ODPI.DocCur = OADM.MainCurncy THEN N'(สำนักงานใหญ่)'
        WHEN CRD1.GlblLocNum = '00000' AND ODPI.DocCur <> OADM.MainCurncy THEN '(Head office)'
        WHEN CRD1.GlblLocNum <> '00000' AND ODPI.DocCur = OADM.MainCurncy THEN concat(N'(สาขาที่' ,' ',CRD1.GlblLocNum,')')
        WHEN CRD1.GlblLocNum <> '00000' AND ODPI.DocCur <> OADM.MainCurncy THEN concat('(Branch' ,' ',CRD1.GlblLocNum,')')
        WHEN CRD1.GlblLocNum = '' OR CRD1.GlblLocNum IS NULL THEN ''
    END AS 'GLN_BP',
    
    CASE
        WHEN ODPI.Printed = 'N' AND ODPI.DocCur <> OADM.MainCurncy THEN 'Original'
        WHEN ODPI.Printed = 'N' AND ODPI.DocCur = OADM.MainCurncy THEN N'ต้นฉบับ'
        WHEN ODPI.Printed = 'Y' AND ODPI.DocCur <> OADM.MainCurncy THEN 'Copy'
        WHEN ODPI.Printed = 'Y' AND ODPI.DocCur = OADM.MainCurncy THEN N'สำเนา'
    END AS 'Print Status',
    
    NNM1.BeginStr,
    ODPI.DocEntry,
    ODPI.DocNum,
    ODPI.DocDate,
    ODPI.CardCode,
    NULL AS 'unitmsr',
    ODPI.NumAtCard,
    CAST(NULL AS INT) AS 'No.',
    DPI1.LineNum AS 'Line No.',
    ODPI.[Address],
    OCRD.U_SLD_Title,
    OCRD.U_SLD_FullName,
    CRD1.GlblLocNum,
    OCRD.Phone1,
    ISNULL(OCRD.Phone2,'') AS 'Phone2',
    OCRD.Fax,
    ODPI.LicTradNum,
    OCTG.PymntGroup,
    ODPI.DocDueDate,
    NULL AS 'ItemCode',
    CAST(DPI10.LineText AS NVARCHAR(4000)) AS 'Dscription',
    NULL AS 'Quantity',
    ODPI.Comments,
    ODPI.DocCur,
    NULL AS 'PriceBefDi',
    NULL AS 'LineTotal',
    
    CASE WHEN ODPI.DocCur = 'THB' THEN ODPI.VatSum ELSE ODPI.VatSumFC END AS 'VatSum',
    CASE WHEN ODPI.DocCur = 'THB' THEN ODPI.DocTotal ELSE ODPI.DocTotalFC END AS 'DocTotal',
    CASE WHEN ODPI.DocCur = 'THB' THEN ODPI.DpmAmnt ELSE ODPI.DpmAmntFC END AS 'DpmAmnt',
    
    (SELECT CASE WHEN ODPI.DocCur = 'THB' THEN SUM(L.LineTotal) ELSE SUM(L.TotalFrgn) END
        FROM DPI1 L WHERE L.DocEntry = ODPI.DocEntry
    ) AS 'Sum_LineTotal_All',
    
    ODPI.dpmprcnt,
    RCT1.CheckNum,
    RCT1.[CheckSum],
    RCT1.DueDate AS 'Check Date',
    SUM(ORCT.CashSum) OVER() AS 'CashSum',
    SUM(ORCT.TrsfrSum) OVER() AS 'TrsfrSum',
    ODSC.BankName,
    'T' AS 'LineType',
    OCPR.Name,
    OCPR.Cellolar AS 'Tel1',
    OCPR.E_MailL AS 'E_MailL_2',
    QPJ.Project,
    
    COALESCE(DPI1.VisOrder, -1) AS 'Sort_VisOrder',
    1 AS 'Sort_IsText',
    DPI10.LineSeq AS 'Sort_Seq'

FROM ODPI
INNER JOIN DPI10 ON ODPI.DocEntry = DPI10.DocEntry
LEFT JOIN DPI1 ON DPI10.DocEntry = DPI1.DocEntry AND DPI10.AftLineNum = DPI1.LineNum
OUTER APPLY (
    SELECT TOP 1 P.Project 
    FROM DPI1 P 
    WHERE P.DocEntry = ODPI.DocEntry 
      AND P.Project IS NOT NULL 
      AND P.Project <> ''
) QPJ
LEFT JOIN DPI12 ON ODPI.DocEntry = DPI12.DocEntry
LEFT JOIN NNM1 ON ODPI.Series = NNM1.Series 
LEFT JOIN OCRD ON ODPI.CardCode = OCRD.CardCode 
LEFT JOIN OCPR ON ODPI.CntctCode = OCPR.CntctCode
LEFT JOIN CRD1 ON (OCRD.CardCode = CRD1.CardCode AND ODPI.PayToCode = CRD1.[Address] AND CRD1.AdresType ='B')
LEFT JOIN OSLP ON ODPI.SlpCode = OSLP.SlpCode 
LEFT JOIN OCTG ON ODPI.GroupNum = OCTG.GroupNum 
LEFT JOIN OHEM ON ODPI.OwnerCode = OHEM.empID
LEFT JOIN OUSR ON ODPI.UserSign = OUSR.USERID
LEFT JOIN OPRJ ON QPJ.Project = OPRJ.PrjCode 
LEFT JOIN ORCT ON ODPI.ReceiptNum = ORCT.DocEntry
LEFT JOIN RCT1 ON ORCT.DocEntry = RCT1.DocNum
LEFT JOIN RCT2 ON ORCT.DocNum = RCT2.DocEntry
LEFT JOIN ODSC ON RCT1.BankCode = ODSC.BankCode
LEFT JOIN [dbo].[@SLDT_SET_BRANCH] BRANCH ON ODPI.U_SLD_LVatBranch = BRANCH.Code 
CROSS JOIN OADM

WHERE ODPI.DocEntry  = {?DocKey@}
  AND {?ObjectId@} = '203'

UNION ALL
-- ========================================================
-- 2.1 item rows of the draft document (ODRF)
-- ========================================================
SELECT DISTINCT
    CRD1.Street     AS '1Bill',
    CRD1.State        AS StateB,
    CRD1.StreetNo   AS '2Bill',
    CRD1.Block      AS '3Bill',
    CRD1.City       AS '4Bill',
    CRD1.County     AS '5Bill',
    CRD1.ZipCode    AS '6Bill',
    DPI12.StreetS     AS '1Ship',
    DPI12.StreetNoS   AS '2Ship',
    DPI12.BlockS      AS '3Ship',
    DPI12.CityS       AS '4Ship',
    DPI12.CountyS     AS '5Ship',
    DPI12.ZipCodeS    AS '6Ship',
    
    OCPR.Cellolar AS 'Phone2_Format',
    OCPR.E_MailL,
    OCPR.Name AS 'Coontact',
    
    CASE 
        WHEN BRANCH.Code = '00000' AND ODPI.DocCur = OADM.MainCurncy THEN N'สำนักงานใหญ่'
        WHEN BRANCH.Code = '00000' AND ODPI.DocCur <> OADM.MainCurncy THEN 'Head office'
        WHEN BRANCH.Code <> '00000' AND ODPI.DocCur = OADM.MainCurncy THEN concat(N'สาขาที่' ,' ',BRANCH.Code)
        WHEN BRANCH.Code <> '00000' AND ODPI.DocCur <> OADM.MainCurncy THEN concat('Branch' ,' ',BRANCH.Code)
    END AS 'GLN_H',
    
    CASE 
        WHEN CRD1.GlblLocNum = '00000' AND ODPI.DocCur = OADM.MainCurncy THEN N'(สำนักงานใหญ่)'
        WHEN CRD1.GlblLocNum = '00000' AND ODPI.DocCur <> OADM.MainCurncy THEN '(Head office)'
        WHEN CRD1.GlblLocNum <> '00000' AND ODPI.DocCur = OADM.MainCurncy THEN concat(N'(สาขาที่' ,' ',CRD1.GlblLocNum,')')
        WHEN CRD1.GlblLocNum <> '00000' AND ODPI.DocCur <> OADM.MainCurncy THEN concat('(Branch' ,' ',CRD1.GlblLocNum,')')
        WHEN CRD1.GlblLocNum = '' OR CRD1.GlblLocNum IS NULL THEN ''
    END AS 'GLN_BP',
    
    CASE
        WHEN ODPI.Printed = 'N' AND ODPI.DocCur <> OADM.MainCurncy THEN 'Original'
        WHEN ODPI.Printed = 'N' AND ODPI.DocCur = OADM.MainCurncy THEN N'ต้นฉบับ'
        WHEN ODPI.Printed = 'Y' AND ODPI.DocCur <> OADM.MainCurncy THEN 'Copy'
        WHEN ODPI.Printed = 'Y' AND ODPI.DocCur = OADM.MainCurncy THEN N'สำเนา'
    END AS 'Print Status',
    
    NNM1.BeginStr,
    ODPI.DocEntry,
    ODPI.DocNum,
    ODPI.DocDate,
    ODPI.CardCode,
    DPI1.unitmsr,
    ODPI.NumAtCard,
    
    (DPI1.VisOrder + 1) AS 'No.',
    DPI1.LineNum AS 'Line No.',
    
    ODPI.[Address],
    OCRD.U_SLD_Title,
    OCRD.U_SLD_FullName,
    CRD1.GlblLocNum,
    OCRD.Phone1,
    ISNULL(OCRD.Phone2,'') AS 'Phone2',
    OCRD.Fax,
    ODPI.LicTradNum,
    OCTG.PymntGroup,
    ODPI.DocDueDate,
    DPI1.ItemCode,
    DPI1.Dscription AS 'Dscription',
    DPI1.Quantity,
    ODPI.Comments,
    ODPI.DocCur,
    
    DPI1.PriceBefDi AS 'PriceBefDi',
    CASE 
        WHEN ODPI.DocCur = 'THB' THEN DPI1.LineTotal 
        ELSE DPI1.TotalFrgn 
    END AS 'LineTotal',
    
    CASE WHEN ODPI.DocCur = 'THB' THEN ODPI.VatSum ELSE ODPI.VatSumFC END AS 'VatSum',
    CASE WHEN ODPI.DocCur = 'THB' THEN ODPI.DocTotal ELSE ODPI.DocTotalFC END AS 'DocTotal',
    CASE WHEN ODPI.DocCur = 'THB' THEN ODPI.DpmAmnt ELSE ODPI.DpmAmntFC END AS 'DpmAmnt',
    
    (SELECT CASE WHEN ODPI.DocCur = 'THB' THEN SUM(L.LineTotal) ELSE SUM(L.TotalFrgn) END
        FROM DRF1 L WHERE L.DocEntry = ODPI.DocEntry
    ) AS 'Sum_LineTotal_All',
    
    ODPI.dpmprcnt,
    RCT1.CheckNum,
    RCT1.[CheckSum],
    RCT1.DueDate AS 'Check Date',
    CAST(NULL AS NUMERIC(19,6)) AS 'CashSum',
    CAST(NULL AS NUMERIC(19,6)) AS 'TrsfrSum',
    ODSC.BankName,
    DPI1.LineType,
    OCPR.Name,
    OCPR.Cellolar AS 'Tel1',
    OCPR.E_MailL AS 'E_MailL_2',
    QPJ.Project,
    DPI1.VisOrder AS 'Sort_VisOrder',
    0 AS 'Sort_IsText',
    0 AS 'Sort_Seq'

FROM ODRF ODPI
INNER JOIN DRF1 DPI1 ON ODPI.DocEntry = DPI1.DocEntry
OUTER APPLY (
    SELECT TOP 1 P.Project 
    FROM DRF1 P 
    WHERE P.DocEntry = ODPI.DocEntry 
      AND P.Project IS NOT NULL 
      AND P.Project <> ''
) QPJ
LEFT JOIN DRF12 DPI12 ON ODPI.DocEntry = DPI12.DocEntry
LEFT JOIN NNM1 ON ODPI.Series = NNM1.Series 
LEFT JOIN OCRD ON ODPI.CardCode = OCRD.CardCode 
LEFT JOIN OCPR ON ODPI.CntctCode = OCPR.CntctCode
LEFT JOIN CRD1 ON (OCRD.CardCode = CRD1.CardCode AND ODPI.PayToCode = CRD1.[Address] AND CRD1.AdresType ='B')
LEFT JOIN OSLP ON ODPI.SlpCode = OSLP.SlpCode 
LEFT JOIN OCTG ON ODPI.GroupNum = OCTG.GroupNum 
LEFT JOIN OHEM ON ODPI.OwnerCode = OHEM.empID
LEFT JOIN OUSR ON ODPI.UserSign = OUSR.USERID
LEFT JOIN OPRJ ON QPJ.Project = OPRJ.PrjCode 
LEFT JOIN ORCT ON ODPI.ReceiptNum = ORCT.DocEntry
LEFT JOIN RCT1 ON ORCT.DocEntry = RCT1.DocNum
LEFT JOIN RCT2 ON ORCT.DocNum = RCT2.DocEntry
LEFT JOIN ODSC ON RCT1.BankCode = ODSC.BankCode
LEFT JOIN [dbo].[@SLDT_SET_BRANCH] BRANCH ON ODPI.U_SLD_LVatBranch = BRANCH.Code 
CROSS JOIN OADM

WHERE ODPI.DocEntry  = {?DocKey@}
  AND {?ObjectId@} = '112' AND ODPI.ObjType = '203'

UNION ALL
-- ========================================================
-- 2.2 text rows (remarks) of the draft document
-- ========================================================
SELECT DISTINCT
    CRD1.Street     AS '1Bill',
    CRD1.State        AS StateB,
    CRD1.StreetNo   AS '2Bill',
    CRD1.Block      AS '3Bill',
    CRD1.City       AS '4Bill',
    CRD1.County     AS '5Bill',
    CRD1.ZipCode    AS '6Bill',
    DPI12.StreetS     AS '1Ship',
    DPI12.StreetNoS   AS '2Ship',
    DPI12.BlockS      AS '3Ship',
    DPI12.CityS       AS '4Ship',
    DPI12.CountyS     AS '5Ship',
    DPI12.ZipCodeS    AS '6Ship',
    OCPR.Cellolar AS 'Phone2_Format',
    OCPR.E_MailL,
    OCPR.Name AS 'Coontact',
    
    CASE 
        WHEN BRANCH.Code = '00000' AND ODPI.DocCur = OADM.MainCurncy THEN N'สำนักงานใหญ่'
        WHEN BRANCH.Code = '00000' AND ODPI.DocCur <> OADM.MainCurncy THEN 'Head office'
        WHEN BRANCH.Code <> '00000' AND ODPI.DocCur = OADM.MainCurncy THEN concat(N'สาขาที่' ,' ',BRANCH.Code)
        WHEN BRANCH.Code <> '00000' AND ODPI.DocCur <> OADM.MainCurncy THEN concat('Branch' ,' ',BRANCH.Code)
    END AS 'GLN_H',
    
    CASE 
        WHEN CRD1.GlblLocNum = '00000' AND ODPI.DocCur = OADM.MainCurncy THEN N'(สำนักงานใหญ่)'
        WHEN CRD1.GlblLocNum = '00000' AND ODPI.DocCur <> OADM.MainCurncy THEN '(Head office)'
        WHEN CRD1.GlblLocNum <> '00000' AND ODPI.DocCur = OADM.MainCurncy THEN concat(N'(สาขาที่' ,' ',CRD1.GlblLocNum,')')
        WHEN CRD1.GlblLocNum <> '00000' AND ODPI.DocCur <> OADM.MainCurncy THEN concat('(Branch' ,' ',CRD1.GlblLocNum,')')
        WHEN CRD1.GlblLocNum = '' OR CRD1.GlblLocNum IS NULL THEN ''
    END AS 'GLN_BP',
    
    CASE
        WHEN ODPI.Printed = 'N' AND ODPI.DocCur <> OADM.MainCurncy THEN 'Original'
        WHEN ODPI.Printed = 'N' AND ODPI.DocCur = OADM.MainCurncy THEN N'ต้นฉบับ'
        WHEN ODPI.Printed = 'Y' AND ODPI.DocCur <> OADM.MainCurncy THEN 'Copy'
        WHEN ODPI.Printed = 'Y' AND ODPI.DocCur = OADM.MainCurncy THEN N'สำเนา'
    END AS 'Print Status',
    
    NNM1.BeginStr,
    ODPI.DocEntry,
    ODPI.DocNum,
    ODPI.DocDate,
    ODPI.CardCode,
    NULL AS 'unitmsr',
    ODPI.NumAtCard,
    CAST(NULL AS INT) AS 'No.',
    DPI1.LineNum AS 'Line No.',
    ODPI.[Address],
    OCRD.U_SLD_Title,
    OCRD.U_SLD_FullName,
    CRD1.GlblLocNum,
    OCRD.Phone1,
    ISNULL(OCRD.Phone2,'') AS 'Phone2',
    OCRD.Fax,
    ODPI.LicTradNum,
    OCTG.PymntGroup,
    ODPI.DocDueDate,
    NULL AS 'ItemCode',
    CAST(DPI10.LineText AS NVARCHAR(4000)) AS 'Dscription',
    NULL AS 'Quantity',
    ODPI.Comments,
    ODPI.DocCur,
    NULL AS 'PriceBefDi',
    NULL AS 'LineTotal',
    
    CASE WHEN ODPI.DocCur = 'THB' THEN ODPI.VatSum ELSE ODPI.VatSumFC END AS 'VatSum',
    CASE WHEN ODPI.DocCur = 'THB' THEN ODPI.DocTotal ELSE ODPI.DocTotalFC END AS 'DocTotal',
    CASE WHEN ODPI.DocCur = 'THB' THEN ODPI.DpmAmnt ELSE ODPI.DpmAmntFC END AS 'DpmAmnt',
    
    (SELECT CASE WHEN ODPI.DocCur = 'THB' THEN SUM(L.LineTotal) ELSE SUM(L.TotalFrgn) END
        FROM DRF1 L WHERE L.DocEntry = ODPI.DocEntry
    ) AS 'Sum_LineTotal_All',
    
    ODPI.dpmprcnt,
    RCT1.CheckNum,
    RCT1.[CheckSum],
    RCT1.DueDate AS 'Check Date',
    CAST(NULL AS NUMERIC(19,6)) AS 'CashSum',
    CAST(NULL AS NUMERIC(19,6)) AS 'TrsfrSum',
    ODSC.BankName,
    'T' AS 'LineType',
    OCPR.Name,
    OCPR.Cellolar AS 'Tel1',
    OCPR.E_MailL AS 'E_MailL_2',
    QPJ.Project,
    
    COALESCE(DPI1.VisOrder, -1) AS 'Sort_VisOrder',
    1 AS 'Sort_IsText',
    DPI10.LineSeq AS 'Sort_Seq'

FROM ODRF ODPI
INNER JOIN DRF10 DPI10 ON ODPI.DocEntry = DPI10.DocEntry
LEFT JOIN DRF1 DPI1 ON DPI10.DocEntry = DPI1.DocEntry AND DPI10.AftLineNum = DPI1.LineNum
OUTER APPLY (
    SELECT TOP 1 P.Project 
    FROM DRF1 P 
    WHERE P.DocEntry = ODPI.DocEntry 
      AND P.Project IS NOT NULL 
      AND P.Project <> ''
) QPJ
LEFT JOIN DRF12 DPI12 ON ODPI.DocEntry = DPI12.DocEntry
LEFT JOIN NNM1 ON ODPI.Series = NNM1.Series 
LEFT JOIN OCRD ON ODPI.CardCode = OCRD.CardCode 
LEFT JOIN OCPR ON ODPI.CntctCode = OCPR.CntctCode
LEFT JOIN CRD1 ON (OCRD.CardCode = CRD1.CardCode AND ODPI.PayToCode = CRD1.[Address] AND CRD1.AdresType ='B')
LEFT JOIN OSLP ON ODPI.SlpCode = OSLP.SlpCode 
LEFT JOIN OCTG ON ODPI.GroupNum = OCTG.GroupNum 
LEFT JOIN OHEM ON ODPI.OwnerCode = OHEM.empID
LEFT JOIN OUSR ON ODPI.UserSign = OUSR.USERID
LEFT JOIN OPRJ ON QPJ.Project = OPRJ.PrjCode 
LEFT JOIN ORCT ON ODPI.ReceiptNum = ORCT.DocEntry
LEFT JOIN RCT1 ON ORCT.DocEntry = RCT1.DocNum
LEFT JOIN RCT2 ON ORCT.DocNum = RCT2.DocEntry
LEFT JOIN ODSC ON RCT1.BankCode = ODSC.BankCode
LEFT JOIN [dbo].[@SLDT_SET_BRANCH] BRANCH ON ODPI.U_SLD_LVatBranch = BRANCH.Code 
CROSS JOIN OADM

WHERE ODPI.DocEntry  = {?DocKey@}
  AND {?ObjectId@} = '112' AND ODPI.ObjType = '203'

) T0
ORDER BY T0.[Sort_VisOrder] ASC, T0.[Sort_IsText] ASC, T0.[Sort_Seq] ASC
[2026-09-09 17:20:11][INFO] Alias filter: AR_DownPayment
[2026-09-09 17:20:11][INFO] Matched 1 report file(s).
[2026-09-09 17:20:11][INFO] --> C:\GitHub\SDA\Form-Layout_SDA\2. Sales - AR\5. AR Down Payment Invoice\2. AR Down Payment Invoice_DIS\3.AR Down Payment Invoice_ใบแจ้งหนี้เงินค่ามัดจำใบกำกับภาษี\3.AR Down Payment Invoice_Dis ใบแจ้งหนี้เงินค่ามัดจำใบกำกับภาษี.rpt
[2026-09-09 17:20:12][HIT]     [main] AR_DownPayment: 1 match(es)  (sqlLen=20336, fields=64)
[2026-09-09 17:20:12][OK]         User ID forced to 'sa'
[2026-09-09 17:20:12][OK]         [main] Address: User ID stamped 'sa' (SQL unchanged)
[2026-09-09 17:20:12][OK]         [main] Create: User ID stamped 'sa' (SQL unchanged)
[2026-09-09 17:20:12][OK]         [main] Command: User ID stamped 'sa' (SQL unchanged)
[2026-09-09 17:20:12][OK]     saved (1 replacement(s) in 1 table(s))
[2026-09-09 17:20:13][OK]     verified on disk: 4 command table(s)
[2026-09-09 17:20:13][INFO] ==============================================================
[2026-09-09 17:20:13][INFO] SUMMARY mode=APPLY  filesScanned=1  filesTouched=1  tablesTouched=1  replacements=1  fieldDiff=0  connDiff=0  userLost=0  errCount=0
[2026-09-09 17:20:13][INFO] USER ID ROUTES  keepuser=0  forced=4  fallback=0  noUserToStart=0
[2026-09-09 17:20:13][INFO] ==============================================================
[2026-09-09 17:20:21][INFO] === Edit-CommandSQL start  mode=APPLY ===
[2026-09-09 17:20:21][INFO] Root=C:\GitHub\SDA\Form-Layout_SDA\2. Sales - AR\5. AR Down Payment Invoice\2. AR Down Payment Invoice_DIS\3.AR Down Payment Invoice_ใบแจ้งหนี้เงินค่ามัดจำใบกำกับภาษี\3.AR Down PaymentTax Invoice_Dis_ENG ใบแจ้งหนี้เงินค่ามัดจำใบกำกับภาษี.rpt
[2026-09-09 17:20:21][INFO] Pattern=(?s)\A.*\z
[2026-09-09 17:20:21][INFO] Replacement=-- RPT: 2. Sales - AR\5. AR Down Payment Invoice\1.AR Down Payment_ใบเสร็จรับเงินมัดจำ\1.AR Down Payment_ENG_ปกติ ใบเสร็จรับเงินมัดจำ.rpt
-- SCOPE: main
-- ALIAS: AR_DownPayment
-- FIELDS: 63
-- ---------------------------------------------------------------
SELECT T0.*
FROM (
-- ========================================================
-- 1.1 item rows of the real document (ODPI)
-- ========================================================
SELECT DISTINCT
    CRD1.Street     AS '1Bill',
    CRD1.State        AS StateB,
    OCRY.Name         AS 'CountryName',
    CRD1.StreetNo   AS '2Bill',
    CRD1.Block      AS '3Bill',
    CRD1.City       AS '4Bill',
    CRD1.County     AS '5Bill',
    CRD1.ZipCode    AS '6Bill',
    DPI12.StreetS     AS '1Ship',
    DPI12.StreetNoS   AS '2Ship',
    DPI12.BlockS      AS '3Ship',
    DPI12.CityS       AS '4Ship',
    DPI12.CountyS     AS '5Ship',
    DPI12.ZipCodeS    AS '6Ship',
    
    CASE 
        WHEN OCRD.Phone2 IS NULL THEN ''
        WHEN OCRD.Phone2 IS NOT NULL THEN ', ' + OCRD.Phone2
    END AS 'Phone2',
    OCPR.Name AS 'Coontact',
    
    CASE 
        WHEN BRANCH.Code = '00000' AND ODPI.DocCur = OADM.MainCurncy THEN N'สำนักงานใหญ่'
        WHEN BRANCH.Code = '00000' AND ODPI.DocCur <> OADM.MainCurncy THEN 'Head office'
        WHEN BRANCH.Code <> '00000' AND ODPI.DocCur = OADM.MainCurncy THEN concat(N'สาขาที่' ,' ',BRANCH.Code)
        WHEN BRANCH.Code <> '00000' AND ODPI.DocCur <> OADM.MainCurncy THEN concat('Branch' ,' ',BRANCH.Code)
    END AS 'GLN_H',
    
    CASE 
        WHEN CRD1.GlblLocNum = '00000' AND ODPI.DocCur = OADM.MainCurncy THEN N'(สำนักงานใหญ่)'
        WHEN CRD1.GlblLocNum = '00000' AND ODPI.DocCur <> OADM.MainCurncy THEN '(Head office)'
        WHEN CRD1.GlblLocNum <> '00000' AND ODPI.DocCur = OADM.MainCurncy THEN concat(N'(สาขาที่' ,' ',CRD1.GlblLocNum,')')
        WHEN CRD1.GlblLocNum <> '00000' AND ODPI.DocCur <> OADM.MainCurncy THEN concat('(Branch' ,' ',CRD1.GlblLocNum,')')
        WHEN CRD1.GlblLocNum = '' OR CRD1.GlblLocNum IS NULL THEN ''
    END AS 'GLN_BP',
    
    CASE
        WHEN ODPI.Printed = 'N' AND ODPI.DocCur <> OADM.MainCurncy THEN 'Original'
        WHEN ODPI.Printed = 'N' AND ODPI.DocCur = OADM.MainCurncy THEN N'ต้นฉบับ'
        WHEN ODPI.Printed = 'Y' AND ODPI.DocCur <> OADM.MainCurncy THEN 'Copy'
        WHEN ODPI.Printed = 'Y' AND ODPI.DocCur = OADM.MainCurncy THEN N'สำเนา'
    END AS 'Print Status',
    
    NNM1.BeginStr,
    ODPI.DocEntry,
    ODPI.DocNum,
    ODPI.DocDate,
    ODPI.CardCode,
    DPI1.unitmsr,
    ODPI.NumAtCard,
    
    (DPI1.VisOrder + 1) AS 'No.',
    DPI1.LineNum AS 'Line No.',
    
    ODPI.[Address],
    OCRD.U_SLD_Title,
    OCRD.U_SLD_FullName,
    CRD1.GlblLocNum,
    OCRD.Phone1,
    ISNULL(OCRD.Phone2,'') AS 'Phone2_2',
    OCRD.Fax,
    ODPI.LicTradNum,
    
    CASE 
         WHEN OCTG.PymntGroup = N'เงินสด' THEN 'Cash'
         WHEN OCTG.PymntGroup = N'120 วัน' THEN '120 Days'
         WHEN OCTG.PymntGroup = N'90 วัน' THEN '90 Days'
         WHEN OCTG.PymntGroup = N'60 วัน' THEN '60 Days'
         WHEN OCTG.PymntGroup = N'45 วัน' THEN '45 Days'
         WHEN OCTG.PymntGroup = N'30 วัน' THEN '30 Days'
         WHEN OCTG.PymntGroup = N'15 วัน' THEN '15 Days'
         WHEN OCTG.PymntGroup = N'7 วัน' THEN '7 Days'
         WHEN OCTG.PymntGroup = N'3 วัน' THEN '3 Days'
    END AS 'PaymentEng',
    
    ODPI.DocDueDate,
    DPI1.ItemCode,
    DPI1.Dscription AS 'Dscription',
    DPI1.Quantity,
    ODPI.Comments,
    ODPI.DocCur,

    DPI1.PriceBefDi AS 'PriceBefDi',
    
    CASE 
        WHEN ODPI.DocCur = 'THB' THEN DPI1.LineTotal 
        ELSE DPI1.TotalFrgn 
    END AS 'LineTotal',
    
    CASE WHEN ODPI.DocCur = 'THB' THEN ODPI.VatSum ELSE ODPI.VatSumFC END AS 'VatSum',
    CASE WHEN ODPI.DocCur = 'THB' THEN ODPI.DocTotal ELSE ODPI.DocTotalFC END AS 'DocTotal',
    CASE WHEN ODPI.DocCur = 'THB' THEN ODPI.DpmAmnt ELSE ODPI.DpmAmntFC END AS 'DpmAmnt',
    
    (SELECT CASE WHEN ODPI.DocCur = 'THB' THEN SUM(L.LineTotal) ELSE SUM(L.TotalFrgn) END
        FROM DPI1 L WHERE L.DocEntry = ODPI.DocEntry
    ) AS 'Sum_LineTotal_All',
    
    ODPI.dpmprcnt,
    RCT1.CheckNum,
    RCT1.[CheckSum],
    RCT1.DueDate AS 'Check Date',
    (SELECT CASE WHEN ODPI.DocCur = 'THB' THEN SUM(L.LineTotal) ELSE SUM(L.TotalFrgn) END FROM DPI1 L WHERE L.DocEntry = ODPI.DocEntry) AS 'CashSum',
    SUM(ORCT.TrsfrSum) OVER(PARTITION BY ODPI.DocEntry) AS 'TrsfrSum',
    ODSC.BankName,
    DPI1.LineType,
    OSLP.U_Name_Foreign AS 'Name',
    OCPR.Cellolar AS 'Tel1',
    OCPR.E_MailL,
    QPJ.Project,
    ISNULL(NULLIF(OUOM.U_SLD_Uomforeign,''), DPI1.UomCode) AS UgpCode,
    DPI1.VisOrder AS 'Sort_VisOrder',
    0 AS 'Sort_IsText',
    0 AS 'Sort_Seq'

FROM ODPI
INNER JOIN DPI1 ON ODPI.DocEntry = DPI1.DocEntry
OUTER APPLY (
    SELECT TOP 1 P.Project 
    FROM DPI1 P 
    WHERE P.DocEntry = ODPI.DocEntry 
      AND P.Project IS NOT NULL 
      AND P.Project <> ''
) QPJ
LEFT JOIN DPI12 ON ODPI.DocEntry = DPI12.DocEntry
LEFT JOIN NNM1 ON ODPI.Series = NNM1.Series 
LEFT JOIN OCRD ON ODPI.CardCode = OCRD.CardCode 
LEFT JOIN OCPR ON ODPI.CntctCode = OCPR.CntctCode
LEFT JOIN CRD1 ON (OCRD.CardCode = CRD1.CardCode AND ODPI.PayToCode = CRD1.[Address] AND CRD1.AdresType ='B')
LEFT JOIN OCRY ON CRD1.Country = OCRY.Code
LEFT JOIN OSLP ON ODPI.SlpCode = OSLP.SlpCode 
LEFT JOIN OCTG ON ODPI.GroupNum = OCTG.GroupNum 
LEFT JOIN OHEM ON ODPI.OwnerCode = OHEM.empID
LEFT JOIN OUSR ON ODPI.UserSign = OUSR.USERID
LEFT JOIN OPRJ ON QPJ.Project = OPRJ.PrjCode 
LEFT JOIN ORCT ON ODPI.ReceiptNum = ORCT.DocEntry
LEFT JOIN RCT1 ON ORCT.DocEntry = RCT1.DocNum
LEFT JOIN RCT2 ON ORCT.DocNum = RCT2.DocEntry
LEFT JOIN ODSC ON RCT1.BankCode = ODSC.BankCode
LEFT JOIN OITM ON DPI1.ItemCode = OITM.ItemCode
LEFT JOIN OUOM ON DPI1.UomCode = OUOM.UomCode
LEFT JOIN [dbo].[@SLDT_SET_BRANCH] BRANCH ON ODPI.U_SLD_LVatBranch = BRANCH.Code
CROSS JOIN OADM

WHERE ODPI.DocEntry = {?DocKey@}
  AND {?ObjectId@} = '203'

UNION ALL
-- ========================================================
-- 1.2 text rows (remarks) of the real document
-- ========================================================
SELECT DISTINCT
    CRD1.Street     AS '1Bill',
    CRD1.State        AS StateB,
    OCRY.Name         AS 'CountryName',
    CRD1.StreetNo   AS '2Bill',
    CRD1.Block      AS '3Bill',
    CRD1.City       AS '4Bill',
    CRD1.County     AS '5Bill',
    CRD1.ZipCode    AS '6Bill',
    DPI12.StreetS     AS '1Ship',
    DPI12.StreetNoS   AS '2Ship',
    DPI12.BlockS      AS '3Ship',
    DPI12.CityS       AS '4Ship',
    DPI12.CountyS     AS '5Ship',
    DPI12.ZipCodeS    AS '6Ship',
    
    CASE 
        WHEN OCRD.Phone2 IS NULL THEN ''
        WHEN OCRD.Phone2 IS NOT NULL THEN ', ' + OCRD.Phone2
    END AS 'Phone2',
    OCPR.Name AS 'Coontact',
    
    CASE 
        WHEN BRANCH.Code = '00000' AND ODPI.DocCur = OADM.MainCurncy THEN N'สำนักงานใหญ่'
        WHEN BRANCH.Code = '00000' AND ODPI.DocCur <> OADM.MainCurncy THEN 'Head office'
        WHEN BRANCH.Code <> '00000' AND ODPI.DocCur = OADM.MainCurncy THEN concat(N'สาขาที่' ,' ',BRANCH.Code)
        WHEN BRANCH.Code <> '00000' AND ODPI.DocCur <> OADM.MainCurncy THEN concat('Branch' ,' ',BRANCH.Code)
    END AS 'GLN_H',
    
    CASE 
        WHEN CRD1.GlblLocNum = '00000' AND ODPI.DocCur = OADM.MainCurncy THEN N'(สำนักงานใหญ่)'
        WHEN CRD1.GlblLocNum = '00000' AND ODPI.DocCur <> OADM.MainCurncy THEN '(Head office)'
        WHEN CRD1.GlblLocNum <> '00000' AND ODPI.DocCur = OADM.MainCurncy THEN concat(N'(สาขาที่' ,' ',CRD1.GlblLocNum,')')
        WHEN CRD1.GlblLocNum <> '00000' AND ODPI.DocCur <> OADM.MainCurncy THEN concat('(Branch' ,' ',CRD1.GlblLocNum,')')
        WHEN CRD1.GlblLocNum = '' OR CRD1.GlblLocNum IS NULL THEN ''
    END AS 'GLN_BP',
    
    CASE
        WHEN ODPI.Printed = 'N' AND ODPI.DocCur <> OADM.MainCurncy THEN 'Original'
        WHEN ODPI.Printed = 'N' AND ODPI.DocCur = OADM.MainCurncy THEN N'ต้นฉบับ'
        WHEN ODPI.Printed = 'Y' AND ODPI.DocCur <> OADM.MainCurncy THEN 'Copy'
        WHEN ODPI.Printed = 'Y' AND ODPI.DocCur = OADM.MainCurncy THEN N'สำเนา'
    END AS 'Print Status',
    
    NNM1.BeginStr,
    ODPI.DocEntry,
    ODPI.DocNum,
    ODPI.DocDate,
    ODPI.CardCode,
    NULL AS 'unitmsr',
    ODPI.NumAtCard,
    CAST(NULL AS INT) AS 'No.',
    DPI1.LineNum AS 'Line No.',
    ODPI.[Address],
    OCRD.U_SLD_Title,
    OCRD.U_SLD_FullName,
    CRD1.GlblLocNum,
    OCRD.Phone1,
    ISNULL(OCRD.Phone2,'') AS 'Phone2_2',
    OCRD.Fax,
    ODPI.LicTradNum,
    
    CASE 
         WHEN OCTG.PymntGroup = N'เงินสด' THEN 'Cash'
         WHEN OCTG.PymntGroup = N'120 วัน' THEN '120 Days'
         WHEN OCTG.PymntGroup = N'90 วัน' THEN '90 Days'
         WHEN OCTG.PymntGroup = N'60 วัน' THEN '60 Days'
         WHEN OCTG.PymntGroup = N'45 วัน' THEN '45 Days'
         WHEN OCTG.PymntGroup = N'30 วัน' THEN '30 Days'
         WHEN OCTG.PymntGroup = N'15 วัน' THEN '15 Days'
         WHEN OCTG.PymntGroup = N'7 วัน' THEN '7 Days'
         WHEN OCTG.PymntGroup = N'3 วัน' THEN '3 Days'
    END AS 'PaymentEng',
    
    ODPI.DocDueDate,
    NULL AS 'ItemCode',
    CAST(DPI10.LineText AS NVARCHAR(4000)) AS 'Dscription',
    NULL AS 'Quantity',
    ODPI.Comments,
    ODPI.DocCur,
    NULL AS 'PriceBefDi',
    NULL AS 'LineTotal',
    
    CASE WHEN ODPI.DocCur = 'THB' THEN ODPI.VatSum ELSE ODPI.VatSumFC END AS 'VatSum',
    CASE WHEN ODPI.DocCur = 'THB' THEN ODPI.DocTotal ELSE ODPI.DocTotalFC END AS 'DocTotal',
    CASE WHEN ODPI.DocCur = 'THB' THEN ODPI.DpmAmnt ELSE ODPI.DpmAmntFC END AS 'DpmAmnt',
    
    (SELECT CASE WHEN ODPI.DocCur = 'THB' THEN SUM(L.LineTotal) ELSE SUM(L.TotalFrgn) END
        FROM DPI1 L WHERE L.DocEntry = ODPI.DocEntry
    ) AS 'Sum_LineTotal_All',
    
    ODPI.dpmprcnt,
    RCT1.CheckNum,
    RCT1.[CheckSum],
    RCT1.DueDate AS 'Check Date',
    SUM(ORCT.CashSum) OVER(PARTITION BY ODPI.DocEntry) AS 'CashSum',
    SUM(ORCT.TrsfrSum) OVER(PARTITION BY ODPI.DocEntry) AS 'TrsfrSum',
    ODSC.BankName,
    'T' AS 'LineType',
    OSLP.U_Name_Foreign AS 'Name',
    OCPR.Cellolar AS 'Tel1',
    OCPR.E_MailL,
    QPJ.Project,
    NULL AS UgpCode,
    COALESCE(DPI1.VisOrder, -1) AS 'Sort_VisOrder',
    1 AS 'Sort_IsText',
    DPI10.LineSeq AS 'Sort_Seq'

FROM ODPI
INNER JOIN DPI10 ON ODPI.DocEntry = DPI10.DocEntry
LEFT JOIN DPI1 ON DPI10.DocEntry = DPI1.DocEntry AND DPI10.AftLineNum = DPI1.LineNum
OUTER APPLY (
    SELECT TOP 1 P.Project 
    FROM DPI1 P 
    WHERE P.DocEntry = ODPI.DocEntry 
      AND P.Project IS NOT NULL 
      AND P.Project <> ''
) QPJ
LEFT JOIN DPI12 ON ODPI.DocEntry = DPI12.DocEntry
LEFT JOIN NNM1 ON ODPI.Series = NNM1.Series 
LEFT JOIN OCRD ON ODPI.CardCode = OCRD.CardCode 
LEFT JOIN OCPR ON ODPI.CntctCode = OCPR.CntctCode
LEFT JOIN CRD1 ON (OCRD.CardCode = CRD1.CardCode AND ODPI.PayToCode = CRD1.[Address] AND CRD1.AdresType ='B')
LEFT JOIN OCRY ON CRD1.Country = OCRY.Code
LEFT JOIN OSLP ON ODPI.SlpCode = OSLP.SlpCode 
LEFT JOIN OCTG ON ODPI.GroupNum = OCTG.GroupNum 
LEFT JOIN OHEM ON ODPI.OwnerCode = OHEM.empID
LEFT JOIN OUSR ON ODPI.UserSign = OUSR.USERID
LEFT JOIN OPRJ ON QPJ.Project = OPRJ.PrjCode 
LEFT JOIN ORCT ON ODPI.ReceiptNum = ORCT.DocEntry
LEFT JOIN RCT1 ON ORCT.DocEntry = RCT1.DocNum
LEFT JOIN RCT2 ON ORCT.DocNum = RCT2.DocEntry
LEFT JOIN ODSC ON RCT1.BankCode = ODSC.BankCode
LEFT JOIN [dbo].[@SLDT_SET_BRANCH] BRANCH ON ODPI.U_SLD_LVatBranch = BRANCH.Code
CROSS JOIN OADM

WHERE ODPI.DocEntry = {?DocKey@}
  AND {?ObjectId@} = '203'

UNION ALL
-- ========================================================
-- 2.1 item rows of the draft document (ODRF)
-- ========================================================
SELECT DISTINCT
    CRD1.Street     AS '1Bill',
    CRD1.State        AS StateB,
    OCRY.Name         AS 'CountryName',
    CRD1.StreetNo   AS '2Bill',
    CRD1.Block      AS '3Bill',
    CRD1.City       AS '4Bill',
    CRD1.County     AS '5Bill',
    CRD1.ZipCode    AS '6Bill',
    DPI12.StreetS     AS '1Ship',
    DPI12.StreetNoS   AS '2Ship',
    DPI12.BlockS      AS '3Ship',
    DPI12.CityS       AS '4Ship',
    DPI12.CountyS     AS '5Ship',
    DPI12.ZipCodeS    AS '6Ship',
    
    CASE 
        WHEN OCRD.Phone2 IS NULL THEN ''
        WHEN OCRD.Phone2 IS NOT NULL THEN ', ' + OCRD.Phone2
    END AS 'Phone2',
    OCPR.Name AS 'Coontact',
    
    CASE 
        WHEN BRANCH.Code = '00000' AND ODPI.DocCur = OADM.MainCurncy THEN N'สำนักงานใหญ่'
        WHEN BRANCH.Code = '00000' AND ODPI.DocCur <> OADM.MainCurncy THEN 'Head office'
        WHEN BRANCH.Code <> '00000' AND ODPI.DocCur = OADM.MainCurncy THEN concat(N'สาขาที่' ,' ',BRANCH.Code)
        WHEN BRANCH.Code <> '00000' AND ODPI.DocCur <> OADM.MainCurncy THEN concat('Branch' ,' ',BRANCH.Code)
    END AS 'GLN_H',
    
    CASE 
        WHEN CRD1.GlblLocNum = '00000' AND ODPI.DocCur = OADM.MainCurncy THEN N'(สำนักงานใหญ่)'
        WHEN CRD1.GlblLocNum = '00000' AND ODPI.DocCur <> OADM.MainCurncy THEN '(Head office)'
        WHEN CRD1.GlblLocNum <> '00000' AND ODPI.DocCur = OADM.MainCurncy THEN concat(N'(สาขาที่' ,' ',CRD1.GlblLocNum,')')
        WHEN CRD1.GlblLocNum <> '00000' AND ODPI.DocCur <> OADM.MainCurncy THEN concat('(Branch' ,' ',CRD1.GlblLocNum,')')
        WHEN CRD1.GlblLocNum = '' OR CRD1.GlblLocNum IS NULL THEN ''
    END AS 'GLN_BP',
    
    CASE
        WHEN ODPI.Printed = 'N' AND ODPI.DocCur <> OADM.MainCurncy THEN 'Original'
        WHEN ODPI.Printed = 'N' AND ODPI.DocCur = OADM.MainCurncy THEN N'ต้นฉบับ'
        WHEN ODPI.Printed = 'Y' AND ODPI.DocCur <> OADM.MainCurncy THEN 'Copy'
        WHEN ODPI.Printed = 'Y' AND ODPI.DocCur = OADM.MainCurncy THEN N'สำเนา'
    END AS 'Print Status',
    
    NNM1.BeginStr,
    ODPI.DocEntry,
    ODPI.DocNum,
    ODPI.DocDate,
    ODPI.CardCode,
    DPI1.unitmsr,
    ODPI.NumAtCard,
    
    (DPI1.VisOrder + 1) AS 'No.',
    DPI1.LineNum AS 'Line No.',
    
    ODPI.[Address],
    OCRD.U_SLD_Title,
    OCRD.U_SLD_FullName,
    CRD1.GlblLocNum,
    OCRD.Phone1,
    ISNULL(OCRD.Phone2,'') AS 'Phone2_2',
    OCRD.Fax,
    ODPI.LicTradNum,
    
    CASE 
         WHEN OCTG.PymntGroup = N'เงินสด' THEN 'Cash'
         WHEN OCTG.PymntGroup = N'120 วัน' THEN '120 Days'
         WHEN OCTG.PymntGroup = N'90 วัน' THEN '90 Days'
         WHEN OCTG.PymntGroup = N'60 วัน' THEN '60 Days'
         WHEN OCTG.PymntGroup = N'45 วัน' THEN '45 Days'
         WHEN OCTG.PymntGroup = N'30 วัน' THEN '30 Days'
         WHEN OCTG.PymntGroup = N'15 วัน' THEN '15 Days'
         WHEN OCTG.PymntGroup = N'7 วัน' THEN '7 Days'
         WHEN OCTG.PymntGroup = N'3 วัน' THEN '3 Days'
    END AS 'PaymentEng',
    
    ODPI.DocDueDate,
    DPI1.ItemCode,
    DPI1.Dscription AS 'Dscription',
    DPI1.Quantity,
    ODPI.Comments,
    ODPI.DocCur,
    
    DPI1.PriceBefDi AS 'PriceBefDi',
    CASE 
        WHEN ODPI.DocCur = 'THB' THEN DPI1.LineTotal 
        ELSE DPI1.TotalFrgn 
    END AS 'LineTotal',
    
    CASE WHEN ODPI.DocCur = 'THB' THEN ODPI.VatSum ELSE ODPI.VatSumFC END AS 'VatSum',
    CASE WHEN ODPI.DocCur = 'THB' THEN ODPI.DocTotal ELSE ODPI.DocTotalFC END AS 'DocTotal',
    CASE WHEN ODPI.DocCur = 'THB' THEN ODPI.DpmAmnt ELSE ODPI.DpmAmntFC END AS 'DpmAmnt',
    
    (SELECT CASE WHEN ODPI.DocCur = 'THB' THEN SUM(L.LineTotal) ELSE SUM(L.TotalFrgn) END
        FROM DRF1 L WHERE L.DocEntry = ODPI.DocEntry
    ) AS 'Sum_LineTotal_All',
    
    ODPI.dpmprcnt,
    RCT1.CheckNum,
    RCT1.[CheckSum],
    RCT1.DueDate AS 'Check Date',
    CAST(NULL AS NUMERIC(19,6)) AS 'CashSum',
    CAST(NULL AS NUMERIC(19,6)) AS 'TrsfrSum',
    ODSC.BankName,
    DPI1.LineType,
    OSLP.U_Name_Foreign AS 'Name',
    OCPR.Cellolar AS 'Tel1',
    OCPR.E_MailL,
    QPJ.Project,
    ISNULL(NULLIF(OUOM.U_SLD_Uomforeign,''), DPI1.UomCode) AS UgpCode,
    DPI1.VisOrder AS 'Sort_VisOrder',
    0 AS 'Sort_IsText',
    0 AS 'Sort_Seq'

FROM ODRF ODPI
INNER JOIN DRF1 DPI1 ON ODPI.DocEntry = DPI1.DocEntry
OUTER APPLY (
    SELECT TOP 1 P.Project 
    FROM DRF1 P 
    WHERE P.DocEntry = ODPI.DocEntry 
      AND P.Project IS NOT NULL 
      AND P.Project <> ''
) QPJ
LEFT JOIN DRF12 DPI12 ON ODPI.DocEntry = DPI12.DocEntry
LEFT JOIN NNM1 ON ODPI.Series = NNM1.Series 
LEFT JOIN OCRD ON ODPI.CardCode = OCRD.CardCode 
LEFT JOIN OCPR ON ODPI.CntctCode = OCPR.CntctCode
LEFT JOIN CRD1 ON (OCRD.CardCode = CRD1.CardCode AND ODPI.PayToCode = CRD1.[Address] AND CRD1.AdresType ='B')
LEFT JOIN OCRY ON CRD1.Country = OCRY.Code
LEFT JOIN OSLP ON ODPI.SlpCode = OSLP.SlpCode 
LEFT JOIN OCTG ON ODPI.GroupNum = OCTG.GroupNum 
LEFT JOIN OHEM ON ODPI.OwnerCode = OHEM.empID
LEFT JOIN OUSR ON ODPI.UserSign = OUSR.USERID
LEFT JOIN OPRJ ON QPJ.Project = OPRJ.PrjCode 
LEFT JOIN ORCT ON ODPI.ReceiptNum = ORCT.DocEntry
LEFT JOIN RCT1 ON ORCT.DocEntry = RCT1.DocNum
LEFT JOIN RCT2 ON ORCT.DocNum = RCT2.DocEntry
LEFT JOIN ODSC ON RCT1.BankCode = ODSC.BankCode
LEFT JOIN OITM ON DPI1.ItemCode = OITM.ItemCode
LEFT JOIN OUOM ON DPI1.UomCode = OUOM.UomCode
LEFT JOIN [dbo].[@SLDT_SET_BRANCH] BRANCH ON ODPI.U_SLD_LVatBranch = BRANCH.Code
CROSS JOIN OADM

WHERE ODPI.DocEntry = {?DocKey@}
  AND {?ObjectId@} = '112' AND ODPI.ObjType = '203'

UNION ALL
-- ========================================================
-- 2.2 text rows (remarks) of the draft document
-- ========================================================
SELECT DISTINCT
    CRD1.Street     AS '1Bill',
    CRD1.State        AS StateB,
    OCRY.Name         AS 'CountryName',
    CRD1.StreetNo   AS '2Bill',
    CRD1.Block      AS '3Bill',
    CRD1.City       AS '4Bill',
    CRD1.County     AS '5Bill',
    CRD1.ZipCode    AS '6Bill',
    DPI12.StreetS     AS '1Ship',
    DPI12.StreetNoS   AS '2Ship',
    DPI12.BlockS      AS '3Ship',
    DPI12.CityS       AS '4Ship',
    DPI12.CountyS     AS '5Ship',
    DPI12.ZipCodeS    AS '6Ship',
    
    CASE 
        WHEN OCRD.Phone2 IS NULL THEN ''
        WHEN OCRD.Phone2 IS NOT NULL THEN ', ' + OCRD.Phone2
    END AS 'Phone2',
    OCPR.Name AS 'Coontact',
    
    CASE 
        WHEN BRANCH.Code = '00000' AND ODPI.DocCur = OADM.MainCurncy THEN N'สำนักงานใหญ่'
        WHEN BRANCH.Code = '00000' AND ODPI.DocCur <> OADM.MainCurncy THEN 'Head office'
        WHEN BRANCH.Code <> '00000' AND ODPI.DocCur = OADM.MainCurncy THEN concat(N'สาขาที่' ,' ',BRANCH.Code)
        WHEN BRANCH.Code <> '00000' AND ODPI.DocCur <> OADM.MainCurncy THEN concat('Branch' ,' ',BRANCH.Code)
    END AS 'GLN_H',
    
    CASE 
        WHEN CRD1.GlblLocNum = '00000' AND ODPI.DocCur = OADM.MainCurncy THEN N'(สำนักงานใหญ่)'
        WHEN CRD1.GlblLocNum = '00000' AND ODPI.DocCur <> OADM.MainCurncy THEN '(Head office)'
        WHEN CRD1.GlblLocNum <> '00000' AND ODPI.DocCur = OADM.MainCurncy THEN concat(N'(สาขาที่' ,' ',CRD1.GlblLocNum,')')
        WHEN CRD1.GlblLocNum <> '00000' AND ODPI.DocCur <> OADM.MainCurncy THEN concat('(Branch' ,' ',CRD1.GlblLocNum,')')
        WHEN CRD1.GlblLocNum = '' OR CRD1.GlblLocNum IS NULL THEN ''
    END AS 'GLN_BP',
    
    CASE
        WHEN ODPI.Printed = 'N' AND ODPI.DocCur <> OADM.MainCurncy THEN 'Original'
        WHEN ODPI.Printed = 'N' AND ODPI.DocCur = OADM.MainCurncy THEN N'ต้นฉบับ'
        WHEN ODPI.Printed = 'Y' AND ODPI.DocCur <> OADM.MainCurncy THEN 'Copy'
        WHEN ODPI.Printed = 'Y' AND ODPI.DocCur = OADM.MainCurncy THEN N'สำเนา'
    END AS 'Print Status',
    
    NNM1.BeginStr,
    ODPI.DocEntry,
    ODPI.DocNum,
    ODPI.DocDate,
    ODPI.CardCode,
    NULL AS 'unitmsr',
    ODPI.NumAtCard,
    CAST(NULL AS INT) AS 'No.',
    DPI1.LineNum AS 'Line No.',
    ODPI.[Address],
    OCRD.U_SLD_Title,
    OCRD.U_SLD_FullName,
    CRD1.GlblLocNum,
    OCRD.Phone1,
    ISNULL(OCRD.Phone2,'') AS 'Phone2_2',
    OCRD.Fax,
    ODPI.LicTradNum,
    
    CASE 
         WHEN OCTG.PymntGroup = N'เงินสด' THEN 'Cash'
         WHEN OCTG.PymntGroup = N'120 วัน' THEN '120 Days'
         WHEN OCTG.PymntGroup = N'90 วัน' THEN '90 Days'
         WHEN OCTG.PymntGroup = N'60 วัน' THEN '60 Days'
         WHEN OCTG.PymntGroup = N'45 วัน' THEN '45 Days'
         WHEN OCTG.PymntGroup = N'30 วัน' THEN '30 Days'
         WHEN OCTG.PymntGroup = N'15 วัน' THEN '15 Days'
         WHEN OCTG.PymntGroup = N'7 วัน' THEN '7 Days'
         WHEN OCTG.PymntGroup = N'3 วัน' THEN '3 Days'
    END AS 'PaymentEng',
    
    ODPI.DocDueDate,
    NULL AS 'ItemCode',
    CAST(DPI10.LineText AS NVARCHAR(4000)) AS 'Dscription',
    NULL AS 'Quantity',
    ODPI.Comments,
    ODPI.DocCur,
    NULL AS 'PriceBefDi',
    NULL AS 'LineTotal',
    
    CASE WHEN ODPI.DocCur = 'THB' THEN ODPI.VatSum ELSE ODPI.VatSumFC END AS 'VatSum',
    CASE WHEN ODPI.DocCur = 'THB' THEN ODPI.DocTotal ELSE ODPI.DocTotalFC END AS 'DocTotal',
    CASE WHEN ODPI.DocCur = 'THB' THEN ODPI.DpmAmnt ELSE ODPI.DpmAmntFC END AS 'DpmAmnt',
    
    (SELECT CASE WHEN ODPI.DocCur = 'THB' THEN SUM(L.LineTotal) ELSE SUM(L.TotalFrgn) END
        FROM DRF1 L WHERE L.DocEntry = ODPI.DocEntry
    ) AS 'Sum_LineTotal_All',
    
    ODPI.dpmprcnt,
    RCT1.CheckNum,
    RCT1.[CheckSum],
    RCT1.DueDate AS 'Check Date',
    CAST(NULL AS NUMERIC(19,6)) AS 'CashSum',
    CAST(NULL AS NUMERIC(19,6)) AS 'TrsfrSum',
    ODSC.BankName,
    'T' AS 'LineType',
    OSLP.U_Name_Foreign AS 'Name',
    OCPR.Cellolar AS 'Tel1',
    OCPR.E_MailL,
    QPJ.Project,
    NULL AS UgpCode,
    COALESCE(DPI1.VisOrder, -1) AS 'Sort_VisOrder',
    1 AS 'Sort_IsText',
    DPI10.LineSeq AS 'Sort_Seq'

FROM ODRF ODPI
INNER JOIN DRF10 DPI10 ON ODPI.DocEntry = DPI10.DocEntry
LEFT JOIN DRF1 DPI1 ON DPI10.DocEntry = DPI1.DocEntry AND DPI10.AftLineNum = DPI1.LineNum
OUTER APPLY (
    SELECT TOP 1 P.Project 
    FROM DRF1 P 
    WHERE P.DocEntry = ODPI.DocEntry 
      AND P.Project IS NOT NULL 
      AND P.Project <> ''
) QPJ
LEFT JOIN DRF12 DPI12 ON ODPI.DocEntry = DPI12.DocEntry
LEFT JOIN NNM1 ON ODPI.Series = NNM1.Series 
LEFT JOIN OCRD ON ODPI.CardCode = OCRD.CardCode 
LEFT JOIN OCPR ON ODPI.CntctCode = OCPR.CntctCode
LEFT JOIN CRD1 ON (OCRD.CardCode = CRD1.CardCode AND ODPI.PayToCode = CRD1.[Address] AND CRD1.AdresType ='B')
LEFT JOIN OCRY ON CRD1.Country = OCRY.Code
LEFT JOIN OSLP ON ODPI.SlpCode = OSLP.SlpCode 
LEFT JOIN OCTG ON ODPI.GroupNum = OCTG.GroupNum 
LEFT JOIN OHEM ON ODPI.OwnerCode = OHEM.empID
LEFT JOIN OUSR ON ODPI.UserSign = OUSR.USERID
LEFT JOIN OPRJ ON QPJ.Project = OPRJ.PrjCode 
LEFT JOIN ORCT ON ODPI.ReceiptNum = ORCT.DocEntry
LEFT JOIN RCT1 ON ORCT.DocEntry = RCT1.DocNum
LEFT JOIN RCT2 ON ORCT.DocNum = RCT2.DocEntry
LEFT JOIN ODSC ON RCT1.BankCode = ODSC.BankCode
LEFT JOIN [dbo].[@SLDT_SET_BRANCH] BRANCH ON ODPI.U_SLD_LVatBranch = BRANCH.Code 
CROSS JOIN OADM

WHERE ODPI.DocEntry = {?DocKey@}
  AND {?ObjectId@} = '112' AND ODPI.ObjType = '203'

) T0
ORDER BY T0.[Sort_VisOrder] ASC, T0.[Sort_IsText] ASC, T0.[Sort_Seq] ASC
[2026-09-09 17:20:21][INFO] Alias filter: AR_DownPayment
[2026-09-09 17:20:21][INFO] Matched 1 report file(s).
[2026-09-09 17:20:21][INFO] --> C:\GitHub\SDA\Form-Layout_SDA\2. Sales - AR\5. AR Down Payment Invoice\2. AR Down Payment Invoice_DIS\3.AR Down Payment Invoice_ใบแจ้งหนี้เงินค่ามัดจำใบกำกับภาษี\3.AR Down PaymentTax Invoice_Dis_ENG ใบแจ้งหนี้เงินค่ามัดจำใบกำกับภาษี.rpt
[2026-09-09 17:20:22][HIT]     [main] AR_DownPayment: 1 match(es)  (sqlLen=23517, fields=65)
[2026-09-09 17:20:22][OK]         User ID forced to 'sa'
[2026-09-09 17:20:22][OK]         [main] Address: User ID stamped 'sa' (SQL unchanged)
[2026-09-09 17:20:22][OK]         [main] Create: User ID stamped 'sa' (SQL unchanged)
[2026-09-09 17:20:22][OK]         [main] Command: User ID stamped 'sa' (SQL unchanged)
[2026-09-09 17:20:23][OK]     saved (1 replacement(s) in 1 table(s))
[2026-09-09 17:20:23][OK]     verified on disk: 4 command table(s)
[2026-09-09 17:20:24][INFO] ==============================================================
[2026-09-09 17:20:24][INFO] SUMMARY mode=APPLY  filesScanned=1  filesTouched=1  tablesTouched=1  replacements=1  fieldDiff=0  connDiff=0  userLost=0  errCount=0
[2026-09-09 17:20:24][INFO] USER ID ROUTES  keepuser=0  forced=4  fallback=0  noUserToStart=0
[2026-09-09 17:20:24][INFO] ==============================================================
